Source,Target,Weight
Industrial sociology,Deskilling,0.3333333333333333
Industrial sociology,W.E.B. Du Bois,0.3333333333333333
Industrial sociology,Social psychology (sociology),0.3333333333333333
On-the-job training,Human interaction,0.25
On-the-job training,Manager,0.25
On-the-job training,Social cognitive theory,0.25
On-the-job training,Mentor,0.25
Organizational commitment,Sexual harassment,0.01818181818181818
Organizational commitment,Media psychology,0.01818181818181818
Organizational commitment,Workplace bullying,0.01818181818181818
Organizational commitment,List of countries by unemployment rate,0.01818181818181818
Organizational commitment,Gender pay gap,0.01818181818181818
Organizational commitment,Humanistic psychology,0.01818181818181818
Organizational commitment,Termination of employment,0.01818181818181818
Organizational commitment,Performance-related pay,0.01818181818181818
Organizational commitment,Cooperative,0.01818181818181818
Organizational commitment,Sunday scaries,0.01818181818181818
Organizational commitment,Supervisor,0.01818181818181818
Organizational commitment,Personality–job fit theory,0.01818181818181818
Organizational commitment,Organizational effectiveness,0.01818181818181818
Organizational commitment,Sport psychology,0.01818181818181818
Organizational commitment,Wage,0.01818181818181818
Organizational commitment,Community psychology,0.01818181818181818
Organizational commitment,Organization workshop,0.01818181818181818
Organizational commitment,Presenteeism,0.01818181818181818
Organizational commitment,Permanent employment,0.01818181818181818
Organizational commitment,High commitment management,0.01818181818181818
Organizational commitment,Work accident,0.01818181818181818
Organizational commitment,Organizational ethics,0.01818181818181818
Organizational commitment,Schedule (workplace),0.01818181818181818
Organizational commitment,Organizational theory,0.01818181818181818
Organizational commitment,Cellular organizational structure,0.01818181818181818
Organizational commitment,Profession,0.01818181818181818
Organizational commitment,Organizational engineering,0.01818181818181818
Organizational commitment,Organizational performance,0.01818181818181818
Organizational commitment,Organizational justice,0.01818181818181818
Organizational commitment,Positive psychology,0.01818181818181818
Organizational commitment,Self-report inventory,0.01818181818181818
Organizational commitment,Person–environment fit,0.01818181818181818
Organizational commitment,Contingent work,0.01818181818181818
Organizational commitment,Organization development,0.01818181818181818
Organizational commitment,Outline of organizational theory,0.01818181818181818
Organizational commitment,Workplace harassment,0.01818181818181818
Organizational commitment,Remote work,0.01818181818181818
Organizational commitment,Executive search,0.01818181818181818
Organizational commitment,Comparative psychology,0.01818181818181818
Organizational commitment,Abnormal psychology,0.01818181818181818
Organizational commitment,Organizational diagnostics,0.01818181818181818
Organizational commitment,Person-environment fit,0.01818181818181818
Organizational commitment,Industrial and organizational psychology,0.01818181818181818
Organizational commitment,Job satisfaction,0.01818181818181818
Organizational commitment,Realistic job preview,0.01818181818181818
Organizational commitment,Shift work,0.01818181818181818
Organizational commitment,Temporary work,0.01818181818181818
Organizational commitment,Exit interview,0.01818181818181818
Organizational commitment,Mentorship,0.01818181818181818
Organizational commitment,Employee benefits,0.01818181818181818
Organizational commitment,Pink slip (employment),0.01818181818181818
Organizational commitment,Psychologist,0.01818181818181818
Organizational commitment,Retirement,0.01818181818181818
Organizational commitment,Sick leave,0.01818181818181818
Organizational commitment,Epilepsy and employment,0.01818181818181818
Workplace impact of artificial intelligence,Workwear,0.25
Workplace impact of artificial intelligence,Deskilling,0.25
Workplace impact of artificial intelligence,Technical standard,0.25
Workplace impact of artificial intelligence,Decision support system,0.25
Sexual harassment,Workplace bullying,0.02857142857142857
Sexual harassment,List of countries by unemployment rate,0.02857142857142857
Sexual harassment,Power distance,0.02857142857142857
Sexual harassment,Gender pay gap,0.02857142857142857
Sexual harassment,Termination of employment,0.02857142857142857
Sexual harassment,Taste-based discrimination,0.02857142857142857
Sexual harassment,Performance-related pay,0.02857142857142857
Sexual harassment,Cooperative,0.02857142857142857
Sexual harassment,Sunday scaries,0.02857142857142857
Sexual harassment,Supervisor,0.02857142857142857
Sexual harassment,Wage,0.02857142857142857
Sexual harassment,Permanent employment,0.02857142857142857
Sexual harassment,Work accident,0.02857142857142857
Sexual harassment,Executive Order 13087,0.02857142857142857
Sexual harassment,Sex workers' rights,0.02857142857142857
Sexual harassment,Person–environment fit,0.02857142857142857
Sexual harassment,Contingent work,0.02857142857142857
Sexual harassment,Workplace harassment,0.02857142857142857
Sexual harassment,Remote work,0.02857142857142857
Sexual harassment,Social exclusion,0.02857142857142857
Sexual harassment,Executive search,0.02857142857142857
Sexual harassment,White privilege,0.02857142857142857
Sexual harassment,Job satisfaction,0.02857142857142857
Sexual harassment,Shift work,0.02857142857142857
Sexual harassment,Temporary work,0.02857142857142857
Sexual harassment,Exit interview,0.02857142857142857
Sexual harassment,Mentorship,0.02857142857142857
Sexual harassment,Sex discrimination,0.02857142857142857
Sexual harassment,Employee benefits,0.02857142857142857
Sexual harassment,Pink slip (employment),0.02857142857142857
Sexual harassment,Retirement,0.02857142857142857
Sexual harassment,"The Sexual Harassment of Women at Workplace (Prevention, Prohibition and Redressal) Act, 2013",0.02857142857142857
Sexual harassment,Social privilege,0.02857142857142857
Sexual harassment,Sick leave,0.02857142857142857
Sexual harassment,Epilepsy and employment,0.02857142857142857
Caste system in India,Castes in India,0.16666666666666666
Caste system in India,Ethnic relations in India,0.16666666666666666
Caste system in India,Positive discrimination,0.16666666666666666
Caste system in India,Ranked society,0.16666666666666666
Caste system in India,Geneticist,0.16666666666666666
Caste system in India,Ethnographic,0.16666666666666666
Work motivation,Fringe benefits,0.3333333333333333
Work motivation,Work design,0.3333333333333333
Work motivation,SMART criteria,0.3333333333333333
Media psychology,Public relations,0.2
Media psychology,Internet addiction disorder,0.2
Media psychology,Human-interest story,0.2
Media psychology,Entertainment,0.2
Media psychology,Social media,0.2
Dead-end job,Organizational commitment,0.02127659574468085
Dead-end job,Sexual harassment,0.02127659574468085
Dead-end job,Corporate ladder,0.02127659574468085
Dead-end job,Workplace bullying,0.02127659574468085
Dead-end job,List of countries by unemployment rate,0.02127659574468085
Dead-end job,Gender pay gap,0.02127659574468085
Dead-end job,Job (role),0.02127659574468085
Dead-end job,Termination of employment,0.02127659574468085
Dead-end job,Performance-related pay,0.02127659574468085
Dead-end job,Cooperative,0.02127659574468085
Dead-end job,On-call,0.02127659574468085
Dead-end job,Sunday scaries,0.02127659574468085
Dead-end job,Occupational safety and health,0.02127659574468085
Dead-end job,Supervisor,0.02127659574468085
Dead-end job,Layoff,0.02127659574468085
Dead-end job,Personality–job fit theory,0.02127659574468085
Dead-end job,Internal Auditor,0.02127659574468085
Dead-end job,Internship,0.02127659574468085
Dead-end job,Wage,0.02127659574468085
Dead-end job,Presenteeism,0.02127659574468085
Dead-end job,Permanent employment,0.02127659574468085
Dead-end job,Work accident,0.02127659574468085
Dead-end job,Schedule (workplace),0.02127659574468085
Dead-end job,Profession,0.02127659574468085
Dead-end job,Person–environment fit,0.02127659574468085
Dead-end job,Contingent work,0.02127659574468085
Dead-end job,Cleaner,0.02127659574468085
Dead-end job,Workplace harassment,0.02127659574468085
Dead-end job,Grey-collar,0.02127659574468085
Dead-end job,Remote work,0.02127659574468085
Dead-end job,Minimum wage,0.02127659574468085
Dead-end job,Employment counsellor,0.02127659574468085
Dead-end job,Executive search,0.02127659574468085
Dead-end job,Job satisfaction,0.02127659574468085
Dead-end job,Realistic job preview,0.02127659574468085
Dead-end job,Shift work,0.02127659574468085
Dead-end job,Temporary work,0.02127659574468085
Dead-end job,Temporary employment,0.02127659574468085
Dead-end job,Exit interview,0.02127659574468085
Dead-end job,Discouraged worker,0.02127659574468085
Dead-end job,Mentorship,0.02127659574468085
Dead-end job,Employee benefits,0.02127659574468085
Dead-end job,Pink slip (employment),0.02127659574468085
Dead-end job,Equal opportunity,0.02127659574468085
Dead-end job,Retirement,0.02127659574468085
Dead-end job,Sick leave,0.02127659574468085
Dead-end job,Epilepsy and employment,0.02127659574468085
Emotions in the workplace,Sexual harassment,0.041666666666666664
Emotions in the workplace,Organizational culture,0.041666666666666664
Emotions in the workplace,Turnover (employment),0.041666666666666664
Emotions in the workplace,Interpersonal relationship,0.041666666666666664
Emotions in the workplace,Supervisor,0.041666666666666664
Emotions in the workplace,Generations in the workforce,0.041666666666666664
Emotions in the workplace,Workplace politics,0.041666666666666664
Emotions in the workplace,Probation (workplace),0.041666666666666664
Emotions in the workplace,Job turnover,0.041666666666666664
Emotions in the workplace,Employee engagement,0.041666666666666664
Emotions in the workplace,Organizational conflict,0.041666666666666664
Emotions in the workplace,American Management Association,0.041666666666666664
Emotions in the workplace,Positive psychology in the workplace,0.041666666666666664
Emotions in the workplace,Happiness at work,0.041666666666666664
Emotions in the workplace,Workplace health promotion,0.041666666666666664
Emotions in the workplace,Employee assistance program,0.041666666666666664
Emotions in the workplace,Job,0.041666666666666664
Emotions in the workplace,Virtual workplace,0.041666666666666664
Emotions in the workplace,Trade union,0.041666666666666664
Emotions in the workplace,Office,0.041666666666666664
Emotions in the workplace,Stressor,0.041666666666666664
Emotions in the workplace,Social context,0.041666666666666664
Emotions in the workplace,Emotional intelligence,0.041666666666666664
Emotions in the workplace,Employee recognition,0.041666666666666664
Workers' self-management,Co-operatives,0.07692307692307693
Workers' self-management,International Co-operative Alliance,0.07692307692307693
Workers' self-management,Recovered factory,0.07692307692307693
Workers' self-management,Works council,0.07692307692307693
Workers' self-management,Mondragón Corporation,0.07692307692307693
Workers' self-management,Mondragon Cooperative Corporation,0.07692307692307693
Workers' self-management,W. E. B. Du Bois,0.07692307692307693
Workers' self-management,Open allocation,0.07692307692307693
Workers' self-management,Employee ownership,0.07692307692307693
Workers' self-management,Social movement,0.07692307692307693
Workers' self-management,Voluntary association,0.07692307692307693
Workers' self-management,Social enterprise,0.07692307692307693
Workers' self-management,Statement on the Co-operative Identity,0.07692307692307693
Social entrepreneurship,Community development,0.1
Social entrepreneurship,Virtual management,0.1
Social entrepreneurship,Microfinance,0.1
Social entrepreneurship,Public health nurse,0.1
Social entrepreneurship,Microfranchising,0.1
Social entrepreneurship,Staff management,0.1
Social entrepreneurship,Social worker,0.1
Social entrepreneurship,Social enterprise,0.1
Social entrepreneurship,Systems management,0.1
Social entrepreneurship,Mentor,0.1
Cross-cultural leadership,Power distance,0.25
Cross-cultural leadership,Management,0.25
Cross-cultural leadership,Hofstede,0.25
Cross-cultural leadership,Uncertainty avoidance,0.25
Manual labour,Offshoring,0.5
Manual labour,Ethnic group,0.5
Merger and acquisition,Cash flow statement,0.16666666666666666
Merger and acquisition,Social accounting,0.16666666666666666
Merger and acquisition,Internal audit,0.16666666666666666
Merger and acquisition,Proxy fight,0.16666666666666666
Merger and acquisition,Management due diligence,0.16666666666666666
Merger and acquisition,Corporate advisory,0.16666666666666666
Participative management,Eco-tourism,0.5
Participative management,Management styles,0.5
Business relations,Brand loyalty,0.3333333333333333
Business relations,Customer loyalty,0.3333333333333333
Business relations,McKinsey Global Institute,0.3333333333333333
Sociotechnical system,Job design,0.25
Sociotechnical system,Social epistemology,0.25
Sociotechnical system,Job rotation,0.25
Sociotechnical system,Work design,0.25
Developmental coordination disorder,Speech error,1.0
Organizational culture,Organizational commitment,0.022727272727272728
Organizational culture,Cross-cultural leadership,0.022727272727272728
Organizational culture,Mergers and acquisitions,0.022727272727272728
Organizational culture,Turnover (employment),0.022727272727272728
Organizational culture,Matrix management,0.022727272727272728
Organizational culture,Change management,0.022727272727272728
Organizational culture,Cooperative,0.022727272727272728
Organizational culture,Talent management,0.022727272727272728
Organizational culture,Diversity ideologies,0.022727272727272728
Organizational culture,Geert Hofstede,0.022727272727272728
Organizational culture,Occupational safety and health,0.022727272727272728
Organizational culture,Employee performance,0.022727272727272728
Organizational culture,Organizational effectiveness,0.022727272727272728
Organizational culture,Cross-cultural capital,0.022727272727272728
Organizational culture,International business,0.022727272727272728
Organizational culture,Human resource management,0.022727272727272728
Organizational culture,Presenteeism,0.022727272727272728
Organizational culture,Organizational ethics,0.022727272727272728
Organizational culture,Organizational theory,0.022727272727272728
Organizational culture,Management style,0.022727272727272728
Organizational culture,Business process,0.022727272727272728
Organizational culture,Relational mobility,0.022727272727272728
Organizational culture,Safety culture,0.022727272727272728
Organizational culture,Organizational performance,0.022727272727272728
Organizational culture,Performance management,0.022727272727272728
Organizational culture,Organizational justice,0.022727272727272728
Organizational culture,Outline of organizational theory,0.022727272727272728
Organizational culture,Asset management,0.022727272727272728
Organizational culture,Daniel R. Denison,0.022727272727272728
Organizational culture,Organizational diagnostics,0.022727272727272728
Organizational culture,Company,0.022727272727272728
Organizational culture,Realistic job preview,0.022727272727272728
Organizational culture,Business culture,0.022727272727272728
Organizational culture,Precarious work,0.022727272727272728
Organizational culture,Cross cultural sensitivity,0.022727272727272728
Organizational culture,Cross-cultural,0.022727272727272728
Organizational culture,Organization theory,0.022727272727272728
Organizational culture,Cultural unitarism,0.022727272727272728
Organizational culture,Chief human resources officer,0.022727272727272728
Organizational culture,Dominant culture,0.022727272727272728
Organizational culture,Uncertainty avoidance,0.022727272727272728
Organizational culture,Managers,0.022727272727272728
Organizational culture,Sole proprietorship,0.022727272727272728
Organizational culture,Legal culture,0.022727272727272728
Mergers and acquisitions,Cash flow statement,0.14285714285714285
Mergers and acquisitions,Social accounting,0.14285714285714285
Mergers and acquisitions,Internal audit,0.14285714285714285
Mergers and acquisitions,Proxy fight,0.14285714285714285
Mergers and acquisitions,Management due diligence,0.14285714285714285
Mergers and acquisitions,Employee benefits,0.14285714285714285
Mergers and acquisitions,Corporate advisory,0.14285714285714285
Organizational development,Organizational identity,0.25
Organizational development,Enterprise performance management,0.25
Organizational development,Leadership style,0.25
Organizational development,Team,0.25
Participatory modeling,Public participation GIS,1.0
Turnover (employment),Organizational commitment,0.03225806451612903
Turnover (employment),Sexual harassment,0.03225806451612903
Turnover (employment),Dead-end job,0.03225806451612903
Turnover (employment),Adaptive performance,0.03225806451612903
Turnover (employment),Cooperative,0.03225806451612903
Turnover (employment),On-call,0.03225806451612903
Turnover (employment),Sunday scaries,0.03225806451612903
Turnover (employment),Occupational safety and health,0.03225806451612903
Turnover (employment),Supervisor,0.03225806451612903
Turnover (employment),Layoff,0.03225806451612903
Turnover (employment),Personality–job fit theory,0.03225806451612903
Turnover (employment),Workplace politics,0.03225806451612903
Turnover (employment),Great Resignation,0.03225806451612903
Turnover (employment),Internship,0.03225806451612903
Turnover (employment),Wage,0.03225806451612903
Turnover (employment),Presenteeism,0.03225806451612903
Turnover (employment),Schedule (workplace),0.03225806451612903
Turnover (employment),Career counseling,0.03225806451612903
Turnover (employment),Profession,0.03225806451612903
Turnover (employment),Organizational justice,0.03225806451612903
Turnover (employment),Workplace health promotion,0.03225806451612903
Turnover (employment),Grey-collar,0.03225806451612903
Turnover (employment),Minimum wage,0.03225806451612903
Turnover (employment),Employment counsellor,0.03225806451612903
Turnover (employment),Realistic job preview,0.03225806451612903
Turnover (employment),Shift work,0.03225806451612903
Turnover (employment),Temporary work,0.03225806451612903
Turnover (employment),Discouraged worker,0.03225806451612903
Turnover (employment),Virtual workplace,0.03225806451612903
Turnover (employment),Employee retention,0.03225806451612903
Turnover (employment),Equal opportunity,0.03225806451612903
Pen-down strike,Grievance (labour),0.2
Pen-down strike,Social movement unionism,0.2
Pen-down strike,Union organizer,0.2
Pen-down strike,Company union,0.2
Pen-down strike,Social support,0.2
Workplace bullying,Workplace impact of artificial intelligence,0.07142857142857142
Workplace bullying,Interpersonal relationships,0.07142857142857142
Workplace bullying,Industrial/organizational psychology,0.07142857142857142
Workplace bullying,Workwear,0.07142857142857142
Workplace bullying,Sarah J. Tracy,0.07142857142857142
Workplace bullying,Manfred F.R. Kets de Vries,0.07142857142857142
Workplace bullying,Employee assistance programs,0.07142857142857142
Workplace bullying,Workplace harassment,0.07142857142857142
Workplace bullying,Just culture,0.07142857142857142
Workplace bullying,Social exclusion,0.07142857142857142
Workplace bullying,Mushroom management,0.07142857142857142
Workplace bullying,Corporation,0.07142857142857142
Workplace bullying,Industrial and organizational psychology,0.07142857142857142
Workplace bullying,Quality of working life,0.07142857142857142
Economy,Social economy,0.3333333333333333
Economy,Universal access to education,0.3333333333333333
Economy,Business economics,0.3333333333333333
Social Movement Unionism,Human migration,0.5
Social Movement Unionism,Union organizer,0.5
Chief sustainability officer,External stakeholders,1.0
Lockout (industry),Pen-down strike,0.125
Lockout (industry),Social movement unionism,0.125
Lockout (industry),Decent work,0.125
Lockout (industry),Recovered factory,0.125
Lockout (industry),US labor law,0.125
Lockout (industry),Union busting,0.125
Lockout (industry),Neurodiversity and labor rights,0.125
Lockout (industry),Sick leave,0.125
Third Way,Pluralism (political theory),0.16666666666666666
Third Way,Social democracy in the United States,0.16666666666666666
Third Way,Tripartism,0.16666666666666666
Third Way,W. E. B. Du Bois,0.16666666666666666
Third Way,Populism,0.16666666666666666
Third Way,Liberal corporatism,0.16666666666666666
Social economy,Hybrid organization,0.3333333333333333
Social economy,Social enterprise,0.3333333333333333
Social economy,Paritarian institution,0.3333333333333333
List of countries by unemployment rate,List of sovereign states by unemployment rate,0.07142857142857142
List of countries by unemployment rate,Workplace bullying,0.07142857142857142
List of countries by unemployment rate,Termination of employment,0.07142857142857142
List of countries by unemployment rate,Performance-related pay,0.07142857142857142
List of countries by unemployment rate,Economy of the State of Palestine,0.07142857142857142
List of countries by unemployment rate,Permanent employment,0.07142857142857142
List of countries by unemployment rate,Work accident,0.07142857142857142
List of countries by unemployment rate,Person–environment fit,0.07142857142857142
List of countries by unemployment rate,Workplace harassment,0.07142857142857142
List of countries by unemployment rate,Remote work,0.07142857142857142
List of countries by unemployment rate,Mentorship,0.07142857142857142
List of countries by unemployment rate,Pink slip (employment),0.07142857142857142
List of countries by unemployment rate,Retirement,0.07142857142857142
List of countries by unemployment rate,Sick leave,0.07142857142857142
Power distance,Social exclusion,0.25
Power distance,White privilege,0.25
Power distance,Hofstede's cultural dimensions theory,0.25
Power distance,Social privilege,0.25
Workplace conflict,Organizational commitment,0.047619047619047616
Workplace conflict,Mergers and acquisitions,0.047619047619047616
Workplace conflict,Change management,0.047619047619047616
Workplace conflict,Cooperative,0.047619047619047616
Workplace conflict,Talent management,0.047619047619047616
Workplace conflict,Management,0.047619047619047616
Workplace conflict,Organizational effectiveness,0.047619047619047616
Workplace conflict,International business,0.047619047619047616
Workplace conflict,Human resource management,0.047619047619047616
Workplace conflict,Organizational ethics,0.047619047619047616
Workplace conflict,Organizational theory,0.047619047619047616
Workplace conflict,Business process,0.047619047619047616
Workplace conflict,Organizational performance,0.047619047619047616
Workplace conflict,Performance management,0.047619047619047616
Workplace conflict,Organizational justice,0.047619047619047616
Workplace conflict,Outline of organizational theory,0.047619047619047616
Workplace conflict,Asset management,0.047619047619047616
Workplace conflict,Organizational diagnostics,0.047619047619047616
Workplace conflict,Company,0.047619047619047616
Workplace conflict,Chief human resources officer,0.047619047619047616
Workplace conflict,Sole proprietorship,0.047619047619047616
Distributive justice,Liberal democracy,1.0
Leadership style,Servant leadership,1.0
Employee value proposition,Relocation services,0.5
Employee value proposition,Workforce planning,0.5
Featherbedding,Pen-down strike,0.08333333333333333
Featherbedding,Grievance (labour),0.08333333333333333
Featherbedding,Social movement unionism,0.08333333333333333
Featherbedding,Decent work,0.08333333333333333
Featherbedding,Members-only unionism,0.08333333333333333
Featherbedding,Union organizer,0.08333333333333333
Featherbedding,Union busting,0.08333333333333333
Featherbedding,Labor spying in the United States,0.08333333333333333
Featherbedding,Company union,0.08333333333333333
Featherbedding,Contingent work,0.08333333333333333
Featherbedding,Industrial action,0.08333333333333333
Featherbedding,Social support,0.08333333333333333
Absenteeism,Emotions in the workplace,0.05263157894736842
Absenteeism,Organizational culture,0.05263157894736842
Absenteeism,Turnover (employment),0.05263157894736842
Absenteeism,Workplace conflict,0.05263157894736842
Absenteeism,Generations in the workforce,0.05263157894736842
Absenteeism,Workplace politics,0.05263157894736842
Absenteeism,Probation (workplace),0.05263157894736842
Absenteeism,Employee engagement,0.05263157894736842
Absenteeism,Organizational conflict,0.05263157894736842
Absenteeism,Positive psychology in the workplace,0.05263157894736842
Absenteeism,Happiness at work,0.05263157894736842
Absenteeism,Workplace health promotion,0.05263157894736842
Absenteeism,Employee assistance program,0.05263157894736842
Absenteeism,Job,0.05263157894736842
Absenteeism,Virtual workplace,0.05263157894736842
Absenteeism,Trade union,0.05263157894736842
Absenteeism,Office,0.05263157894736842
Absenteeism,Employee assistantship program,0.05263157894736842
Absenteeism,Employee recognition,0.05263157894736842
Gender pay gap,Workplace bullying,0.038461538461538464
Gender pay gap,State Services Commission,0.038461538461538464
Gender pay gap,Feminization of poverty,0.038461538461538464
Gender pay gap,List of countries by unemployment rate,0.038461538461538464
Gender pay gap,Power distance,0.038461538461538464
Gender pay gap,Gender inequality,0.038461538461538464
Gender pay gap,Termination of employment,0.038461538461538464
Gender pay gap,Performance-related pay,0.038461538461538464
Gender pay gap,Gender bias,0.038461538461538464
Gender pay gap,Women empowerment,0.038461538461538464
Gender pay gap,Permanent employment,0.038461538461538464
Gender pay gap,Work accident,0.038461538461538464
Gender pay gap,Person–environment fit,0.038461538461538464
Gender pay gap,Workplace harassment,0.038461538461538464
Gender pay gap,Remote work,0.038461538461538464
Gender pay gap,Social exclusion,0.038461538461538464
Gender pay gap,Gender and development,0.038461538461538464
Gender pay gap,White privilege,0.038461538461538464
Gender pay gap,Job satisfaction,0.038461538461538464
Gender pay gap,Statistics,0.038461538461538464
Gender pay gap,Mentorship,0.038461538461538464
Gender pay gap,Educational inequality,0.038461538461538464
Gender pay gap,Pink slip (employment),0.038461538461538464
Gender pay gap,Retirement,0.038461538461538464
Gender pay gap,Social privilege,0.038461538461538464
Gender pay gap,Sick leave,0.038461538461538464
Community unionism,Workers' self-management,0.047619047619047616
Community unionism,Pen-down strike,0.047619047619047616
Community unionism,Social Movement Unionism,0.047619047619047616
Community unionism,Featherbedding,0.047619047619047616
Community unionism,Grievance (labour),0.047619047619047616
Community unionism,Social movement unionism,0.047619047619047616
Community unionism,Decent work,0.047619047619047616
Community unionism,Members-only unionism,0.047619047619047616
Community unionism,Union organizer,0.047619047619047616
Community unionism,Labour unions,0.047619047619047616
Community unionism,Outsourcing,0.047619047619047616
Community unionism,Union busting,0.047619047619047616
Community unionism,Labor spying in the United States,0.047619047619047616
Community unionism,Company union,0.047619047619047616
Community unionism,Contingent work,0.047619047619047616
Community unionism,Industrial action,0.047619047619047616
Community unionism,Social movement,0.047619047619047616
Community unionism,Social movements,0.047619047619047616
Community unionism,Voluntary association,0.047619047619047616
Community unionism,Social support,0.047619047619047616
Community unionism,Ethnic group,0.047619047619047616
Humanistic psychology,Media psychology,0.125
Humanistic psychology,Sport psychology,0.125
Humanistic psychology,Social work,0.125
Humanistic psychology,Social environment,0.125
Humanistic psychology,Mindfulness,0.125
Humanistic psychology,Positive psychology,0.125
Humanistic psychology,Self-report inventory,0.125
Humanistic psychology,Self-help,0.125
Manual labor,Ethnic group,1.0
Job (role),Economy,0.09090909090909091
Job (role),Manual labor,0.09090909090909091
Job (role),Workwear,0.09090909090909091
Job (role),Problem solving,0.09090909090909091
Job (role),Remote work,0.09090909090909091
Job (role),Corporation,0.09090909090909091
Job (role),Housekeeping,0.09090909090909091
Job (role),Corporate,0.09090909090909091
Job (role),Retirement,0.09090909090909091
Job (role),Sick leave,0.09090909090909091
Job (role),McKinsey & Company,0.09090909090909091
Liberal democracy,Third Way,0.1111111111111111
Liberal democracy,Substantive democracy,0.1111111111111111
Liberal democracy,Pluralist democracy,0.1111111111111111
Liberal democracy,Social services,0.1111111111111111
Liberal democracy,Populism,0.1111111111111111
Liberal democracy,Liberal corporatism,0.1111111111111111
Liberal democracy,Ethnic group,0.1111111111111111
Liberal democracy,E-democracy,0.1111111111111111
Liberal democracy,Steven Levitt,0.1111111111111111
Gender inequality,Feminization of poverty,0.05
Gender inequality,Social construction of gender,0.05
Gender inequality,Sex differences in leadership,0.05
Gender inequality,Workwear,0.05
Gender inequality,Deskilling,0.05
Gender inequality,Purplewashing,0.05
Gender inequality,Catalyst (nonprofit organization),0.05
Gender inequality,Global feminism,0.05
Gender inequality,Women's suffrage in Wales,0.05
Gender inequality,Social stress,0.05
Gender inequality,Sex workers' rights,0.05
Gender inequality,Invisible labor,0.05
Gender inequality,Women's empowerment,0.05
Gender inequality,Social protection,0.05
Gender inequality,Women in Vietnam,0.05
Gender inequality,History of feminism,0.05
Gender inequality,Mythopoetic men's movement,0.05
Gender inequality,Marginalization,0.05
Gender inequality,Gender differences in social support,0.05
Gender inequality,Pro-feminism,0.05
Termination of employment,Workplace bullying,0.25
Termination of employment,Economy,0.25
Termination of employment,Work accident,0.25
Termination of employment,Workplace harassment,0.25
Adaptive performance,Team composition,0.3333333333333333
Adaptive performance,Stressors,0.3333333333333333
Adaptive performance,Transformational leadership,0.3333333333333333
Taste-based discrimination,Power distance,0.2
Taste-based discrimination,Gender pay gap,0.2
Taste-based discrimination,Social exclusion,0.2
Taste-based discrimination,White privilege,0.2
Taste-based discrimination,Social privilege,0.2
Grievance (labour),Union organizer,1.0
Participatory management,Eco-tourism,0.5
Participatory management,Management styles,0.5
Safety training,Workplace impact of artificial intelligence,0.25
Safety training,Suunto,0.25
Safety training,University of Minnesota School of Public Health,0.25
Safety training,Social cognitive theory,0.25
Social construction of gender,Pluralistic ignorance,0.14285714285714285
Social construction of gender,Demography,0.14285714285714285
Social construction of gender,Behavioral contagion,0.14285714285714285
Social construction of gender,Hysterical contagion,0.14285714285714285
Social construction of gender,Gender performativity,0.14285714285714285
Social construction of gender,Alternative media,0.14285714285714285
Social construction of gender,Censorship,0.14285714285714285
Self-enhancement,Self-handicapping,1.0
"Diversity, Equity, and Inclusion",Diversity training,0.1
"Diversity, Equity, and Inclusion",Tokenism,0.1
"Diversity, Equity, and Inclusion",Equality of opportunities,0.1
"Diversity, Equity, and Inclusion",DEI,0.1
"Diversity, Equity, and Inclusion",Diversity education,0.1
"Diversity, Equity, and Inclusion",Corporate Equality Index,0.1
"Diversity, Equity, and Inclusion",Inclusion (disability rights),0.1
"Diversity, Equity, and Inclusion",Human resources,0.1
"Diversity, Equity, and Inclusion",Inclusion (education),0.1
"Diversity, Equity, and Inclusion",Equal opportunity,0.1
Gender discrimination,Gender inequality,0.06666666666666667
Gender discrimination,Social construction of gender,0.06666666666666667
Gender discrimination,Sexism in the technology industry,0.06666666666666667
Gender discrimination,Purplewashing,0.06666666666666667
Gender discrimination,Global feminism,0.06666666666666667
Gender discrimination,Women's suffrage in Wales,0.06666666666666667
Gender discrimination,Sex workers' rights,0.06666666666666667
Gender discrimination,Invisible labor,0.06666666666666667
Gender discrimination,Women's empowerment,0.06666666666666667
Gender discrimination,Women in Vietnam,0.06666666666666667
Gender discrimination,Women in peacekeeping,0.06666666666666667
Gender discrimination,History of feminism,0.06666666666666667
Gender discrimination,Sex discrimination,0.06666666666666667
Gender discrimination,Learning environment,0.06666666666666667
Gender discrimination,Pro-feminism,0.06666666666666667
Impact of the COVID-19 pandemic on people with disabilities,Work from home,0.5
Impact of the COVID-19 pandemic on people with disabilities,Impact of the COVID-19 pandemic on the arts and cultural heritage,0.5
Management consulting,Rhodes Scholars,0.05263157894736842
Management consulting,Social entrepreneurship,0.05263157894736842
Management consulting,Organizational development,0.05263157894736842
Management consulting,Virtual management,0.05263157894736842
Management consulting,Business consultant,0.05263157894736842
Management consulting,Ernst & Young,0.05263157894736842
Management consulting,Business process re-engineering,0.05263157894736842
Management consulting,Organizational behavior management,0.05263157894736842
Management consulting,Staff management,0.05263157894736842
Management consulting,Risk and strategic consulting,0.05263157894736842
Management consulting,Program management,0.05263157894736842
Management consulting,Organizational psychology,0.05263157894736842
Management consulting,Reputation management,0.05263157894736842
Management consulting,Engineering consulting,0.05263157894736842
Management consulting,Environmental consulting,0.05263157894736842
Management consulting,Corporate services,0.05263157894736842
Management consulting,Public sector consulting,0.05263157894736842
Management consulting,Systems management,0.05263157894736842
Management consulting,Industrial psychology,0.05263157894736842
Matrix management,Team,0.5
Matrix management,Organization development,0.5
Change management,Workers' self-management,0.03571428571428571
Change management,Social entrepreneurship,0.03571428571428571
Change management,Mergers and acquisitions,0.03571428571428571
Change management,Organizational development,0.03571428571428571
Change management,Management consulting,0.03571428571428571
Change management,Virtual management,0.03571428571428571
Change management,Team,0.03571428571428571
Change management,Management by objectives,0.03571428571428571
Change management,Talent management,0.03571428571428571
Change management,Industrial and Organizational Psychology,0.03571428571428571
Change management,Human resource management,0.03571428571428571
Change management,Organizational behavior management,0.03571428571428571
Change management,Business process reengineering,0.03571428571428571
Change management,Governance,0.03571428571428571
Change management,Management style,0.03571428571428571
Change management,Executive compensation,0.03571428571428571
Change management,Performance management,0.03571428571428571
Change management,Line management,0.03571428571428571
Change management,Organization development,0.03571428571428571
Change management,Staff management,0.03571428571428571
Change management,Information management,0.03571428571428571
Change management,Program management,0.03571428571428571
Change management,Reputation management,0.03571428571428571
Change management,Innovation management,0.03571428571428571
Change management,Quality circle,0.03571428571428571
Change management,Systems management,0.03571428571428571
Change management,Social media,0.03571428571428571
Change management,McKinsey & Company,0.03571428571428571
Social movement unionism,Human migration,0.2
Social movement unionism,Grievance (labour),0.2
Social movement unionism,Union organizer,0.2
Social movement unionism,Company union,0.2
Social movement unionism,Social support,0.2
Virtual management,Virtual team,0.25
Virtual management,Teamwork,0.25
Virtual management,Distributed development,0.25
Virtual management,Hubstaff,0.25
Urban planning,Pluralist democracy,0.16666666666666666
Urban planning,Office building,0.16666666666666666
Urban planning,Urban development,0.16666666666666666
Urban planning,Development planning,0.16666666666666666
Urban planning,Planning cultures,0.16666666666666666
Urban planning,Urban vitality,0.16666666666666666
Operational performance management,Software performance management,1.0
Interpersonal relationship,Media psychology,0.047619047619047616
Interpersonal relationship,Business relations,0.047619047619047616
Interpersonal relationship,Humanistic psychology,0.047619047619047616
Interpersonal relationship,Sport psychology,0.047619047619047616
Interpersonal relationship,Human relations,0.047619047619047616
Interpersonal relationship,Community psychology,0.047619047619047616
Interpersonal relationship,Impact of prostitution on mental health,0.047619047619047616
Interpersonal relationship,Marriage,0.047619047619047616
Interpersonal relationship,Human relations movement,0.047619047619047616
Interpersonal relationship,Companionship,0.047619047619047616
Interpersonal relationship,Sociology,0.047619047619047616
Interpersonal relationship,Social work,0.047619047619047616
Interpersonal relationship,Social environment,0.047619047619047616
Interpersonal relationship,Positive psychology,0.047619047619047616
Interpersonal relationship,Dominance hierarchy,0.047619047619047616
Interpersonal relationship,Comparative psychology,0.047619047619047616
Interpersonal relationship,Abnormal psychology,0.047619047619047616
Interpersonal relationship,First date,0.047619047619047616
Interpersonal relationship,Industrial and organizational psychology,0.047619047619047616
Interpersonal relationship,Acquaintance,0.047619047619047616
Interpersonal relationship,Social context,0.047619047619047616
Decent work,Pen-down strike,0.09090909090909091
Decent work,Human migration,0.09090909090909091
Decent work,Grievance (labour),0.09090909090909091
Decent work,Social movement unionism,0.09090909090909091
Decent work,Gender bias,0.09090909090909091
Decent work,Union organizer,0.09090909090909091
Decent work,Social protection,0.09090909090909091
Decent work,Company union,0.09090909090909091
Decent work,Equality of opportunity,0.09090909090909091
Decent work,International labour law,0.09090909090909091
Decent work,Social support,0.09090909090909091
Performance-related pay,Workplace bullying,0.07692307692307693
Performance-related pay,Termination of employment,0.07692307692307693
Performance-related pay,Incentive program,0.07692307692307693
Performance-related pay,Compensation of employees,0.07692307692307693
Performance-related pay,Permanent employment,0.07692307692307693
Performance-related pay,Work accident,0.07692307692307693
Performance-related pay,Person–environment fit,0.07692307692307693
Performance-related pay,Workplace harassment,0.07692307692307693
Performance-related pay,Commission (remuneration),0.07692307692307693
Performance-related pay,Remote work,0.07692307692307693
Performance-related pay,Pink slip (employment),0.07692307692307693
Performance-related pay,Retirement,0.07692307692307693
Performance-related pay,Sick leave,0.07692307692307693
Virtual team,Teamwork,0.25
Virtual team,Distributed development,0.25
Virtual team,Hubstaff,0.25
Virtual team,Work design,0.25
COVID-19 pandemic in Turkey,Impact of the COVID-19 pandemic on people with disabilities,0.3333333333333333
COVID-19 pandemic in Turkey,COVID-19 protests in the United States,0.3333333333333333
COVID-19 pandemic in Turkey,Impact of the COVID-19 pandemic on the arts and cultural heritage,0.3333333333333333
Industrial/organizational psychology,Health and safety,0.0625
Industrial/organizational psychology,Problem-solving,0.0625
Industrial/organizational psychology,Hierarchical linear modeling,0.0625
Industrial/organizational psychology,Job analysis,0.0625
Industrial/organizational psychology,Safety climate,0.0625
Industrial/organizational psychology,Multilevel modeling,0.0625
Industrial/organizational psychology,Occupational health and safety,0.0625
Industrial/organizational psychology,Human resources development,0.0625
Industrial/organizational psychology,Individual assessment,0.0625
Industrial/organizational psychology,Focus groups,0.0625
Industrial/organizational psychology,Job rotation,0.0625
Industrial/organizational psychology,Individual psychological assessment,0.0625
Industrial/organizational psychology,Occupational safety,0.0625
Industrial/organizational psychology,Work design,0.0625
Industrial/organizational psychology,Organizational analysis,0.0625
Industrial/organizational psychology,Ethnographic,0.0625
Team,Team composition,0.2
Team,Virtual team,0.2
Team,Human Relations Movement,0.2
Team,Teamwork,0.2
Team,Team management,0.2
Cooperative,Workers' self-management,0.019230769230769232
Cooperative,Mergers and acquisitions,0.019230769230769232
Cooperative,Social economy,0.019230769230769232
Cooperative,Change management,0.019230769230769232
Cooperative,International Cooperative Alliance,0.019230769230769232
Cooperative,Co-op,0.019230769230769232
Cooperative,International Co-operative Alliance,0.019230769230769232
Cooperative,Talent management,0.019230769230769232
Cooperative,Mondragon Corporation,0.019230769230769232
Cooperative,Business intelligence,0.019230769230769232
Cooperative,Mental health,0.019230769230769232
Cooperative,Microfinance,0.019230769230769232
Cooperative,International business,0.019230769230769232
Cooperative,Capability management in business,0.019230769230769232
Cooperative,Human resource management,0.019230769230769232
Cooperative,Industrial democracy,0.019230769230769232
Cooperative,W. E. B. Du Bois,0.019230769230769232
Cooperative,Registered agent,0.019230769230769232
Cooperative,Service organization,0.019230769230769232
Cooperative,Business process,0.019230769230769232
Cooperative,Benefit corporation,0.019230769230769232
Cooperative,Mondragón Cooperative Corporation,0.019230769230769232
Cooperative,Organizational engineering,0.019230769230769232
Cooperative,Performance management,0.019230769230769232
Cooperative,Organization development,0.019230769230769232
Cooperative,Asset management,0.019230769230769232
Cooperative,Business process management,0.019230769230769232
Cooperative,Employee stock ownership,0.019230769230769232
Cooperative,Company,0.019230769230769232
Cooperative,Corporation,0.019230769230769232
Cooperative,Job satisfaction,0.019230769230769232
Cooperative,Innovation management,0.019230769230769232
Cooperative,Voluntary association,0.019230769230769232
Cooperative,Social enterprise,0.019230769230769232
Cooperative,Women in cooperatives,0.019230769230769232
Cooperative,United Kingdom company law,0.019230769230769232
Cooperative,Employee-owned corporation,0.019230769230769232
Cooperative,Employee stock ownership plan,0.019230769230769232
Cooperative,Sexist joke,0.019230769230769232
Cooperative,Commons,0.019230769230769232
Cooperative,José María Arizmendiarrieta,0.019230769230769232
Cooperative,Chief human resources officer,0.019230769230769232
Cooperative,Systems management,0.019230769230769232
Cooperative,Self-help,0.019230769230769232
Cooperative,Group insurance,0.019230769230769232
Cooperative,Equal opportunity,0.019230769230769232
Cooperative,Business statistics,0.019230769230769232
Cooperative,Benefit society,0.019230769230769232
Cooperative,Statement on the Co-operative Identity,0.019230769230769232
Cooperative,Sole proprietorship,0.019230769230769232
Cooperative,Commercial management,0.019230769230769232
Cooperative,Corporate law,0.019230769230769232
Management by objectives,Social entrepreneurship,0.1
Management by objectives,Management consulting,0.1
Management by objectives,Virtual management,0.1
Management by objectives,Organizational behavior management,0.1
Management by objectives,Management styles,0.1
Management by objectives,Staff management,0.1
Management by objectives,Program management,0.1
Management by objectives,Reputation management,0.1
Management by objectives,Systems management,0.1
Management by objectives,SMART criteria,0.1
Workwear,Cocktail dress,1.0
On-call,Organizational commitment,0.02857142857142857
On-call,Sexual harassment,0.02857142857142857
On-call,Workplace bullying,0.02857142857142857
On-call,List of countries by unemployment rate,0.02857142857142857
On-call,Gender pay gap,0.02857142857142857
On-call,Termination of employment,0.02857142857142857
On-call,Performance-related pay,0.02857142857142857
On-call,Cooperative,0.02857142857142857
On-call,Sunday scaries,0.02857142857142857
On-call,Supervisor,0.02857142857142857
On-call,Personality–job fit theory,0.02857142857142857
On-call,Management,0.02857142857142857
On-call,Wage,0.02857142857142857
On-call,Employee scheduling software,0.02857142857142857
On-call,Presenteeism,0.02857142857142857
On-call,Permanent employment,0.02857142857142857
On-call,Work accident,0.02857142857142857
On-call,Profession,0.02857142857142857
On-call,Person–environment fit,0.02857142857142857
On-call,Contingent work,0.02857142857142857
On-call,Workplace harassment,0.02857142857142857
On-call,Remote work,0.02857142857142857
On-call,Executive search,0.02857142857142857
On-call,Offices,0.02857142857142857
On-call,Job satisfaction,0.02857142857142857
On-call,Realistic job preview,0.02857142857142857
On-call,Shift work,0.02857142857142857
On-call,Temporary work,0.02857142857142857
On-call,Exit interview,0.02857142857142857
On-call,Mentorship,0.02857142857142857
On-call,Employee benefits,0.02857142857142857
On-call,Pink slip (employment),0.02857142857142857
On-call,Retirement,0.02857142857142857
On-call,Sick leave,0.02857142857142857
On-call,Epilepsy and employment,0.02857142857142857
Co-op,Social economy,0.029411764705882353
Co-op,International Cooperative Alliance,0.029411764705882353
Co-op,International Co-operative Alliance,0.029411764705882353
Co-op,Mondragon Corporation,0.029411764705882353
Co-op,Business intelligence,0.029411764705882353
Co-op,Microfinance,0.029411764705882353
Co-op,Capability management in business,0.029411764705882353
Co-op,W. E. B. Du Bois,0.029411764705882353
Co-op,Registered agent,0.029411764705882353
Co-op,Service organization,0.029411764705882353
Co-op,Benefit corporation,0.029411764705882353
Co-op,Mondragón Cooperative Corporation,0.029411764705882353
Co-op,Organizational engineering,0.029411764705882353
Co-op,Organization development,0.029411764705882353
Co-op,Business process management,0.029411764705882353
Co-op,Corporation,0.029411764705882353
Co-op,Job satisfaction,0.029411764705882353
Co-op,Innovation management,0.029411764705882353
Co-op,Voluntary association,0.029411764705882353
Co-op,Social enterprise,0.029411764705882353
Co-op,Women in cooperatives,0.029411764705882353
Co-op,United Kingdom company law,0.029411764705882353
Co-op,Employee-owned corporation,0.029411764705882353
Co-op,Employee stock ownership plan,0.029411764705882353
Co-op,Sexist joke,0.029411764705882353
Co-op,Commons,0.029411764705882353
Co-op,José María Arizmendiarrieta,0.029411764705882353
Co-op,Systems management,0.029411764705882353
Co-op,Self-help,0.029411764705882353
Co-op,Business statistics,0.029411764705882353
Co-op,Benefit society,0.029411764705882353
Co-op,Statement on the Co-operative Identity,0.029411764705882353
Co-op,Commercial management,0.029411764705882353
Co-op,Corporate law,0.029411764705882353
Resenteeism,Workplace culture,0.5
Resenteeism,Great resignation,0.5
Coffee badging,Remote working,0.14285714285714285
Coffee badging,Resenteeism,0.14285714285714285
Coffee badging,Jobless employed,0.14285714285714285
Coffee badging,Quick quitting,0.14285714285714285
Coffee badging,Job crafting,0.14285714285714285
Coffee badging,Jeremy Rifkin,0.14285714285714285
Coffee badging,Loud quitting,0.14285714285714285
Anti-gender movement,Social construction of gender,0.125
Anti-gender movement,LGBTQ community,0.125
Anti-gender movement,Political lobbying,0.125
Anti-gender movement,Lobbying,0.125
Anti-gender movement,LGBTQ movements,0.125
Anti-gender movement,Gender ideology,0.125
Anti-gender movement,Gender essentialism,0.125
Anti-gender movement,Gay village,0.125
"Diversity, equity, and inclusion",Diversity training,0.1
"Diversity, equity, and inclusion",Tokenism,0.1
"Diversity, equity, and inclusion",Equality of opportunities,0.1
"Diversity, equity, and inclusion",DEI,0.1
"Diversity, equity, and inclusion",Diversity education,0.1
"Diversity, equity, and inclusion",Corporate Equality Index,0.1
"Diversity, equity, and inclusion",Inclusion (disability rights),0.1
"Diversity, equity, and inclusion",Human resources,0.1
"Diversity, equity, and inclusion",Inclusion (education),0.1
"Diversity, equity, and inclusion",Equal opportunity,0.1
Chief information security officer,Chief sustainability officer,0.25
Chief information security officer,HIPAA,0.25
Chief information security officer,Chief risk officer,0.25
Chief information security officer,Chief learning officer,0.25
Members-only unionism,Pen-down strike,0.1
Members-only unionism,Grievance (labour),0.1
Members-only unionism,Social movement unionism,0.1
Members-only unionism,Decent work,0.1
Members-only unionism,Volkswagen worker organizations,0.1
Members-only unionism,Union organizer,0.1
Members-only unionism,Union busting,0.1
Members-only unionism,Company union,0.1
Members-only unionism,Contingent work,0.1
Members-only unionism,Social support,0.1
Diversity training,Sexual harassment,0.1111111111111111
Diversity training,Taste-based discrimination,0.1111111111111111
Diversity training,Training and development,0.1111111111111111
Diversity training,Oppression,0.1111111111111111
Diversity training,Anti-bias curriculum,0.1111111111111111
Diversity training,Griggs v. Duke Power Co.,0.1111111111111111
Diversity training,Anti-discrimination law,0.1111111111111111
Diversity training,Anti-racism,0.1111111111111111
Diversity training,Sexism,0.1111111111111111
ISO recreational diving training standards,Scuba refresher course,0.3333333333333333
ISO recreational diving training standards,Suunto,0.3333333333333333
ISO recreational diving training standards,Refresher training (diving),0.3333333333333333
Feminism in Ghana,Women in Jordan,0.1111111111111111
Feminism in Ghana,Women in Mexico,0.1111111111111111
Feminism in Ghana,Women in Ivory Coast,0.1111111111111111
Feminism in Ghana,Women in China,0.1111111111111111
Feminism in Ghana,Women in Vietnam,0.1111111111111111
Feminism in Ghana,Women in Nepal,0.1111111111111111
Feminism in Ghana,Secretary,0.1111111111111111
Feminism in Ghana,Ethnic group,0.1111111111111111
Feminism in Ghana,Women in Mauritius,0.1111111111111111
Talent management,Social entrepreneurship,0.027777777777777776
Talent management,Chief sustainability officer,0.027777777777777776
Talent management,Management consulting,0.027777777777777776
Talent management,Virtual management,0.027777777777777776
Talent management,Management by objectives,0.027777777777777776
Talent management,Chief information security officer,0.027777777777777776
Talent management,Business intelligence,0.027777777777777776
Talent management,Capability management in business,0.027777777777777776
Talent management,Organizational behavior management,0.027777777777777776
Talent management,Chief diversity officer,0.027777777777777776
Talent management,Management style,0.027777777777777776
Talent management,Chief accessibility officer,0.027777777777777776
Talent management,Executive compensation,0.027777777777777776
Talent management,Organizational engineering,0.027777777777777776
Talent management,Strategic Workforce Planning,0.027777777777777776
Talent management,Line management,0.027777777777777776
Talent management,Organization development,0.027777777777777776
Talent management,Staff management,0.027777777777777776
Talent management,Information management,0.027777777777777776
Talent management,Business process management,0.027777777777777776
Talent management,Program management,0.027777777777777776
Talent management,Reputation management,0.027777777777777776
Talent management,Corporation,0.027777777777777776
Talent management,Chief risk officer,0.027777777777777776
Talent management,Chief digital officer,0.027777777777777776
Talent management,Innovation management,0.027777777777777776
Talent management,Talent manager,0.027777777777777776
Talent management,Entertainers,0.027777777777777776
Talent management,Executive director,0.027777777777777776
Talent management,Chief learning officer,0.027777777777777776
Talent management,Systems management,0.027777777777777776
Talent management,General manager,0.027777777777777776
Talent management,Business statistics,0.027777777777777776
Talent management,Commercial management,0.027777777777777776
Talent management,Corporate law,0.027777777777777776
Talent management,McKinsey & Company,0.027777777777777776
Business functions,Core business,0.5
Business functions,Business process re-engineering,0.5
Demography,Human migration,0.14285714285714285
Demography,Urban planning,0.14285714285714285
Demography,Survey sampling,0.14285714285714285
Demography,Longitudinal study,0.14285714285714285
Demography,Statistics,0.14285714285714285
Demography,Nationality,0.14285714285714285
Demography,Geography,0.14285714285714285
Sexism in the technology industry,Women's suffrage in Wales,0.2
Sexism in the technology industry,Women's empowerment,0.2
Sexism in the technology industry,Women in Vietnam,0.2
Sexism in the technology industry,Women in peacekeeping,0.2
Sexism in the technology industry,Workplace diversity,0.2
UNESCO Universal Declaration on Cultural Diversity,The Prince's Trust,0.5
UNESCO Universal Declaration on Cultural Diversity,Media pluralism,0.5
Substantive democracy,Liberal corporatism,0.3333333333333333
Substantive democracy,Ethnic group,0.3333333333333333
Substantive democracy,Steven Levitt,0.3333333333333333
Sunday scaries,Workplace bullying,0.029411764705882353
Sunday scaries,List of countries by unemployment rate,0.029411764705882353
Sunday scaries,Gender pay gap,0.029411764705882353
Sunday scaries,Termination of employment,0.029411764705882353
Sunday scaries,Performance-related pay,0.029411764705882353
Sunday scaries,Cooperative,0.029411764705882353
Sunday scaries,Resenteeism,0.029411764705882353
Sunday scaries,Coffee badging,0.029411764705882353
Sunday scaries,Supervisor,0.029411764705882353
Sunday scaries,Work (human activity),0.029411764705882353
Sunday scaries,Wage,0.029411764705882353
Sunday scaries,Jobless employed,0.029411764705882353
Sunday scaries,Permanent employment,0.029411764705882353
Sunday scaries,Work accident,0.029411764705882353
Sunday scaries,Quick quitting,0.029411764705882353
Sunday scaries,Person–environment fit,0.029411764705882353
Sunday scaries,Contingent work,0.029411764705882353
Sunday scaries,Job crafting,0.029411764705882353
Sunday scaries,Workplace harassment,0.029411764705882353
Sunday scaries,Remote work,0.029411764705882353
Sunday scaries,Jeremy Rifkin,0.029411764705882353
Sunday scaries,Executive search,0.029411764705882353
Sunday scaries,Job satisfaction,0.029411764705882353
Sunday scaries,Temporary work,0.029411764705882353
Sunday scaries,Exit interview,0.029411764705882353
Sunday scaries,Loud quitting,0.029411764705882353
Sunday scaries,Mentorship,0.029411764705882353
Sunday scaries,Employee benefits,0.029411764705882353
Sunday scaries,Pink slip (employment),0.029411764705882353
Sunday scaries,Retirement,0.029411764705882353
Sunday scaries,Emotional intelligence,0.029411764705882353
Sunday scaries,Bare minimum Monday,0.029411764705882353
Sunday scaries,Sick leave,0.029411764705882353
Sunday scaries,Epilepsy and employment,0.029411764705882353
Diversity ideologies,Common ingroup identity,1.0
Mondragon Corporation,Business consultant,0.25
Mondragon Corporation,Co-operative,0.25
Mondragon Corporation,Worker self management,0.25
Mondragon Corporation,Statement on the Co-operative Identity,0.25
Public participation,Participatory modeling,0.125
Public participation,Participatory management,0.125
Public participation,Public participation geographic information system,0.125
Public participation,Focus group,0.125
Public participation,Participatory GIS,0.125
Public participation,Vulnerability analysis,0.125
Public participation,Equality of opportunity,0.125
Public participation,Nationality,0.125
Business intelligence,Benchmarking,0.09090909090909091
Business intelligence,Customer dynamics,0.09090909090909091
Business intelligence,Information management,0.09090909090909091
Business intelligence,Business Intelligence Competency Center,0.09090909090909091
Business intelligence,Business process management,0.09090909090909091
Business intelligence,Slowly changing dimension,0.09090909090909091
Business intelligence,Decision support,0.09090909090909091
Business intelligence,Agile Business Intelligence,0.09090909090909091
Business intelligence,Business performance management,0.09090909090909091
Business intelligence,Mobile business intelligence,0.09090909090909091
Business intelligence,Decision support system,0.09090909090909091
Knights of Labor,Labor unions in the United States,1.0
Financial inclusion,Microfinance,1.0
Freedom of speech in the United States,Public relations,0.25
Freedom of speech in the United States,Healthcare in the United States,0.25
Freedom of speech in the United States,Unlawful free speech,0.25
Freedom of speech in the United States,United States labor law,0.25
Sweatshop,Union organizer,0.2
Sweatshop,Sweating system,0.2
Sweatshop,Surfwear,0.2
Sweatshop,Cocktail dress,0.2
Sweatshop,Fashion merchandising,0.2
Ernst & Young,Business consultant,0.125
Ernst & Young,Managed services,0.125
Ernst & Young,Risk and strategic consulting,0.125
Ernst & Young,Engineering consulting,0.125
Ernst & Young,Environmental consulting,0.125
Ernst & Young,Corporate services,0.125
Ernst & Young,Public sector consulting,0.125
Ernst & Young,Strategy consulting,0.125
Geert Hofstede,Power distance,0.25
Geert Hofstede,Hofstede,0.25
Geert Hofstede,Hofstede's cultural dimensions theory,0.25
Geert Hofstede,Uncertainty avoidance,0.25
Occupational safety and health,Organizational commitment,0.015151515151515152
Occupational safety and health,Workplace impact of artificial intelligence,0.015151515151515152
Occupational safety and health,Sexual harassment,0.015151515151515152
Occupational safety and health,Suunto,0.015151515151515152
Occupational safety and health,Pen-down strike,0.015151515151515152
Occupational safety and health,Workplace bullying,0.015151515151515152
Occupational safety and health,Lockout (industry),0.015151515151515152
Occupational safety and health,List of countries by unemployment rate,0.015151515151515152
Occupational safety and health,Gender pay gap,0.015151515151515152
Occupational safety and health,Termination of employment,0.015151515151515152
Occupational safety and health,Safety training,0.015151515151515152
Occupational safety and health,Social movement unionism,0.015151515151515152
Occupational safety and health,Decent work,0.015151515151515152
Occupational safety and health,Performance-related pay,0.015151515151515152
Occupational safety and health,Cooperative,0.015151515151515152
Occupational safety and health,University of Minnesota School of Public Health,0.015151515151515152
Occupational safety and health,On-call,0.015151515151515152
Occupational safety and health,ISO recreational diving training standards,0.015151515151515152
Occupational safety and health,Sunday scaries,0.015151515151515152
Occupational safety and health,Supervisor,0.015151515151515152
Occupational safety and health,Mental health,0.015151515151515152
Occupational safety and health,Personality–job fit theory,0.015151515151515152
Occupational safety and health,Refresher training (diving),0.015151515151515152
Occupational safety and health,Psychosocial hazard,0.015151515151515152
Occupational safety and health,Work (human activity),0.015151515151515152
Occupational safety and health,Recreational diver training,0.015151515151515152
Occupational safety and health,Health code,0.015151515151515152
Occupational safety and health,Wage,0.015151515151515152
Occupational safety and health,Presenteeism,0.015151515151515152
Occupational safety and health,Permanent employment,0.015151515151515152
Occupational safety and health,Work accident,0.015151515151515152
Occupational safety and health,Occupational therapy,0.015151515151515152
Occupational safety and health,Schedule (workplace),0.015151515151515152
Occupational safety and health,Occupational apartheid,0.015151515151515152
Occupational safety and health,Population health,0.015151515151515152
Occupational safety and health,Union busting,0.015151515151515152
Occupational safety and health,Sanitation worker,0.015151515151515152
Occupational safety and health,Safety culture,0.015151515151515152
Occupational safety and health,Profession,0.015151515151515152
Occupational safety and health,Occupational hygiene,0.015151515151515152
Occupational safety and health,Collective bargaining,0.015151515151515152
Occupational safety and health,Person–environment fit,0.015151515151515152
Occupational safety and health,Contingent work,0.015151515151515152
Occupational safety and health,Workplace harassment,0.015151515151515152
Occupational safety and health,Remote work,0.015151515151515152
Occupational safety and health,ISO 24801 Recreational diving services — Requirements for the training of recreational scuba divers,0.015151515151515152
Occupational safety and health,Executive search,0.015151515151515152
Occupational safety and health,Industrial and organizational psychology,0.015151515151515152
Occupational safety and health,Job satisfaction,0.015151515151515152
Occupational safety and health,Realistic job preview,0.015151515151515152
Occupational safety and health,Race and health,0.015151515151515152
Occupational safety and health,Shift work,0.015151515151515152
Occupational safety and health,Temporary work,0.015151515151515152
Occupational safety and health,Quality of working life,0.015151515151515152
Occupational safety and health,Exit interview,0.015151515151515152
Occupational safety and health,Health education,0.015151515151515152
Occupational safety and health,Occupational injustice,0.015151515151515152
Occupational safety and health,Neurodiversity and labor rights,0.015151515151515152
Occupational safety and health,Mentorship,0.015151515151515152
Occupational safety and health,Employee benefits,0.015151515151515152
Occupational safety and health,Pink slip (employment),0.015151515151515152
Occupational safety and health,Social cognitive theory,0.015151515151515152
Occupational safety and health,Occupational medicine,0.015151515151515152
Occupational safety and health,Retirement,0.015151515151515152
Occupational safety and health,Sick leave,0.015151515151515152
Occupational safety and health,Epilepsy and employment,0.015151515151515152
Supervisor,Workplace bullying,0.04
Supervisor,List of countries by unemployment rate,0.04
Supervisor,Gender pay gap,0.04
Supervisor,Termination of employment,0.04
Supervisor,Performance-related pay,0.04
Supervisor,Cooperative,0.04
Supervisor,Management,0.04
Supervisor,Wage,0.04
Supervisor,Human resource management,0.04
Supervisor,Permanent employment,0.04
Supervisor,Work accident,0.04
Supervisor,Person–environment fit,0.04
Supervisor,Contingent work,0.04
Supervisor,Workplace harassment,0.04
Supervisor,Remote work,0.04
Supervisor,Executive search,0.04
Supervisor,Job satisfaction,0.04
Supervisor,Temporary work,0.04
Supervisor,Exit interview,0.04
Supervisor,Mentorship,0.04
Supervisor,Employee benefits,0.04
Supervisor,Pink slip (employment),0.04
Supervisor,Retirement,0.04
Supervisor,Sick leave,0.04
Supervisor,Epilepsy and employment,0.04
Compensation and benefits,Employee stock options,1.0
Layoff,Organizational commitment,0.024390243902439025
Layoff,Sexual harassment,0.024390243902439025
Layoff,Workplace bullying,0.024390243902439025
Layoff,List of countries by unemployment rate,0.024390243902439025
Layoff,Gender pay gap,0.024390243902439025
Layoff,Termination of employment,0.024390243902439025
Layoff,Performance-related pay,0.024390243902439025
Layoff,Cooperative,0.024390243902439025
Layoff,On-call,0.024390243902439025
Layoff,Sunday scaries,0.024390243902439025
Layoff,Occupational safety and health,0.024390243902439025
Layoff,Supervisor,0.024390243902439025
Layoff,Personality–job fit theory,0.024390243902439025
Layoff,Management,0.024390243902439025
Layoff,Wage,0.024390243902439025
Layoff,Presenteeism,0.024390243902439025
Layoff,Permanent employment,0.024390243902439025
Layoff,Work accident,0.024390243902439025
Layoff,Schedule (workplace),0.024390243902439025
Layoff,Outsourcing,0.024390243902439025
Layoff,Profession,0.024390243902439025
Layoff,Person–environment fit,0.024390243902439025
Layoff,Contingent work,0.024390243902439025
Layoff,Workplace harassment,0.024390243902439025
Layoff,Remote work,0.024390243902439025
Layoff,Minimum wage,0.024390243902439025
Layoff,Executive search,0.024390243902439025
Layoff,Job satisfaction,0.024390243902439025
Layoff,Realistic job preview,0.024390243902439025
Layoff,Offshoring,0.024390243902439025
Layoff,Shift work,0.024390243902439025
Layoff,Temporary work,0.024390243902439025
Layoff,Exit interview,0.024390243902439025
Layoff,Mentorship,0.024390243902439025
Layoff,Involuntary termination of employment,0.024390243902439025
Layoff,UK labour law,0.024390243902439025
Layoff,Employee benefits,0.024390243902439025
Layoff,Pink slip (employment),0.024390243902439025
Layoff,Retirement,0.024390243902439025
Layoff,Sick leave,0.024390243902439025
Layoff,Epilepsy and employment,0.024390243902439025
Purplewashing,Women's suffrage in Wales,0.2
Purplewashing,Sex workers' rights,0.2
Purplewashing,Women's empowerment,0.2
Purplewashing,Women in Vietnam,0.2
Purplewashing,Women in peacekeeping,0.2
Team diversity,Equal Opportunity Employer,0.5
Team diversity,Politics,0.5
Public participation geographic information system,Culturally sensitive,0.5
Public participation geographic information system,Decision support system,0.5
High Pay Commission,Perquisites,1.0
Mental health,Media psychology,0.038461538461538464
Mental health,Humanistic psychology,0.038461538461538464
Mental health,Sport psychology,0.038461538461538464
Mental health,Community psychology,0.038461538461538464
Mental health,Occupational therapy,0.038461538461538464
Mental health,Social stress,0.038461538461538464
Mental health,Population health,0.038461538461538464
Mental health,Sanitation worker,0.038461538461538464
Mental health,Occupational hygiene,0.038461538461538464
Mental health,Social work,0.038461538461538464
Mental health,Positive psychology,0.038461538461538464
Mental health,Self-report inventory,0.038461538461538464
Mental health,Comparative psychology,0.038461538461538464
Mental health,Abnormal psychology,0.038461538461538464
Mental health,History of mental healthcare,0.038461538461538464
Mental health,Industrial and organizational psychology,0.038461538461538464
Mental health,Race and health,0.038461538461538464
Mental health,Health education,0.038461538461538464
Mental health,Indigenous peoples,0.038461538461538464
Mental health,Mindfulness (psychology),0.038461538461538464
Mental health,Mental health in the United States,0.038461538461538464
Mental health,Social cognitive theory,0.038461538461538464
Mental health,Psychologist,0.038461538461538464
Mental health,Occupational medicine,0.038461538461538464
Mental health,Sociological,0.038461538461538464
Mental health,Social media,0.038461538461538464
Cash flow statement,Social accounting,0.3333333333333333
Cash flow statement,Net Working Capital,0.3333333333333333
Cash flow statement,Internal audit,0.3333333333333333
Personality–job fit theory,Sexual harassment,0.029411764705882353
Personality–job fit theory,Workplace bullying,0.029411764705882353
Personality–job fit theory,List of countries by unemployment rate,0.029411764705882353
Personality–job fit theory,Gender pay gap,0.029411764705882353
Personality–job fit theory,Termination of employment,0.029411764705882353
Personality–job fit theory,Performance-related pay,0.029411764705882353
Personality–job fit theory,Cooperative,0.029411764705882353
Personality–job fit theory,Sunday scaries,0.029411764705882353
Personality–job fit theory,Supervisor,0.029411764705882353
Personality–job fit theory,Wage,0.029411764705882353
Personality–job fit theory,Trait activation theory,0.029411764705882353
Personality–job fit theory,Presenteeism,0.029411764705882353
Personality–job fit theory,Permanent employment,0.029411764705882353
Personality–job fit theory,Work accident,0.029411764705882353
Personality–job fit theory,Schedule (workplace),0.029411764705882353
Personality–job fit theory,Profession,0.029411764705882353
Personality–job fit theory,Person–environment fit,0.029411764705882353
Personality–job fit theory,Contingent work,0.029411764705882353
Personality–job fit theory,Workplace harassment,0.029411764705882353
Personality–job fit theory,Remote work,0.029411764705882353
Personality–job fit theory,Executive search,0.029411764705882353
Personality–job fit theory,Person-environment fit,0.029411764705882353
Personality–job fit theory,Industrial and organizational psychology,0.029411764705882353
Personality–job fit theory,Job satisfaction,0.029411764705882353
Personality–job fit theory,Realistic job preview,0.029411764705882353
Personality–job fit theory,Shift work,0.029411764705882353
Personality–job fit theory,Temporary work,0.029411764705882353
Personality–job fit theory,Exit interview,0.029411764705882353
Personality–job fit theory,Mentorship,0.029411764705882353
Personality–job fit theory,Employee benefits,0.029411764705882353
Personality–job fit theory,Pink slip (employment),0.029411764705882353
Personality–job fit theory,Retirement,0.029411764705882353
Personality–job fit theory,Sick leave,0.029411764705882353
Personality–job fit theory,Epilepsy and employment,0.029411764705882353
Paid sick days,List of statutory minimum employment leave by country,1.0
Refresher training (diving),Scuba refresher course,0.5
Refresher training (diving),Suunto,0.5
Mentoring,Bamboo ceiling,0.3333333333333333
Mentoring,Protégé,0.3333333333333333
Mentoring,Mentor,0.3333333333333333
Sociologist,Community development,0.1
Sociologist,Survey research,0.1
Sociologist,Sociology of work,0.1
Sociologist,W. E. B. Du Bois,0.1
Sociologist,Longitudinal study,0.1
Sociologist,Mores,0.1
Sociologist,The Gutenberg Galaxy,0.1
Sociologist,Social movements,0.1
Sociologist,Informational society,0.1
Sociologist,Ethnicities,0.1
Intellectual giftedness,Dyspraxia,0.25
Intellectual giftedness,Gifted,0.25
Intellectual giftedness,Longitudinal studies,0.25
Intellectual giftedness,Problem solving,0.25
Focus group,Cultural sensitivity,0.5
Focus group,Focus Group,0.5
Psychosocial hazard,Focus group,0.25
Psychosocial hazard,Job rotation,0.25
Psychosocial hazard,Quality of working life,0.25
Psychosocial hazard,Work design,0.25
Equal Opportunities International,Mustafa F. Özbilgin,1.0
Employee performance,Social entrepreneurship,0.03225806451612903
Employee performance,Organizational development,0.03225806451612903
Employee performance,Management consulting,0.03225806451612903
Employee performance,Virtual management,0.03225806451612903
Employee performance,Operational performance management,0.03225806451612903
Employee performance,Management by objectives,0.03225806451612903
Employee performance,Business intelligence,0.03225806451612903
Employee performance,Capability management in business,0.03225806451612903
Employee performance,Organization workshop,0.03225806451612903
Employee performance,Organizational behavior management,0.03225806451612903
Employee performance,Management style,0.03225806451612903
Employee performance,Cellular organizational structure,0.03225806451612903
Employee performance,Executive compensation,0.03225806451612903
Employee performance,Organizational engineering,0.03225806451612903
Employee performance,Software performance management,0.03225806451612903
Employee performance,Line management,0.03225806451612903
Employee performance,Organization development,0.03225806451612903
Employee performance,Staff management,0.03225806451612903
Employee performance,Information management,0.03225806451612903
Employee performance,Business process management,0.03225806451612903
Employee performance,Program management,0.03225806451612903
Employee performance,Reputation management,0.03225806451612903
Employee performance,Corporation,0.03225806451612903
Employee performance,Industrial and organizational psychology,0.03225806451612903
Employee performance,Innovation management,0.03225806451612903
Employee performance,Financial planning and analysis,0.03225806451612903
Employee performance,Systems management,0.03225806451612903
Employee performance,Business statistics,0.03225806451612903
Employee performance,Commercial management,0.03225806451612903
Employee performance,Electronic performance support systems,0.03225806451612903
Employee performance,Corporate law,0.03225806451612903
Social democracy in the United States,Labor unions in the United States,0.08333333333333333
Social democracy in the United States,Maulana Karenga,0.08333333333333333
Social democracy in the United States,Tripartism,0.08333333333333333
Social democracy in the United States,Economy for the Common Good,0.08333333333333333
Social democracy in the United States,Healthcare in the United States,0.08333333333333333
Social democracy in the United States,British left,0.08333333333333333
Social democracy in the United States,LGBTQ movements,0.08333333333333333
Social democracy in the United States,Populism,0.08333333333333333
Social democracy in the United States,Popolarismo,0.08333333333333333
Social democracy in the United States,Caucus,0.08333333333333333
Social democracy in the United States,United States labor law,0.08333333333333333
Social democracy in the United States,Anti-environmentalism,0.08333333333333333
Internal Auditor,Management consulting,0.16666666666666666
Internal Auditor,Cash flow statement,0.16666666666666666
Internal Auditor,Social accounting,0.16666666666666666
Internal Auditor,Management science,0.16666666666666666
Internal Auditor,Corporate services,0.16666666666666666
Internal Auditor,Strategic thinking,0.16666666666666666
Management,Workers' self-management,0.015873015873015872
Management,Social entrepreneurship,0.015873015873015872
Management,Mergers and acquisitions,0.015873015873015872
Management,Management consulting,0.015873015873015872
Management,Change management,0.015873015873015872
Management,Virtual management,0.015873015873015872
Management,Urban planning,0.015873015873015872
Management,Cooperative,0.015873015873015872
Management,Management by objectives,0.015873015873015872
Management,Talent management,0.015873015873015872
Management,Demography,0.015873015873015872
Management,Business intelligence,0.015873015873015872
Management,Mentoring,0.015873015873015872
Management,Manager,0.015873015873015872
Management,International business,0.015873015873015872
Management,Capability management in business,0.015873015873015872
Management,Human resource management,0.015873015873015872
Management,Management by walking around,0.015873015873015872
Management,Organizational behavior management,0.015873015873015872
Management,Business process reengineering,0.015873015873015872
Management,Organizational theory,0.015873015873015872
Management,Governance,0.015873015873015872
Management,Management style,0.015873015873015872
Management,Business process,0.015873015873015872
Management,Management science,0.015873015873015872
Management,Cog's Ladder,0.015873015873015872
Management,Executive compensation,0.015873015873015872
Management,Michael Porter,0.015873015873015872
Management,Organizational engineering,0.015873015873015872
Management,Sociology,0.015873015873015872
Management,Social work,0.015873015873015872
Management,Performance management,0.015873015873015872
Management,Politics,0.015873015873015872
Management,Line management,0.015873015873015872
Management,Organization development,0.015873015873015872
Management,Asset management,0.015873015873015872
Management,Policy,0.015873015873015872
Management,Staff management,0.015873015873015872
Management,Information management,0.015873015873015872
Management,Business process management,0.015873015873015872
Management,Abnormal psychology,0.015873015873015872
Management,Interpersonal,0.015873015873015872
Management,Program management,0.015873015873015872
Management,Managerial grid model,0.015873015873015872
Management,Reputation management,0.015873015873015872
Management,Company,0.015873015873015872
Management,Corporation,0.015873015873015872
Management,Interpersonal communication,0.015873015873015872
Management,Team leader,0.015873015873015872
Management,Housekeeping,0.015873015873015872
Management,Innovation management,0.015873015873015872
Management,Executive director,0.015873015873015872
Management,Chief human resources officer,0.015873015873015872
Management,Strategic thinking,0.015873015873015872
Management,Systems management,0.015873015873015872
Management,General manager,0.015873015873015872
Management,Business statistics,0.015873015873015872
Management,Sole proprietorship,0.015873015873015872
Management,Geography,0.015873015873015872
Management,Commercial management,0.015873015873015872
Management,Corporate law,0.015873015873015872
Management,Management consultant,0.015873015873015872
Management,Bill Gates,0.015873015873015872
Negotiation,Integrative negotiation,0.3333333333333333
Negotiation,Problem solving,0.3333333333333333
Negotiation,Conflict style inventory,0.3333333333333333
Freelance marketplace,Advertising industry,0.08333333333333333
Freelance marketplace,Management consulting,0.08333333333333333
Freelance marketplace,Offshore outsourcing,0.08333333333333333
Freelance marketplace,Public relations,0.08333333333333333
Freelance marketplace,Car rental,0.08333333333333333
Freelance marketplace,Coffeehouse,0.08333333333333333
Freelance marketplace,Comparison of crowdfunding services,0.08333333333333333
Freelance marketplace,Web development,0.08333333333333333
Freelance marketplace,Casual employment,0.08333333333333333
Freelance marketplace,Entertainment,0.08333333333333333
Freelance marketplace,Fiverr,0.08333333333333333
Freelance marketplace,McKinsey Global Institute,0.08333333333333333
Organizational effectiveness,Talent management,0.07692307692307693
Organizational effectiveness,Organization workshop,0.07692307692307693
Organizational effectiveness,Organizational ethics,0.07692307692307693
Organizational effectiveness,Organizational theory,0.07692307692307693
Organizational effectiveness,Cellular organizational structure,0.07692307692307693
Organizational effectiveness,Organizational engineering,0.07692307692307693
Organizational effectiveness,Organizational performance,0.07692307692307693
Organizational effectiveness,Corporate social responsibility,0.07692307692307693
Organizational effectiveness,Organizational justice,0.07692307692307693
Organizational effectiveness,Organization development,0.07692307692307693
Organizational effectiveness,Outline of organizational theory,0.07692307692307693
Organizational effectiveness,Organizational diagnostics,0.07692307692307693
Organizational effectiveness,Industrial and organizational psychology,0.07692307692307693
Sport psychology,Mindfulness,0.5
Sport psychology,General manager,0.5
Pluralist democracy,Substantive democracy,0.5
Pluralist democracy,Populism,0.5
Probation (workplace),Organizational commitment,0.03333333333333333
Probation (workplace),Sexual harassment,0.03333333333333333
Probation (workplace),Dead-end job,0.03333333333333333
Probation (workplace),Turnover (employment),0.03333333333333333
Probation (workplace),Cooperative,0.03333333333333333
Probation (workplace),On-call,0.03333333333333333
Probation (workplace),Sunday scaries,0.03333333333333333
Probation (workplace),Occupational safety and health,0.03333333333333333
Probation (workplace),Supervisor,0.03333333333333333
Probation (workplace),Layoff,0.03333333333333333
Probation (workplace),Personality–job fit theory,0.03333333333333333
Probation (workplace),Workplace politics,0.03333333333333333
Probation (workplace),Internship,0.03333333333333333
Probation (workplace),Wage,0.03333333333333333
Probation (workplace),Presenteeism,0.03333333333333333
Probation (workplace),Salary,0.03333333333333333
Probation (workplace),Schedule (workplace),0.03333333333333333
Probation (workplace),Career counseling,0.03333333333333333
Probation (workplace),Profession,0.03333333333333333
Probation (workplace),Workplace health promotion,0.03333333333333333
Probation (workplace),Grey-collar,0.03333333333333333
Probation (workplace),Minimum wage,0.03333333333333333
Probation (workplace),Employment counsellor,0.03333333333333333
Probation (workplace),Realistic job preview,0.03333333333333333
Probation (workplace),Shift work,0.03333333333333333
Probation (workplace),Temporary work,0.03333333333333333
Probation (workplace),Discouraged worker,0.03333333333333333
Probation (workplace),Virtual workplace,0.03333333333333333
Probation (workplace),Trade union,0.03333333333333333
Probation (workplace),Equal opportunity,0.03333333333333333
Janitor,House cleaning,0.5
Janitor,Housekeeping,0.5
Recovered factory,Co-operatives,0.25
Recovered factory,Mondragón Corporation,0.25
Recovered factory,Open allocation,0.25
Recovered factory,Employee ownership,0.25
Cultural diversity,Cross-cultural leadership,0.08333333333333333
Cultural diversity,Organizational culture,0.08333333333333333
Cultural diversity,Cross-cultural capital,0.08333333333333333
Cultural diversity,Personal network,0.08333333333333333
Cultural diversity,Relational mobility,0.08333333333333333
Cultural diversity,Safety culture,0.08333333333333333
Cultural diversity,Cross cultural sensitivity,0.08333333333333333
Cultural diversity,Cultural agility,0.08333333333333333
Cultural diversity,Cross-cultural,0.08333333333333333
Cultural diversity,Trade union,0.08333333333333333
Cultural diversity,Dominant culture,0.08333333333333333
Cultural diversity,Legal culture,0.08333333333333333
Work (human activity),Economy,0.09090909090909091
Work (human activity),Manual labor,0.09090909090909091
Work (human activity),Workwear,0.09090909090909091
Work (human activity),Problem solving,0.09090909090909091
Work (human activity),Remote work,0.09090909090909091
Work (human activity),Corporation,0.09090909090909091
Work (human activity),Housekeeping,0.09090909090909091
Work (human activity),Corporate,0.09090909090909091
Work (human activity),Retirement,0.09090909090909091
Work (human activity),Sick leave,0.09090909090909091
Work (human activity),McKinsey & Company,0.09090909090909091
Great Resignation,Workplace bullying,0.029411764705882353
Great Resignation,List of countries by unemployment rate,0.029411764705882353
Great Resignation,Gender pay gap,0.029411764705882353
Great Resignation,Termination of employment,0.029411764705882353
Great Resignation,Impact of the COVID-19 pandemic on people with disabilities,0.029411764705882353
Great Resignation,Performance-related pay,0.029411764705882353
Great Resignation,COVID-19 pandemic in Turkey,0.029411764705882353
Great Resignation,Resenteeism,0.029411764705882353
Great Resignation,Coffee badging,0.029411764705882353
Great Resignation,Restaurant Opportunities Center,0.029411764705882353
Great Resignation,Jobless employed,0.029411764705882353
Great Resignation,Permanent employment,0.029411764705882353
Great Resignation,Work accident,0.029411764705882353
Great Resignation,Quick quitting,0.029411764705882353
Great Resignation,Person–environment fit,0.029411764705882353
Great Resignation,Contingent work,0.029411764705882353
Great Resignation,Job crafting,0.029411764705882353
Great Resignation,Workplace harassment,0.029411764705882353
Great Resignation,Remote work,0.029411764705882353
Great Resignation,COVID-19 protests in the United States,0.029411764705882353
Great Resignation,Jeremy Rifkin,0.029411764705882353
Great Resignation,Executive search,0.029411764705882353
Great Resignation,Live quitting,0.029411764705882353
Great Resignation,Job satisfaction,0.029411764705882353
Great Resignation,Exit interview,0.029411764705882353
Great Resignation,Loud quitting,0.029411764705882353
Great Resignation,Impact of the COVID-19 pandemic on the arts and cultural heritage,0.029411764705882353
Great Resignation,Mentorship,0.029411764705882353
Great Resignation,Employee benefits,0.029411764705882353
Great Resignation,Pink slip (employment),0.029411764705882353
Great Resignation,Retirement,0.029411764705882353
Great Resignation,Bare minimum Monday,0.029411764705882353
Great Resignation,Sick leave,0.029411764705882353
Great Resignation,Epilepsy and employment,0.029411764705882353
Psychosocial stress,Pluralistic ignorance,0.16666666666666666
Psychosocial stress,Behavioral contagion,0.16666666666666666
Psychosocial stress,Social inclusion,0.16666666666666666
Psychosocial stress,Longitudinal study,0.16666666666666666
Psychosocial stress,Hysterical contagion,0.16666666666666666
Psychosocial stress,Alternative media,0.16666666666666666
Equality of opportunities,Workplace bullying,0.02702702702702703
Equality of opportunities,Economy,0.02702702702702703
Equality of opportunities,Third Way,0.02702702702702703
Equality of opportunities,List of countries by unemployment rate,0.02702702702702703
Equality of opportunities,Distributive justice,0.02702702702702703
Equality of opportunities,Gender pay gap,0.02702702702702703
Equality of opportunities,Liberal democracy,0.02702702702702703
Equality of opportunities,Termination of employment,0.02702702702702703
Equality of opportunities,Performance-related pay,0.02702702702702703
Equality of opportunities,Cooperative,0.02702702702702703
Equality of opportunities,Social services,0.02702702702702703
Equality of opportunities,Permanent employment,0.02702702702702703
Equality of opportunities,Work accident,0.02702702702702703
Equality of opportunities,Marriage,0.02702702702702703
Equality of opportunities,Equal employment opportunity,0.02702702702702703
Equality of opportunities,Sociology,0.02702702702702703
Equality of opportunities,Person–environment fit,0.02702702702702703
Equality of opportunities,Contingent work,0.02702702702702703
Equality of opportunities,Workplace harassment,0.02702702702702703
Equality of opportunities,Equality of autonomy,0.02702702702702703
Equality of opportunities,Remote work,0.02702702702702703
Equality of opportunities,Executive search,0.02702702702702703
Equality of opportunities,Corporation,0.02702702702702703
Equality of opportunities,Job satisfaction,0.02702702702702703
Equality of opportunities,Universal access to education,0.02702702702702703
Equality of opportunities,Exit interview,0.02702702702702703
Equality of opportunities,Voluntary association,0.02702702702702703
Equality of opportunities,Mentorship,0.02702702702702703
Equality of opportunities,Inclusion (education),0.02702702702702703
Equality of opportunities,Employee benefits,0.02702702702702703
Equality of opportunities,Corporations,0.02702702702702703
Equality of opportunities,Pink slip (employment),0.02702702702702703
Equality of opportunities,Retirement,0.02702702702702703
Equality of opportunities,Sexual discrimination,0.02702702702702703
Equality of opportunities,Social privilege,0.02702702702702703
Equality of opportunities,Sick leave,0.02702702702702703
Equality of opportunities,Epilepsy and employment,0.02702702702702703
Social accounting,Supportive housing,0.16666666666666666
Social accounting,Public relations,0.16666666666666666
Social accounting,Social responsibility,0.16666666666666666
Social accounting,Market governance mechanism,0.16666666666666666
Social accounting,Social movements,0.16666666666666666
Social accounting,Social audit,0.16666666666666666
Cross-cultural capital,Cross-cultural leadership,0.07142857142857142
Cross-cultural capital,Cultural appropriation,0.07142857142857142
Cross-cultural capital,Intercultural communication,0.07142857142857142
Cross-cultural capital,Working capital,0.07142857142857142
Cross-cultural capital,Disability culture,0.07142857142857142
Cross-cultural capital,Relational mobility,0.07142857142857142
Cross-cultural capital,Safety culture,0.07142857142857142
Cross-cultural capital,Sociology,0.07142857142857142
Cross-cultural capital,Cultural intelligence,0.07142857142857142
Cross-cultural capital,Natural capital,0.07142857142857142
Cross-cultural capital,Cross cultural sensitivity,0.07142857142857142
Cross-cultural capital,Bennett scale,0.07142857142857142
Cross-cultural capital,Dominant culture,0.07142857142857142
Cross-cultural capital,Legal culture,0.07142857142857142
Participatory GIS,Culturally sensitive,0.5
Participatory GIS,Decision support system,0.5
Mental wellness,Media psychology,0.038461538461538464
Mental wellness,Humanistic psychology,0.038461538461538464
Mental wellness,Sport psychology,0.038461538461538464
Mental wellness,Community psychology,0.038461538461538464
Mental wellness,Occupational therapy,0.038461538461538464
Mental wellness,Social stress,0.038461538461538464
Mental wellness,Population health,0.038461538461538464
Mental wellness,Sanitation worker,0.038461538461538464
Mental wellness,Occupational hygiene,0.038461538461538464
Mental wellness,Social work,0.038461538461538464
Mental wellness,Positive psychology,0.038461538461538464
Mental wellness,Self-report inventory,0.038461538461538464
Mental wellness,Comparative psychology,0.038461538461538464
Mental wellness,Abnormal psychology,0.038461538461538464
Mental wellness,History of mental healthcare,0.038461538461538464
Mental wellness,Industrial and organizational psychology,0.038461538461538464
Mental wellness,Race and health,0.038461538461538464
Mental wellness,Health education,0.038461538461538464
Mental wellness,Indigenous peoples,0.038461538461538464
Mental wellness,Mindfulness (psychology),0.038461538461538464
Mental wellness,Mental health in the United States,0.038461538461538464
Mental wellness,Social cognitive theory,0.038461538461538464
Mental wellness,Psychologist,0.038461538461538464
Mental wellness,Occupational medicine,0.038461538461538464
Mental wellness,Sociological,0.038461538461538464
Mental wellness,Social media,0.038461538461538464
Training and development,Talent management,0.16666666666666666
Training and development,Organizational effectiveness,0.16666666666666666
Training and development,Human resource management,0.16666666666666666
Training and development,Adult education,0.16666666666666666
Training and development,Organization development,0.16666666666666666
Training and development,Industrial and organizational psychology,0.16666666666666666
Neurodiversity Celebration Week,Dyspraxic,1.0
New Public Management,E-government,1.0
Volkswagen worker organizations,Italdesign Giugiaro,1.0
DEI,Equality of opportunities,0.08333333333333333
DEI,Diversity education,0.08333333333333333
DEI,Inclusion (disability rights),0.08333333333333333
DEI,Corporate social responsibility,0.08333333333333333
DEI,Social exclusion,0.08333333333333333
DEI,Corporate,0.08333333333333333
DEI,Inclusion (education),0.08333333333333333
DEI,Conservatism in the United States,0.08333333333333333
DEI,Ethnicity,0.08333333333333333
DEI,Religious identity,0.08333333333333333
DEI,Novant Health,0.08333333333333333
DEI,McKinsey & Company,0.08333333333333333
Equal Opportunity Employer,Workplace bullying,0.02857142857142857
Equal Opportunity Employer,Economy,0.02857142857142857
Equal Opportunity Employer,Third Way,0.02857142857142857
Equal Opportunity Employer,List of countries by unemployment rate,0.02857142857142857
Equal Opportunity Employer,Distributive justice,0.02857142857142857
Equal Opportunity Employer,Gender pay gap,0.02857142857142857
Equal Opportunity Employer,Liberal democracy,0.02857142857142857
Equal Opportunity Employer,Termination of employment,0.02857142857142857
Equal Opportunity Employer,Performance-related pay,0.02857142857142857
Equal Opportunity Employer,Social services,0.02857142857142857
Equal Opportunity Employer,Permanent employment,0.02857142857142857
Equal Opportunity Employer,Work accident,0.02857142857142857
Equal Opportunity Employer,Marriage,0.02857142857142857
Equal Opportunity Employer,Equal employment opportunity,0.02857142857142857
Equal Opportunity Employer,Sociology,0.02857142857142857
Equal Opportunity Employer,Person–environment fit,0.02857142857142857
Equal Opportunity Employer,Contingent work,0.02857142857142857
Equal Opportunity Employer,Workplace harassment,0.02857142857142857
Equal Opportunity Employer,Equality of autonomy,0.02857142857142857
Equal Opportunity Employer,Remote work,0.02857142857142857
Equal Opportunity Employer,Executive search,0.02857142857142857
Equal Opportunity Employer,Corporation,0.02857142857142857
Equal Opportunity Employer,Job satisfaction,0.02857142857142857
Equal Opportunity Employer,Universal access to education,0.02857142857142857
Equal Opportunity Employer,Exit interview,0.02857142857142857
Equal Opportunity Employer,Voluntary association,0.02857142857142857
Equal Opportunity Employer,Mentorship,0.02857142857142857
Equal Opportunity Employer,Employee benefits,0.02857142857142857
Equal Opportunity Employer,Corporations,0.02857142857142857
Equal Opportunity Employer,Pink slip (employment),0.02857142857142857
Equal Opportunity Employer,Retirement,0.02857142857142857
Equal Opportunity Employer,Sexual discrimination,0.02857142857142857
Equal Opportunity Employer,Social privilege,0.02857142857142857
Equal Opportunity Employer,Sick leave,0.02857142857142857
Equal Opportunity Employer,Epilepsy and employment,0.02857142857142857
Oppression,Sexual harassment,0.07692307692307693
Oppression,Power distance,0.07692307692307693
Oppression,Gender pay gap,0.07692307692307693
Oppression,Taste-based discrimination,0.07692307692307693
Oppression,Privilege (social inequality),0.07692307692307693
Oppression,Matrix of domination,0.07692307692307693
Oppression,Outsourcing,0.07692307692307693
Oppression,Sociology,0.07692307692307693
Oppression,Social exclusion,0.07692307692307693
Oppression,Economic oppression,0.07692307692307693
Oppression,White privilege,0.07692307692307693
Oppression,Social privilege,0.07692307692307693
Oppression,Sexism,0.07692307692307693
List of disability-related terms with negative connotations,Occupational therapy,0.5
List of disability-related terms with negative connotations,Ticket to Work,0.5
Global feminism,Purplewashing,0.125
Global feminism,Women's suffrage in Wales,0.125
Global feminism,Sex workers' rights,0.125
Global feminism,Invisible labor,0.125
Global feminism,Women's empowerment,0.125
Global feminism,Women in Vietnam,0.125
Global feminism,History of feminism,0.125
Global feminism,Pro-feminism,0.125
Microfinance,Market governance mechanism,0.3333333333333333
Microfinance,Opportunity International,0.3333333333333333
Microfinance,Cooperatives,0.3333333333333333
Recreational diver training,Scuba refresher course,0.3333333333333333
Recreational diver training,Suunto,0.3333333333333333
Recreational diver training,Refresher training (diving),0.3333333333333333
Manager,Social entrepreneurship,0.07692307692307693
Manager,Virtual management,0.07692307692307693
Manager,Urban planning,0.07692307692307693
Manager,Mentoring,0.07692307692307693
Manager,Organizational behavior management,0.07692307692307693
Manager,Michael Porter,0.07692307692307693
Manager,Staff management,0.07692307692307693
Manager,Program management,0.07692307692307693
Manager,Managerial grid model,0.07692307692307693
Manager,Reputation management,0.07692307692307693
Manager,Team leader,0.07692307692307693
Manager,Strategic thinking,0.07692307692307693
Manager,Systems management,0.07692307692307693
International business,Mergers and acquisitions,0.045454545454545456
International business,Talent management,0.045454545454545456
International business,Business intelligence,0.045454545454545456
International business,Capability management in business,0.045454545454545456
International business,Governance,0.045454545454545456
International business,Organizational engineering,0.045454545454545456
International business,Economic,0.045454545454545456
International business,Performance management,0.045454545454545456
International business,Social environment,0.045454545454545456
International business,Organization development,0.045454545454545456
International business,Corporate acquisition,0.045454545454545456
International business,Business process management,0.045454545454545456
International business,International labour law,0.045454545454545456
International business,Corporation,0.045454545454545456
International business,Offshoring,0.045454545454545456
International business,Political,0.045454545454545456
International business,Innovation management,0.045454545454545456
International business,Systems management,0.045454545454545456
International business,Business statistics,0.045454545454545456
International business,Sole proprietorship,0.045454545454545456
International business,Commercial management,0.045454545454545456
International business,Corporate law,0.045454545454545456
Business process re-engineering,Business Process Management,1.0
Health code,Workplace impact of artificial intelligence,0.0625
Health code,Suunto,0.0625
Health code,Safety training,0.0625
Health code,University of Minnesota School of Public Health,0.0625
Health code,ISO recreational diving training standards,0.0625
Health code,Refresher training (diving),0.0625
Health code,Psychosocial hazard,0.0625
Health code,Recreational diver training,0.0625
Health code,Occupational apartheid,0.0625
Health code,ISO 24801 Recreational diving services — Requirements for the training of recreational scuba divers,0.0625
Health code,Race and health,0.0625
Health code,Quality of working life,0.0625
Health code,Health education,0.0625
Health code,Occupational injustice,0.0625
Health code,Social cognitive theory,0.0625
Health code,Occupational medicine,0.0625
Internship,Organizational commitment,0.024390243902439025
Internship,Sexual harassment,0.024390243902439025
Internship,Workplace bullying,0.024390243902439025
Internship,List of countries by unemployment rate,0.024390243902439025
Internship,Gender pay gap,0.024390243902439025
Internship,Termination of employment,0.024390243902439025
Internship,Performance-related pay,0.024390243902439025
Internship,Cooperative,0.024390243902439025
Internship,On-call,0.024390243902439025
Internship,Sunday scaries,0.024390243902439025
Internship,Occupational safety and health,0.024390243902439025
Internship,Supervisor,0.024390243902439025
Internship,Layoff,0.024390243902439025
Internship,Personality–job fit theory,0.024390243902439025
Internship,Wage,0.024390243902439025
Internship,Presenteeism,0.024390243902439025
Internship,Permanent employment,0.024390243902439025
Internship,Work accident,0.024390243902439025
Internship,Interning,0.024390243902439025
Internship,Schedule (workplace),0.024390243902439025
Internship,Profession,0.024390243902439025
Internship,Person–environment fit,0.024390243902439025
Internship,Contingent work,0.024390243902439025
Internship,Job Shadow,0.024390243902439025
Internship,Workplace harassment,0.024390243902439025
Internship,Remote work,0.024390243902439025
Internship,Advertising,0.024390243902439025
Internship,Minimum wage,0.024390243902439025
Internship,Executive search,0.024390243902439025
Internship,Job satisfaction,0.024390243902439025
Internship,Realistic job preview,0.024390243902439025
Internship,Shift work,0.024390243902439025
Internship,Temporary work,0.024390243902439025
Internship,Exit interview,0.024390243902439025
Internship,Mentorship,0.024390243902439025
Internship,Employee benefits,0.024390243902439025
Internship,Work experience,0.024390243902439025
Internship,Pink slip (employment),0.024390243902439025
Internship,Retirement,0.024390243902439025
Internship,Sick leave,0.024390243902439025
Internship,Epilepsy and employment,0.024390243902439025
Reputation,Public relation,0.125
Reputation,Public relations,0.125
Reputation,Governance,0.125
Reputation,Digital footprint,0.125
Reputation,Chief reputation officer,0.125
Reputation,Reputation management,0.125
Reputation,Digital identity,0.125
Reputation,Hofstede's cultural dimensions theory,0.125
Capability management in business,Michael Porter,0.5
Capability management in business,Technology Strategy,0.5
Anti-bias curriculum,Institutional racism,1.0
Marginalisation,Community development,0.1111111111111111
Marginalisation,Emiratisation,0.1111111111111111
Marginalisation,Feminization of poverty,0.1111111111111111
Marginalisation,Community education,0.1111111111111111
Marginalisation,Urban planning,0.1111111111111111
Marginalisation,Transport divide,0.1111111111111111
Marginalisation,Social firm,0.1111111111111111
Marginalisation,Social support,0.1111111111111111
Marginalisation,Prosocial behavior,0.1111111111111111
Cultural appropriation,List of college sports team names and mascots derived from indigenous peoples,0.1
Cultural appropriation,Workwear,0.1
Cultural appropriation,LGBT community,0.1
Cultural appropriation,Intercultural communication,0.1
Cultural appropriation,Mores,0.1
Cultural appropriation,Indigenous cultures,0.1
Cultural appropriation,Declaration on the Rights of Indigenous Peoples,0.1
Cultural appropriation,Cultural intelligence,0.1
Cultural appropriation,Ethnic group,0.1
Cultural appropriation,Marginalization,0.1
Wage,Workplace bullying,0.03125
Wage,List of countries by unemployment rate,0.03125
Wage,Gender pay gap,0.03125
Wage,Termination of employment,0.03125
Wage,Performance-related pay,0.03125
Wage,Cooperative,0.03125
Wage,Financial inclusion,0.03125
Wage,Work (human activity),0.03125
Wage,Compensation of employees,0.03125
Wage,Permanent employment,0.03125
Wage,Work accident,0.03125
Wage,Collective bargaining,0.03125
Wage,Person–environment fit,0.03125
Wage,Contingent work,0.03125
Wage,Workplace harassment,0.03125
Wage,Commission (remuneration),0.03125
Wage,Remote work,0.03125
Wage,Executive search,0.03125
Wage,Employee stock ownership,0.03125
Wage,Employee benefit,0.03125
Wage,Job satisfaction,0.03125
Wage,Labor union,0.03125
Wage,Exit interview,0.03125
Wage,Seniority,0.03125
Wage,Mentorship,0.03125
Wage,Employee benefits,0.03125
Wage,Business economics,0.03125
Wage,Efficiency wage,0.03125
Wage,Pink slip (employment),0.03125
Wage,Retirement,0.03125
Wage,Sick leave,0.03125
Wage,Epilepsy and employment,0.03125
Tripartism,Liberal corporatism,0.5
Tripartism,The Modern Corporation and Private Property,0.5
Compensation of employees,Social accounting,0.5
Compensation of employees,Employee compensation in the United States,0.5
Diversity education,Power distance,0.14285714285714285
Diversity education,Gender pay gap,0.14285714285714285
Diversity education,Training and development,0.14285714285714285
Diversity education,Social exclusion,0.14285714285714285
Diversity education,Griggs v. Duke Power Co.,0.14285714285714285
Diversity education,White privilege,0.14285714285714285
Diversity education,Social privilege,0.14285714285714285
Professional services network,Ernst & Young,1.0
Agricultural education,Health and safety,1.0
Human relations,Impact of prostitution on mental health,0.5
Human relations,Human relations movement,0.5
Disability rights movement,Sexual harassment,0.038461538461538464
Disability rights movement,Power distance,0.038461538461538464
Disability rights movement,Gender pay gap,0.038461538461538464
Disability rights movement,Taste-based discrimination,0.038461538461538464
Disability rights movement,Mental health,0.038461538461538464
Disability rights movement,Oppression,0.038461538461538464
Disability rights movement,List of disability-related terms with negative connotations,0.038461538461538464
Disability rights movement,Disability studies in education,0.038461538461538464
Disability rights movement,Occupational therapy,0.038461538461538464
Disability rights movement,Disability culture,0.038461538461538464
Disability rights movement,Sheltered workshop,0.038461538461538464
Disability rights movement,Inclusion (disability rights),0.038461538461538464
Disability rights movement,Ticket to Work,0.038461538461538464
Disability rights movement,Activities of daily living,0.038461538461538464
Disability rights movement,Minimum wage,0.038461538461538464
Disability rights movement,Social exclusion,0.038461538461538464
Disability rights movement,List of disability-related terms that developed negative connotations,0.038461538461538464
Disability rights movement,Social movement,0.038461538461538464
Disability rights movement,Council for Canadians with Disabilities,0.038461538461538464
Disability rights movement,White privilege,0.038461538461538464
Disability rights movement,Disability Pride Parades,0.038461538461538464
Disability rights movement,Equal opportunity,0.038461538461538464
Disability rights movement,Disability in the arts,0.038461538461538464
Disability rights movement,Social privilege,0.038461538461538464
Disability rights movement,Employment equity,0.038461538461538464
Disability rights movement,Sexism,0.038461538461538464
Community psychology,Multilevel model,0.07142857142857142
Community psychology,Community development,0.07142857142857142
Community psychology,Media psychology,0.07142857142857142
Community psychology,Community education,0.07142857142857142
Community psychology,Humanistic psychology,0.07142857142857142
Community psychology,Urban planning,0.07142857142857142
Community psychology,Sport psychology,0.07142857142857142
Community psychology,Social work,0.07142857142857142
Community psychology,Positive psychology,0.07142857142857142
Community psychology,Self-report inventory,0.07142857142857142
Community psychology,Comparative psychology,0.07142857142857142
Community psychology,Social support,0.07142857142857142
Community psychology,Prosocial behavior,0.07142857142857142
Community psychology,Ethnography,0.07142857142857142
Union organizer,Ethnic,0.125
Union organizer,Geographic,0.125
Union organizer,Activist,0.125
Union organizer,Union-busting,0.125
Union organizer,Labor Unions in the United States,0.125
Union organizer,Companies,0.125
Union organizer,Labor spies,0.125
Union organizer,Change to Win Federation,0.125
Intercultural communication,Communication design,0.14285714285714285
Intercultural communication,Public relations,0.14285714285714285
Intercultural communication,Crisis communication,0.14285714285714285
Intercultural communication,Interpersonal communication,0.14285714285714285
Intercultural communication,Framing (social sciences),0.14285714285714285
Intercultural communication,Cultural sensitivity,0.14285714285714285
Intercultural communication,Cultural schema theory,0.14285714285714285
Mondragón Corporation,Business consultant,0.3333333333333333
Mondragón Corporation,Co-operative,0.3333333333333333
Mondragón Corporation,Worker self management,0.3333333333333333
Organization workshop,Eco-tourism,1.0
Social services,Third Way,0.058823529411764705
Social services,Urban planning,0.058823529411764705
Social services,Demography,0.058823529411764705
Social services,New Public Management,0.058823529411764705
Social services,Social protection,0.058823529411764705
Social services,Sociology,0.058823529411764705
Social services,Social work,0.058823529411764705
Social services,School social worker,0.058823529411764705
Social services,Public toilet,0.058823529411764705
Social services,Abnormal psychology,0.058823529411764705
Social services,Health care in the United States,0.058823529411764705
Social services,Universal access to education,0.058823529411764705
Social services,Youth work,0.058823529411764705
Social services,Commons,0.058823529411764705
Social services,Human services,0.058823529411764705
Social services,Psychiatric rehabilitation,0.058823529411764705
Social services,Geography,0.058823529411764705
US labor law,Corporate promoters,0.034482758620689655
US labor law,Labor unions in the United States,0.034482758620689655
US labor law,Executive pay,0.034482758620689655
US labor law,International labor law,0.034482758620689655
US labor law,Knights of Labor,0.034482758620689655
US labor law,Work council,0.034482758620689655
US labor law,UK employment discrimination law,0.034482758620689655
US labor law,Employee stock ownership plans,0.034482758620689655
US labor law,HMO,0.034482758620689655
US labor law,Work councils,0.034482758620689655
US labor law,Trade unions in the United States,0.034482758620689655
US labor law,Company union,0.034482758620689655
US labor law,Social inclusion,0.034482758620689655
US labor law,List of minimum annual leave by country,0.034482758620689655
US labor law,Work–family balance in the United States,0.034482758620689655
US labor law,Federal Labor Relations Act of 1978,0.034482758620689655
US labor law,Layoffs,0.034482758620689655
US labor law,Coverage by collective agreement,0.034482758620689655
US labor law,Teamwork for Employees and Managers Act of 1995,0.034482758620689655
US labor law,International labour law,0.034482758620689655
US labor law,Labor unions in the US,0.034482758620689655
US labor law,Labor unions,0.034482758620689655
US labor law,Federal Service Labor-Management Relations Statute,0.034482758620689655
US labor law,International labor standards,0.034482758620689655
US labor law,Workplace Democracy Act,0.034482758620689655
US labor law,European labour law,0.034482758620689655
US labor law,Change to Win Federation,0.034482758620689655
US labor law,Workplace Democracy Act of 1999,0.034482758620689655
US labor law,Disparate treatment,0.034482758620689655
Privilege (social inequality),Privilege hazard,0.2
Privilege (social inequality),Sociologist,0.2
Privilege (social inequality),W. E. B. Du Bois,0.2
Privilege (social inequality),Ethnic group,0.2
Privilege (social inequality),Nationality,0.2
Industrial and Organizational Psychology,Health and safety,0.058823529411764705
Industrial and Organizational Psychology,Problem-solving,0.058823529411764705
Industrial and Organizational Psychology,Organizational development,0.058823529411764705
Industrial and Organizational Psychology,Hierarchical linear modeling,0.058823529411764705
Industrial and Organizational Psychology,Job analysis,0.058823529411764705
Industrial and Organizational Psychology,Safety climate,0.058823529411764705
Industrial and Organizational Psychology,Multilevel modeling,0.058823529411764705
Industrial and Organizational Psychology,Occupational health and safety,0.058823529411764705
Industrial and Organizational Psychology,Human resources development,0.058823529411764705
Industrial and Organizational Psychology,Individual assessment,0.058823529411764705
Industrial and Organizational Psychology,Focus groups,0.058823529411764705
Industrial and Organizational Psychology,Job rotation,0.058823529411764705
Industrial and Organizational Psychology,Individual psychological assessment,0.058823529411764705
Industrial and Organizational Psychology,Occupational safety,0.058823529411764705
Industrial and Organizational Psychology,Work design,0.058823529411764705
Industrial and Organizational Psychology,Organizational analysis,0.058823529411764705
Industrial and Organizational Psychology,Ethnographic,0.058823529411764705
Trade unions in the United States,Strategic Organizing Center,0.1111111111111111
Trade unions in the United States,Lobbyists,0.1111111111111111
Trade unions in the United States,American Left,0.1111111111111111
Trade unions in the United States,Healthcare in the United States,0.1111111111111111
Trade unions in the United States,Human Resource Management,0.1111111111111111
Trade unions in the United States,Labor unions,0.1111111111111111
Trade unions in the United States,Workplace Democracy Act,0.1111111111111111
Trade unions in the United States,Opposition to trade unions,0.1111111111111111
Trade unions in the United States,United States labor law,0.1111111111111111
Anti-sexism,Gender inequality,0.05263157894736842
Anti-sexism,Social construction of gender,0.05263157894736842
Anti-sexism,Gender discrimination,0.05263157894736842
Anti-sexism,Feminism in Ghana,0.05263157894736842
Anti-sexism,Sexism in the technology industry,0.05263157894736842
Anti-sexism,Purplewashing,0.05263157894736842
Anti-sexism,Equal Opportunities International,0.05263157894736842
Anti-sexism,Global feminism,0.05263157894736842
Anti-sexism,Women's suffrage in Wales,0.05263157894736842
Anti-sexism,Feminism in Latin America,0.05263157894736842
Anti-sexism,Sex workers' rights,0.05263157894736842
Anti-sexism,Invisible labor,0.05263157894736842
Anti-sexism,Women's empowerment,0.05263157894736842
Anti-sexism,Women in Vietnam,0.05263157894736842
Anti-sexism,Women in peacekeeping,0.05263157894736842
Anti-sexism,History of feminism,0.05263157894736842
Anti-sexism,Sex discrimination,0.05263157894736842
Anti-sexism,Learning environment,0.05263157894736842
Anti-sexism,Pro-feminism,0.05263157894736842
Human resource management,Social entrepreneurship,0.02127659574468085
Human resource management,Merger and acquisition,0.02127659574468085
Human resource management,Mergers and acquisitions,0.02127659574468085
Human resource management,Management consulting,0.02127659574468085
Human resource management,Virtual management,0.02127659574468085
Human resource management,Perspectives on Work,0.02127659574468085
Human resource management,Industrial/organizational psychology,0.02127659574468085
Human resource management,Management by objectives,0.02127659574468085
Human resource management,Talent management,0.02127659574468085
Human resource management,Business intelligence,0.02127659574468085
Human resource management,International business,0.02127659574468085
Human resource management,Capability management in business,0.02127659574468085
Human resource management,Employee performance management,0.02127659574468085
Human resource management,Organizational behavior management,0.02127659574468085
Human resource management,Organizational theory,0.02127659574468085
Human resource management,Management style,0.02127659574468085
Human resource management,Human relations movement,0.02127659574468085
Human resource management,Management science,0.02127659574468085
Human resource management,Executive compensation,0.02127659574468085
Human resource management,Organizational engineering,0.02127659574468085
Human resource management,Lobbying,0.02127659574468085
Human resource management,Performance management,0.02127659574468085
Human resource management,Collective bargaining,0.02127659574468085
Human resource management,Line management,0.02127659574468085
Human resource management,Layoffs,0.02127659574468085
Human resource management,Organization development,0.02127659574468085
Human resource management,Policy,0.02127659574468085
Human resource management,Staff management,0.02127659574468085
Human resource management,Information management,0.02127659574468085
Human resource management,Human Resources University,0.02127659574468085
Human resource management,Business process management,0.02127659574468085
Human resource management,Program management,0.02127659574468085
Human resource management,Reputation management,0.02127659574468085
Human resource management,Corporation,0.02127659574468085
Human resource management,Industrial and organizational psychology,0.02127659574468085
Human resource management,Interpersonal communication,0.02127659574468085
Human resource management,Inclusion (value and practice),0.02127659574468085
Human resource management,Labor union,0.02127659574468085
Human resource management,Innovation management,0.02127659574468085
Human resource management,Employee benefits,0.02127659574468085
Human resource management,Human resource policies,0.02127659574468085
Human resource management,Print ad,0.02127659574468085
Human resource management,Systems management,0.02127659574468085
Human resource management,Business statistics,0.02127659574468085
Human resource management,Sole proprietorship,0.02127659574468085
Human resource management,Commercial management,0.02127659574468085
Human resource management,Corporate law,0.02127659574468085
Jobless employed,Resenteeism,0.2
Jobless employed,Quick quitting,0.2
Jobless employed,Loud quitting,0.2
Jobless employed,Work culture,0.2
Jobless employed,Performance audit,0.2
Mondragon Cooperative Corporation,Business consultant,0.3333333333333333
Mondragon Cooperative Corporation,Co-operative,0.3333333333333333
Mondragon Cooperative Corporation,Worker self management,0.3333333333333333
Employee scheduling software,Sick time,0.5
Employee scheduling software,Employee satisfaction,0.5
Women's suffrage in Wales,Druidry (modern),0.3333333333333333
Women's suffrage in Wales,Women in Vietnam,0.3333333333333333
Women's suffrage in Wales,Cymric Suffrage Union,0.3333333333333333
Disability studies in education,Labeling theory,0.3333333333333333
Disability studies in education,List of disability-related terms that developed negative connotations,0.3333333333333333
Disability studies in education,Marginalization,0.3333333333333333
Demographic,Human migration,0.1
Demographic,Urban planning,0.1
Demographic,Survey sampling,0.1
Demographic,Statistical,0.1
Demographic,Longitudinal study,0.1
Demographic,Survey (human research),0.1
Demographic,Statistics,0.1
Demographic,Nationality,0.1
Demographic,Ethnicity,0.1
Demographic,Geography,0.1
Presenteeism,Permanent employment,0.25
Presenteeism,Management science,0.25
Presenteeism,Remote work,0.25
Presenteeism,Sick leave,0.25
Permanent employment,Workplace bullying,0.1
Permanent employment,Termination of employment,0.1
Permanent employment,Work accident,0.1
Permanent employment,Person–environment fit,0.1
Permanent employment,Workplace harassment,0.1
Permanent employment,Remote work,0.1
Permanent employment,Sick time,0.1
Permanent employment,Pink slip (employment),0.1
Permanent employment,Retirement,0.1
Permanent employment,Sick leave,0.1
High commitment management,Sociologist,0.5
High commitment management,Human relations movement,0.5
Salary,Organizational commitment,0.03333333333333333
Salary,Sexual harassment,0.03333333333333333
Salary,Dead-end job,0.03333333333333333
Salary,Turnover (employment),0.03333333333333333
Salary,Cooperative,0.03333333333333333
Salary,On-call,0.03333333333333333
Salary,Sunday scaries,0.03333333333333333
Salary,Occupational safety and health,0.03333333333333333
Salary,Supervisor,0.03333333333333333
Salary,Layoff,0.03333333333333333
Salary,Personality–job fit theory,0.03333333333333333
Salary,Internship,0.03333333333333333
Salary,Wage,0.03333333333333333
Salary,Presenteeism,0.03333333333333333
Salary,Schedule (workplace),0.03333333333333333
Salary,Trade unions,0.03333333333333333
Salary,Career counseling,0.03333333333333333
Salary,Executive compensation,0.03333333333333333
Salary,Profession,0.03333333333333333
Salary,Collective bargaining,0.03333333333333333
Salary,Workplace health promotion,0.03333333333333333
Salary,Grey-collar,0.03333333333333333
Salary,Minimum wage,0.03333333333333333
Salary,Employment counsellor,0.03333333333333333
Salary,Employee stock ownership,0.03333333333333333
Salary,Realistic job preview,0.03333333333333333
Salary,Shift work,0.03333333333333333
Salary,Temporary work,0.03333333333333333
Salary,Discouraged worker,0.03333333333333333
Salary,Equal opportunity,0.03333333333333333
21st century skills,Agricultural education,0.2
21st century skills,Adult education,0.2
21st century skills,Teamwork,0.2
21st century skills,Problem solving,0.2
21st century skills,Information society,0.2
Social responsibility,Supportive housing,0.3333333333333333
Social responsibility,Corporate Social Responsibility,0.3333333333333333
Social responsibility,Social movements,0.3333333333333333
Work accident,Workplace bullying,0.5
Work accident,Workplace harassment,0.5
Employee performance management,Operational performance management,0.25
Employee performance management,Software performance management,0.25
Employee performance management,Financial planning and analysis,0.25
Employee performance management,Electronic performance support systems,0.25
Executive Order 13087,R.G. & G.R. Harris Funeral Homes Inc. v. Equal Employment Opportunity Commission,0.16666666666666666
Executive Order 13087,LGBTQ movements in the United States,0.16666666666666666
Executive Order 13087,LGBTQ community,0.16666666666666666
Executive Order 13087,LGBTQ movements,0.16666666666666666
Executive Order 13087,Gender essentialism,0.16666666666666666
Executive Order 13087,Gay village,0.16666666666666666
Demographic groups,Human migration,0.14285714285714285
Demographic groups,Urban planning,0.14285714285714285
Demographic groups,Survey sampling,0.14285714285714285
Demographic groups,Longitudinal study,0.14285714285714285
Demographic groups,Statistics,0.14285714285714285
Demographic groups,Nationality,0.14285714285714285
Demographic groups,Geography,0.14285714285714285
Interning,Job Shadow,0.5
Interning,Work experience,0.5
Labour (human activity),Economy,0.0625
Labour (human activity),Manual labor,0.0625
Labour (human activity),Workwear,0.0625
Labour (human activity),Human work,0.0625
Labour (human activity),Problem solving,0.0625
Labour (human activity),Politics,0.0625
Labour (human activity),Remote work,0.0625
Labour (human activity),Corporation,0.0625
Labour (human activity),Labor union,0.0625
Labour (human activity),Housekeeping,0.0625
Labour (human activity),Seniority,0.0625
Labour (human activity),Corporate,0.0625
Labour (human activity),Managerial,0.0625
Labour (human activity),Retirement,0.0625
Labour (human activity),Sick leave,0.0625
Labour (human activity),McKinsey & Company,0.0625
Industrial democracy,Workers' self-management,0.06666666666666667
Industrial democracy,Participative management,0.06666666666666667
Industrial democracy,Third Way,0.06666666666666667
Industrial democracy,Liberal democracy,0.06666666666666667
Industrial democracy,Substantive democracy,0.06666666666666667
Industrial democracy,Social democracy in the United States,0.06666666666666667
Industrial democracy,Pluralist democracy,0.06666666666666667
Industrial democracy,Tripartism,0.06666666666666667
Industrial democracy,Works council,0.06666666666666667
Industrial democracy,W. E. B. Du Bois,0.06666666666666667
Industrial democracy,Populism,0.06666666666666667
Industrial democracy,Job satisfaction,0.06666666666666667
Industrial democracy,Collective Bargaining,0.06666666666666667
Industrial democracy,E-democracy,0.06666666666666667
Industrial democracy,UK labour law,0.06666666666666667
Occupational therapy,Psychosocial hazard,0.125
Occupational therapy,Allied health professions,0.125
Occupational therapy,Occupational apartheid,0.125
Occupational therapy,Social work,0.125
Occupational therapy,Quality of working life,0.125
Occupational therapy,Occupational injustice,0.125
Occupational therapy,Self-help,0.125
Occupational therapy,Occupational medicine,0.125
Adult education,Community education,0.25
Adult education,Human resource development,0.25
Adult education,Agricultural education,0.25
Adult education,Youth empowerment,0.25
Human work,Economy,0.06666666666666667
Human work,Manual labor,0.06666666666666667
Human work,Workwear,0.06666666666666667
Human work,Problem solving,0.06666666666666667
Human work,Politics,0.06666666666666667
Human work,Remote work,0.06666666666666667
Human work,Corporation,0.06666666666666667
Human work,Labor union,0.06666666666666667
Human work,Housekeeping,0.06666666666666667
Human work,Seniority,0.06666666666666667
Human work,Corporate,0.06666666666666667
Human work,Managerial,0.06666666666666667
Human work,Retirement,0.06666666666666667
Human work,Sick leave,0.06666666666666667
Human work,McKinsey & Company,0.06666666666666667
Organizational ethics,Organizational development,0.045454545454545456
Organizational ethics,Job (role),0.045454545454545456
Organizational ethics,Team,0.045454545454545456
Organizational ethics,Public participation,0.045454545454545456
Organizational ethics,Social accounting,0.045454545454545456
Organizational ethics,Organization workshop,0.045454545454545456
Organizational ethics,Social responsibility,0.045454545454545456
Organizational ethics,Organizational theory,0.045454545454545456
Organizational ethics,Benefit corporation,0.045454545454545456
Organizational ethics,Cellular organizational structure,0.045454545454545456
Organizational ethics,Market governance mechanism,0.045454545454545456
Organizational ethics,Organizational engineering,0.045454545454545456
Organizational ethics,Organizational performance,0.045454545454545456
Organizational ethics,Corporate social responsibility,0.045454545454545456
Organizational ethics,Organizational justice,0.045454545454545456
Organizational ethics,Industrial Sociology,0.045454545454545456
Organizational ethics,Organization development,0.045454545454545456
Organizational ethics,Outline of organizational theory,0.045454545454545456
Organizational ethics,Human Resource Management,0.045454545454545456
Organizational ethics,Industrial and organizational psychology,0.045454545454545456
Organizational ethics,Human Resources Development,0.045454545454545456
Organizational ethics,Social enterprise,0.045454545454545456
Schedule (workplace),Sexual harassment,0.03333333333333333
Schedule (workplace),Workplace bullying,0.03333333333333333
Schedule (workplace),List of countries by unemployment rate,0.03333333333333333
Schedule (workplace),Gender pay gap,0.03333333333333333
Schedule (workplace),Termination of employment,0.03333333333333333
Schedule (workplace),Performance-related pay,0.03333333333333333
Schedule (workplace),Cooperative,0.03333333333333333
Schedule (workplace),Sunday scaries,0.03333333333333333
Schedule (workplace),Supervisor,0.03333333333333333
Schedule (workplace),Management,0.03333333333333333
Schedule (workplace),Wage,0.03333333333333333
Schedule (workplace),Employee scheduling software,0.03333333333333333
Schedule (workplace),Permanent employment,0.03333333333333333
Schedule (workplace),Work accident,0.03333333333333333
Schedule (workplace),Person–environment fit,0.03333333333333333
Schedule (workplace),Contingent work,0.03333333333333333
Schedule (workplace),Workplace harassment,0.03333333333333333
Schedule (workplace),Remote work,0.03333333333333333
Schedule (workplace),Executive search,0.03333333333333333
Schedule (workplace),Offices,0.03333333333333333
Schedule (workplace),Job satisfaction,0.03333333333333333
Schedule (workplace),Shift work,0.03333333333333333
Schedule (workplace),Temporary work,0.03333333333333333
Schedule (workplace),Exit interview,0.03333333333333333
Schedule (workplace),Mentorship,0.03333333333333333
Schedule (workplace),Employee benefits,0.03333333333333333
Schedule (workplace),Pink slip (employment),0.03333333333333333
Schedule (workplace),Retirement,0.03333333333333333
Schedule (workplace),Sick leave,0.03333333333333333
Schedule (workplace),Epilepsy and employment,0.03333333333333333
Trade unions,Workers' self-management,0.02857142857142857
Trade unions,Pen-down strike,0.02857142857142857
Trade unions,Economy,0.02857142857142857
Trade unions,Social Movement Unionism,0.02857142857142857
Trade unions,Lockout (industry),0.02857142857142857
Trade unions,Third Way,0.02857142857142857
Trade unions,Featherbedding,0.02857142857142857
Trade unions,Community unionism,0.02857142857142857
Trade unions,Grievance (labour),0.02857142857142857
Trade unions,Social movement unionism,0.02857142857142857
Trade unions,Decent work,0.02857142857142857
Trade unions,Members-only unionism,0.02857142857142857
Trade unions,Public participation,0.02857142857142857
Trade unions,Knights of Labor,0.02857142857142857
Trade unions,Social democracy in the United States,0.02857142857142857
Trade unions,Union organizer,0.02857142857142857
Trade unions,Trade unions in the United States,0.02857142857142857
Trade unions,Industrial democracy,0.02857142857142857
Trade unions,Trade unions in Qatar,0.02857142857142857
Trade unions,Union busting,0.02857142857142857
Trade unions,Labor spying in the United States,0.02857142857142857
Trade unions,Company union,0.02857142857142857
Trade unions,Contingent work,0.02857142857142857
Trade unions,Industrial action,0.02857142857142857
Trade unions,Corporation,0.02857142857142857
Trade unions,Neurodiversity and labor rights,0.02857142857142857
Trade unions,Consumer organization,0.02857142857142857
Trade unions,Social support,0.02857142857142857
Trade unions,Employee benefits,0.02857142857142857
Trade unions,Nationality,0.02857142857142857
Trade unions,Group insurance,0.02857142857142857
Trade unions,Benefit society,0.02857142857142857
Trade unions,Trade association,0.02857142857142857
Trade unions,Sick leave,0.02857142857142857
Trade unions,Labour Union,0.02857142857142857
Organizational behavior management,Social entrepreneurship,0.16666666666666666
Organizational behavior management,Virtual management,0.16666666666666666
Organizational behavior management,Staff management,0.16666666666666666
Organizational behavior management,Program management,0.16666666666666666
Organizational behavior management,Reputation management,0.16666666666666666
Organizational behavior management,Systems management,0.16666666666666666
Occupational apartheid,Occupational injustice,0.5
Occupational apartheid,Occupational medicine,0.5
Diversity (business),Emotions in the workplace,0.034482758620689655
Diversity (business),Organizational culture,0.034482758620689655
Diversity (business),Turnover (employment),0.034482758620689655
Diversity (business),Absenteeism,0.034482758620689655
Diversity (business),"Diversity, Equity, and Inclusion",0.034482758620689655
Diversity (business),"Diversity, equity, and inclusion",0.034482758620689655
Diversity (business),Diversity training,0.034482758620689655
Diversity (business),Tokenism,0.034482758620689655
Diversity (business),Team diversity,0.034482758620689655
Diversity (business),Generations in the workforce,0.034482758620689655
Diversity (business),Workplace politics,0.034482758620689655
Diversity (business),Probation (workplace),0.034482758620689655
Diversity (business),Cultural diversity,0.034482758620689655
Diversity (business),Salary,0.034482758620689655
Diversity (business),Employee engagement,0.034482758620689655
Diversity (business),Organizational conflict,0.034482758620689655
Diversity (business),Positive psychology in the workplace,0.034482758620689655
Diversity (business),Human resources,0.034482758620689655
Diversity (business),Happiness at work,0.034482758620689655
Diversity (business),Workplace health promotion,0.034482758620689655
Diversity (business),Employee assistance program,0.034482758620689655
Diversity (business),Job,0.034482758620689655
Diversity (business),Affirmative action,0.034482758620689655
Diversity (business),Promotion (rank),0.034482758620689655
Diversity (business),Virtual workplace,0.034482758620689655
Diversity (business),Trade union,0.034482758620689655
Diversity (business),Allyship,0.034482758620689655
Diversity (business),Office,0.034482758620689655
Diversity (business),Employee recognition,0.034482758620689655
W. E. B. Du Bois,Labor unions in the United States,0.1111111111111111
W. E. B. Du Bois,Maulana Karenga,0.1111111111111111
W. E. B. Du Bois,Council for United Civil Rights Leadership,0.1111111111111111
W. E. B. Du Bois,Du Bois Orchestra,0.1111111111111111
W. E. B. Du Bois,American Left,0.1111111111111111
W. E. B. Du Bois,W.E.B. DuBois,0.1111111111111111
W. E. B. Du Bois,Mores,0.1111111111111111
W. E. B. Du Bois,1964–1965 Scripto strike,0.1111111111111111
W. E. B. Du Bois,United States labor law,0.1111111111111111
Social stress,Pluralistic ignorance,0.125
Social stress,Behavioral contagion,0.125
Social stress,Social inclusion,0.125
Social stress,Longitudinal study,0.125
Social stress,Hysterical contagion,0.125
Social stress,Alternative media,0.125
Social stress,Censorship,0.125
Social stress,Social support,0.125
Sex workers' rights,Oppressive,0.2
Sex workers' rights,Women's suffrage in Wales,0.2
Sex workers' rights,Women's empowerment,0.2
Sex workers' rights,Women in Vietnam,0.2
Sex workers' rights,Occupational health and safety,0.2
Business process reengineering,Business Process Management,1.0
Chief diversity officer,Chief sustainability officer,0.2
Chief diversity officer,Chief information security officer,0.2
Chief diversity officer,Inclusion (value and practice),0.2
Chief diversity officer,Chief risk officer,0.2
Chief diversity officer,Chief learning officer,0.2
Firm,United Kingdom company law,1.0
Outsourcing,Reshoring,0.1
Outsourcing,Business process improvement,0.1
Outsourcing,Freelance marketplace,0.1
Outsourcing,Offshore outsourcing,0.1
Outsourcing,Governance,0.1
Outsourcing,Software testing outsourcing,0.1
Outsourcing,Health Insurance Portability and Accountability Act,0.1
Outsourcing,Call center industry in the Philippines,0.1
Outsourcing,Contingent workforce,0.1
Outsourcing,Digital workplace,0.1
Quick quitting,Workwear,0.3333333333333333
Quick quitting,Paid sick days,0.3333333333333333
Quick quitting,Demographic groups,0.3333333333333333
Statistical,Multilevel model,0.16666666666666666
Statistical,Management Science,0.16666666666666666
Statistical,Demography,0.16666666666666666
Statistical,Survey sampling,0.16666666666666666
Statistical,Decision support,0.16666666666666666
Statistical,Geography,0.16666666666666666
Ministry of social affairs,Social protection,0.5
Ministry of social affairs,International labor standards,0.5
Career counseling,Career guide,1.0
Organizational theory,Industrial sociology,0.08333333333333333
Organizational theory,Workplace accident,0.08333333333333333
Organizational theory,Leadership style,0.08333333333333333
Organizational theory,Demography,0.08333333333333333
Organizational theory,Human relations movement,0.08333333333333333
Organizational theory,Sociology,0.08333333333333333
Organizational theory,Social environment,0.08333333333333333
Organizational theory,Outline of organizational theory,0.08333333333333333
Organizational theory,Survey (human research),0.08333333333333333
Organizational theory,W.E.B. Du Bois,0.08333333333333333
Organizational theory,Social psychology (sociology),0.08333333333333333
Organizational theory,Ethnography,0.08333333333333333
Corporate Equality Index,Stonewall Workplace Equality Index,0.5
Corporate Equality Index,Social exclusion,0.5
Disability culture,List of disability-related terms with negative connotations,0.16666666666666666
Disability culture,Disability studies in education,0.16666666666666666
Disability culture,Occupational therapy,0.16666666666666666
Disability culture,Ticket to Work,0.16666666666666666
Disability culture,List of disability-related terms that developed negative connotations,0.16666666666666666
Disability culture,Disability in the arts,0.16666666666666666
Governance,Manage,0.07692307692307693
Governance,Governing,0.07692307692307693
Governance,Governance in higher education,0.07692307692307693
Governance,Blockchain,0.07692307692307693
Governance,Market governance mechanism,0.07692307692307693
Governance,Lobbying,0.07692307692307693
Governance,Companies,0.07692307692307693
Governance,Chief governance officer,0.07692307692307693
Governance,Agency cost,0.07692307692307693
Governance,New public management,0.07692307692307693
Governance,Commons,0.07692307692307693
Governance,Systems management,0.07692307692307693
Governance,Multistakeholder governance model,0.07692307692307693
Freelancer,Advertising industry,0.09090909090909091
Freelancer,Offshore outsourcing,0.09090909090909091
Freelancer,Public relations,0.09090909090909091
Freelancer,Car rental,0.09090909090909091
Freelancer,Coffeehouse,0.09090909090909091
Freelancer,Comparison of crowdfunding services,0.09090909090909091
Freelancer,Web development,0.09090909090909091
Freelancer,Casual employment,0.09090909090909091
Freelancer,Entertainment,0.09090909090909091
Freelancer,Fiverr,0.09090909090909091
Freelancer,McKinsey Global Institute,0.09090909090909091
Population health,Psychosocial stress,0.16666666666666666
Population health,Sanitation worker,0.16666666666666666
Population health,Race and health,0.16666666666666666
Population health,Health education,0.16666666666666666
Population health,Social cognitive theory,0.16666666666666666
Population health,Occupational medicine,0.16666666666666666
Invisible labor,Purplewashing,0.1
Invisible labor,Women's suffrage in Wales,0.1
Invisible labor,Sex workers' rights,0.1
Invisible labor,Women's empowerment,0.1
Invisible labor,Economic,0.1
Invisible labor,Women in Vietnam,0.1
Invisible labor,Women in peacekeeping,0.1
Invisible labor,Secretary,0.1
Invisible labor,Pro-feminism,0.1
Invisible labor,Sociological,0.1
Job turnover,Workplace impact of artificial intelligence,0.03225806451612903
Job turnover,Workplace bullying,0.03225806451612903
Job turnover,List of countries by unemployment rate,0.03225806451612903
Job turnover,Gender pay gap,0.03225806451612903
Job turnover,Termination of employment,0.03225806451612903
Job turnover,Adaptive performance,0.03225806451612903
Job turnover,Performance-related pay,0.03225806451612903
Job turnover,Cooperative,0.03225806451612903
Job turnover,Workwear,0.03225806451612903
Job turnover,Paid sick days,0.03225806451612903
Job turnover,Great Resignation,0.03225806451612903
Job turnover,Permanent employment,0.03225806451612903
Job turnover,Work accident,0.03225806451612903
Job turnover,Demographic groups,0.03225806451612903
Job turnover,Organizational justice,0.03225806451612903
Job turnover,Person–environment fit,0.03225806451612903
Job turnover,Contingent work,0.03225806451612903
Job turnover,Workplace harassment,0.03225806451612903
Job turnover,Remote work,0.03225806451612903
Job turnover,Executive search,0.03225806451612903
Job turnover,Corporation,0.03225806451612903
Job turnover,Job satisfaction,0.03225806451612903
Job turnover,Quality of working life,0.03225806451612903
Job turnover,Exit interview,0.03225806451612903
Job turnover,Mentorship,0.03225806451612903
Job turnover,Employee benefits,0.03225806451612903
Job turnover,Pink slip (employment),0.03225806451612903
Job turnover,Employee retention,0.03225806451612903
Job turnover,Retirement,0.03225806451612903
Job turnover,Sick leave,0.03225806451612903
Job turnover,Epilepsy and employment,0.03225806451612903
Management style,Management by wandering around,0.058823529411764705
Management style,Workers' self-management,0.058823529411764705
Management style,Social entrepreneurship,0.058823529411764705
Management style,Leadership style,0.058823529411764705
Management style,Management consulting,0.058823529411764705
Management style,Virtual management,0.058823529411764705
Management style,Management by objectives,0.058823529411764705
Management style,Organizational behavior management,0.058823529411764705
Management style,Executive compensation,0.058823529411764705
Management style,Line management,0.058823529411764705
Management style,Organization development,0.058823529411764705
Management style,Staff management,0.058823529411764705
Management style,Information management,0.058823529411764705
Management style,Program management,0.058823529411764705
Management style,Reputation management,0.058823529411764705
Management style,Innovation management,0.058823529411764705
Management style,Systems management,0.058823529411764705
Employee engagement,Organizational commitment,0.045454545454545456
Employee engagement,Organizational culture,0.045454545454545456
Employee engagement,Turnover (employment),0.045454545454545456
Employee engagement,Generations in the workforce,0.045454545454545456
Employee engagement,Management,0.045454545454545456
Employee engagement,Workplace politics,0.045454545454545456
Employee engagement,Probation (workplace),0.045454545454545456
Employee engagement,Organizational conflict,0.045454545454545456
Employee engagement,Positive psychology in the workplace,0.045454545454545456
Employee engagement,Human resources,0.045454545454545456
Employee engagement,Happiness at work,0.045454545454545456
Employee engagement,Workplace health promotion,0.045454545454545456
Employee engagement,Brand engagement,0.045454545454545456
Employee engagement,Realistic job preview,0.045454545454545456
Employee engagement,Work engagement,0.045454545454545456
Employee engagement,Job,0.045454545454545456
Employee engagement,Virtual workplace,0.045454545454545456
Employee engagement,Trade union,0.045454545454545456
Employee engagement,Management theory,0.045454545454545456
Employee engagement,Office,0.045454545454545456
Employee engagement,Employee retention,0.045454545454545456
Employee engagement,Employee recognition,0.045454545454545456
Union busting,Pen-down strike,0.0625
Union busting,Termination of employment,0.0625
Union busting,Grievance (labour),0.0625
Union busting,Social movement unionism,0.0625
Union busting,Decent work,0.0625
Union busting,Union organizer,0.0625
Union busting,Works council,0.0625
Union busting,Company union,0.0625
Union busting,Contingent work,0.0625
Union busting,Merit Shop,0.0625
Union busting,Social support,0.0625
Union busting,Mohawk Valley formula,0.0625
Union busting,History of union busting in the United States,0.0625
Union busting,Opposition to trade unions,0.0625
Union busting,Labor spies,0.0625
Union busting,Sick leave,0.0625
Inclusion (disability rights),Disability advocate,0.06666666666666667
Inclusion (disability rights),Neurodiversity Celebration Week,0.06666666666666667
Inclusion (disability rights),List of disability-related terms with negative connotations,0.06666666666666667
Inclusion (disability rights),Disability studies in education,0.06666666666666667
Inclusion (disability rights),Occupational therapy,0.06666666666666667
Inclusion (disability rights),Disability culture,0.06666666666666667
Inclusion (disability rights),Ticket to Work,0.06666666666666667
Inclusion (disability rights),Activities of daily living,0.06666666666666667
Inclusion (disability rights),List of disability-related terms that developed negative connotations,0.06666666666666667
Inclusion (disability rights),Council for Canadians with Disabilities,0.06666666666666667
Inclusion (disability rights),Disability rights,0.06666666666666667
Inclusion (disability rights),Employment of autistic people,0.06666666666666667
Inclusion (disability rights),Neurodiversity and labor rights,0.06666666666666667
Inclusion (disability rights),Inclusion (education),0.06666666666666667
Inclusion (disability rights),Disability in the arts,0.06666666666666667
Business process,Mergers and acquisitions,0.03571428571428571
Business process,Change management,0.03571428571428571
Business process,Core business,0.03571428571428571
Business process,Cooperative,0.03571428571428571
Business process,Talent management,0.03571428571428571
Business process,Business functions,0.03571428571428571
Business process,Business intelligence,0.03571428571428571
Business process,International business,0.03571428571428571
Business process,Business process re-engineering,0.03571428571428571
Business process,Capability management in business,0.03571428571428571
Business process,Human resource management,0.03571428571428571
Business process,Business process reengineering,0.03571428571428571
Business process,Outsourcing,0.03571428571428571
Business process,Organizational engineering,0.03571428571428571
Business process,Performance management,0.03571428571428571
Business process,Organization development,0.03571428571428571
Business process,Information management,0.03571428571428571
Business process,Business process management,0.03571428571428571
Business process,Company,0.03571428571428571
Business process,Corporation,0.03571428571428571
Business process,Innovation management,0.03571428571428571
Business process,Chief human resources officer,0.03571428571428571
Business process,Systems management,0.03571428571428571
Business process,Business statistics,0.03571428571428571
Business process,Sole proprietorship,0.03571428571428571
Business process,Commercial management,0.03571428571428571
Business process,Social media,0.03571428571428571
Business process,Corporate law,0.03571428571428571
Benefit corporation,Dodge v. Ford Motor Co.,0.125
Benefit corporation,Social accounting,0.125
Benefit corporation,Corporate entity,0.125
Benefit corporation,B Lab,0.125
Benefit corporation,Social responsibility,0.125
Benefit corporation,Registered agent,0.125
Benefit corporation,Market governance mechanism,0.125
Benefit corporation,Social enterprise,0.125
Women's empowerment,Women's suffrage in Wales,0.25
Women's empowerment,Sexual harassment in the workplace,0.25
Women's empowerment,Women in Vietnam,0.25
Women's empowerment,Gender inequalities,0.25
Chief accessibility officer,Chief sustainability officer,0.14285714285714285
Chief accessibility officer,Chief information security officer,0.14285714285714285
Chief accessibility officer,Chief diversity officer,0.14285714285714285
Chief accessibility officer,Stephanie Cadieux,0.14285714285714285
Chief accessibility officer,Chief risk officer,0.14285714285714285
Chief accessibility officer,Chief digital officer,0.14285714285714285
Chief accessibility officer,Chief learning officer,0.14285714285714285
Transformational leadership,Servant leadership,1.0
Marriage,Matrimony,0.14285714285714285
Marriage,Married,0.14285714285714285
Marriage,Role model,0.14285714285714285
Marriage,Cocktail dress,0.14285714285714285
Marriage,Temporary marriage,0.14285714285714285
Marriage,Sex tourism,0.14285714285714285
Marriage,Immediate family,0.14285714285714285
Human relations movement,Organizational development,1.0
Sanitation worker,Caste system in India,0.1111111111111111
Sanitation worker,Psychosocial hazard,0.1111111111111111
Sanitation worker,Janitor,0.1111111111111111
Sanitation worker,Public toilet,0.1111111111111111
Sanitation worker,Race and health,0.1111111111111111
Sanitation worker,Health education,0.1111111111111111
Sanitation worker,Public toilets,0.1111111111111111
Sanitation worker,Social cognitive theory,0.1111111111111111
Sanitation worker,Occupational medicine,0.1111111111111111
Companionship,Human relations,0.25
Companionship,Impact of prostitution on mental health,0.25
Companionship,Human relations movement,0.25
Companionship,First date,0.25
Organizational conflict,Organizational commitment,0.034482758620689655
Organizational conflict,Organizational culture,0.034482758620689655
Organizational conflict,Mergers and acquisitions,0.034482758620689655
Organizational conflict,Turnover (employment),0.034482758620689655
Organizational conflict,Change management,0.034482758620689655
Organizational conflict,Cooperative,0.034482758620689655
Organizational conflict,Talent management,0.034482758620689655
Organizational conflict,Management,0.034482758620689655
Organizational conflict,Workplace politics,0.034482758620689655
Organizational conflict,Organizational effectiveness,0.034482758620689655
Organizational conflict,Probation (workplace),0.034482758620689655
Organizational conflict,International business,0.034482758620689655
Organizational conflict,Human resource management,0.034482758620689655
Organizational conflict,Organizational ethics,0.034482758620689655
Organizational conflict,Organizational theory,0.034482758620689655
Organizational conflict,Business process,0.034482758620689655
Organizational conflict,Positive psychology in the workplace,0.034482758620689655
Organizational conflict,Organizational performance,0.034482758620689655
Organizational conflict,Performance management,0.034482758620689655
Organizational conflict,Organizational justice,0.034482758620689655
Organizational conflict,Outline of organizational theory,0.034482758620689655
Organizational conflict,Asset management,0.034482758620689655
Organizational conflict,Workplace health promotion,0.034482758620689655
Organizational conflict,Organizational diagnostics,0.034482758620689655
Organizational conflict,Company,0.034482758620689655
Organizational conflict,Virtual workplace,0.034482758620689655
Organizational conflict,Trade union,0.034482758620689655
Organizational conflict,Chief human resources officer,0.034482758620689655
Organizational conflict,Sole proprietorship,0.034482758620689655
American Management Association,Human resources management,0.5
American Management Association,Commercial management,0.5
Positive psychology in the workplace,Turnover (employment),0.09090909090909091
Positive psychology in the workplace,Occupational safety and health,0.09090909090909091
Positive psychology in the workplace,Workplace politics,0.09090909090909091
Positive psychology in the workplace,Probation (workplace),0.09090909090909091
Positive psychology in the workplace,Workplace health promotion,0.09090909090909091
Positive psychology in the workplace,Job Demands-Resources model,0.09090909090909091
Positive psychology in the workplace,Work engagement,0.09090909090909091
Positive psychology in the workplace,Virtual workplace,0.09090909090909091
Positive psychology in the workplace,Trade union,0.09090909090909091
Positive psychology in the workplace,Employee retention,0.09090909090909091
Positive psychology in the workplace,Emotional intelligence,0.09090909090909091
Cellular organizational structure,Organization workshop,0.2
Cellular organizational structure,Organizational engineering,0.2
Cellular organizational structure,Organization development,0.2
Cellular organizational structure,Information management,0.2
Cellular organizational structure,Interpersonal communication,0.2
Management science,Management consulting,0.25
Management science,Information management,0.25
Management science,Statistics,0.25
Management science,Innovation management,0.25
Manpower,Mergers and acquisitions,0.047619047619047616
Manpower,Economy,0.047619047619047616
Manpower,Talent management,0.047619047619047616
Manpower,Business intelligence,0.047619047619047616
Manpower,Compensation and benefits,0.047619047619047616
Manpower,Organizational effectiveness,0.047619047619047616
Manpower,Capability management in business,0.047619047619047616
Manpower,Organizational engineering,0.047619047619047616
Manpower,Performance management,0.047619047619047616
Manpower,Organization development,0.047619047619047616
Manpower,Personnel Administration,0.047619047619047616
Manpower,Business process management,0.047619047619047616
Manpower,Corporation,0.047619047619047616
Manpower,Industrial and organizational psychology,0.047619047619047616
Manpower,Innovation management,0.047619047619047616
Manpower,Employee benefits,0.047619047619047616
Manpower,Systems management,0.047619047619047616
Manpower,Business statistics,0.047619047619047616
Manpower,Sole proprietorship,0.047619047619047616
Manpower,Commercial management,0.047619047619047616
Manpower,Corporate law,0.047619047619047616
Equal employment opportunity,Sex discrimination,1.0
Personal network,Role model,0.16666666666666666
Personal network,Peer group,0.16666666666666666
Personal network,Internet addiction,0.16666666666666666
Personal network,Mentorship,0.16666666666666666
Personal network,LinkedIn,0.16666666666666666
Personal network,Social media,0.16666666666666666
Relational mobility,Self-enhancement,0.1
Relational mobility,Interpersonal relationship,0.1
Relational mobility,Reputation,0.1
Relational mobility,Sociology,0.1
Relational mobility,Social environment,0.1
Relational mobility,Survey (human research),0.1
Relational mobility,Social exclusion,0.1
Relational mobility,Interpersonal relations,0.1
Relational mobility,Attribution (psychology),0.1
Relational mobility,Social media,0.1
Executive compensation,Social entrepreneurship,0.05
Executive compensation,Management consulting,0.05
Executive compensation,Virtual management,0.05
Executive compensation,Performance-related pay,0.05
Executive compensation,Management by objectives,0.05
Executive compensation,High Pay Commission,0.05
Executive compensation,Organizational behavior management,0.05
Executive compensation,Line management,0.05
Executive compensation,Organization development,0.05
Executive compensation,Staff management,0.05
Executive compensation,Information management,0.05
Executive compensation,Perquisites,0.05
Executive compensation,Program management,0.05
Executive compensation,Reputation management,0.05
Executive compensation,Corporation,0.05
Executive compensation,Innovation management,0.05
Executive compensation,Employee stock option,0.05
Executive compensation,Agency cost,0.05
Executive compensation,Employee benefits,0.05
Executive compensation,Systems management,0.05
Labor spying in the United States,Pen-down strike,0.058823529411764705
Labor spying in the United States,Lockout (industry),0.058823529411764705
Labor spying in the United States,Grievance (labour),0.058823529411764705
Labor spying in the United States,Social movement unionism,0.058823529411764705
Labor spying in the United States,Decent work,0.058823529411764705
Labor spying in the United States,Members-only unionism,0.058823529411764705
Labor spying in the United States,Knights of Labor,0.058823529411764705
Labor spying in the United States,Freedom of speech in the United States,0.058823529411764705
Labor spying in the United States,Union organizer,0.058823529411764705
Labor spying in the United States,Union busting,0.058823529411764705
Labor spying in the United States,Company union,0.058823529411764705
Labor spying in the United States,Criticism of Wal-Mart,0.058823529411764705
Labor spying in the United States,Contingent work,0.058823529411764705
Labor spying in the United States,Activist shareholders,0.058823529411764705
Labor spying in the United States,Corporation,0.058823529411764705
Labor spying in the United States,Social support,0.058823529411764705
Labor spying in the United States,History of union busting in the United States,0.058823529411764705
Company union,Grievance (labour),0.2
Company union,Union organizer,0.2
Company union,Teamwork for Employees and Managers Act of 1995,0.2
Company union,United States labor law,0.2
Company union,Trade association,0.2
Mondragón Cooperative Corporation,Business consultant,0.25
Mondragón Cooperative Corporation,Co-operative,0.25
Mondragón Cooperative Corporation,Worker self management,0.25
Mondragón Cooperative Corporation,Statement on the Co-operative Identity,0.25
Safety culture,Psychosocial hazard,0.1
Safety culture,Occupational hygiene,0.1
Safety culture,Just culture,0.1
Safety culture,Policy,0.1
Safety culture,Industrial and organizational psychology,0.1
Safety culture,Quality of working life,0.1
Safety culture,Social Credit System,0.1
Safety culture,Occupational medicine,0.1
Safety culture,Social and Behavioral Sciences Team,0.1
Safety culture,Process safety management,0.1
Michael Porter,Strategy consulting,1.0
Hofstede,Hofstede's cultural dimensions theory,1.0
Profession,Work (human activity),0.25
Profession,Social work,0.25
Profession,Industrial and organizational psychology,0.25
Profession,Voluntary association,0.25
Market governance mechanism,Governance in higher education,0.3333333333333333
Market governance mechanism,Chief governance officer,0.3333333333333333
Market governance mechanism,Multistakeholder governance model,0.3333333333333333
Organizational engineering,Organizational development,0.1
Organizational engineering,Business intelligence,0.1
Organizational engineering,Corporate culture,0.1
Organizational engineering,Capability management in business,0.1
Organizational engineering,Business process management,0.1
Organizational engineering,Innovation management,0.1
Organizational engineering,Systems management,0.1
Organizational engineering,Business statistics,0.1
Organizational engineering,Commercial management,0.1
Organizational engineering,Corporate law,0.1
Peer group,Longitudinal studies,0.3333333333333333
Peer group,Longitudinal study,0.3333333333333333
Peer group,Prosocial behaviors,0.3333333333333333
Lobbying,Lobbyist,0.5
Lobbying,Activism,0.5
Organizational performance,Social entrepreneurship,0.030303030303030304
Organizational performance,Organizational development,0.030303030303030304
Organizational performance,Management consulting,0.030303030303030304
Organizational performance,Virtual management,0.030303030303030304
Organizational performance,Operational performance management,0.030303030303030304
Organizational performance,Management by objectives,0.030303030303030304
Organizational performance,Business intelligence,0.030303030303030304
Organizational performance,Capability management in business,0.030303030303030304
Organizational performance,Organization workshop,0.030303030303030304
Organizational performance,Organizational behavior management,0.030303030303030304
Organizational performance,Organizational theory,0.030303030303030304
Organizational performance,Management style,0.030303030303030304
Organizational performance,Cellular organizational structure,0.030303030303030304
Organizational performance,Executive compensation,0.030303030303030304
Organizational performance,Organizational engineering,0.030303030303030304
Organizational performance,Software performance management,0.030303030303030304
Organizational performance,Line management,0.030303030303030304
Organizational performance,Organization development,0.030303030303030304
Organizational performance,Outline of organizational theory,0.030303030303030304
Organizational performance,Staff management,0.030303030303030304
Organizational performance,Information management,0.030303030303030304
Organizational performance,Business process management,0.030303030303030304
Organizational performance,Program management,0.030303030303030304
Organizational performance,Reputation management,0.030303030303030304
Organizational performance,Corporation,0.030303030303030304
Organizational performance,Industrial and organizational psychology,0.030303030303030304
Organizational performance,Innovation management,0.030303030303030304
Organizational performance,Financial planning and analysis,0.030303030303030304
Organizational performance,Systems management,0.030303030303030304
Organizational performance,Business statistics,0.030303030303030304
Organizational performance,Commercial management,0.030303030303030304
Organizational performance,Electronic performance support systems,0.030303030303030304
Organizational performance,Corporate law,0.030303030303030304
Occupational hygiene,Psychosocial hazard,0.08333333333333333
Occupational hygiene,Industrial safety,0.08333333333333333
Occupational hygiene,Occupational therapy,0.08333333333333333
Occupational hygiene,Occupational apartheid,0.08333333333333333
Occupational hygiene,Population health,0.08333333333333333
Occupational hygiene,Sanitation worker,0.08333333333333333
Occupational hygiene,Race and health,0.08333333333333333
Occupational hygiene,Quality of working life,0.08333333333333333
Occupational hygiene,Health education,0.08333333333333333
Occupational hygiene,Occupational injustice,0.08333333333333333
Occupational hygiene,Social cognitive theory,0.08333333333333333
Occupational hygiene,Occupational medicine,0.08333333333333333
Sociology,Industrial sociology,0.047619047619047616
Sociology,Community development,0.047619047619047616
Sociology,Urban planning,0.047619047619047616
Sociology,Demography,0.047619047619047616
Sociology,Survey research,0.047619047619047616
Sociology,Sociology of work,0.047619047619047616
Sociology,W. E. B. Du Bois,0.047619047619047616
Sociology,Social work,0.047619047619047616
Sociology,Social environment,0.047619047619047616
Sociology,Longitudinal study,0.047619047619047616
Sociology,Mores,0.047619047619047616
Sociology,The Gutenberg Galaxy,0.047619047619047616
Sociology,Survey (human research),0.047619047619047616
Sociology,W.E.B. Du Bois,0.047619047619047616
Sociology,Social psychology (sociology),0.047619047619047616
Sociology,Abnormal psychology,0.047619047619047616
Sociology,Social movements,0.047619047619047616
Sociology,Informational society,0.047619047619047616
Sociology,Ethnography,0.047619047619047616
Sociology,Ethnicities,0.047619047619047616
Sociology,Geography,0.047619047619047616
Social work,Community development,0.05
Social work,Urban planning,0.05
Social work,Demography,0.05
Social work,Economic security,0.05
Social work,New Public Management,0.05
Social work,Allied health professions,0.05
Social work,Policies,0.05
Social work,Social responsibility,0.05
Social work,Behavior management,0.05
Social work,Research development,0.05
Social work,Corporate social responsibility,0.05
Social work,School social worker,0.05
Social work,Recovery approach,0.05
Social work,Sociotherapy,0.05
Social work,Urban development,0.05
Social work,Indigenous peoples,0.05
Social work,Human services,0.05
Social work,Psychiatric rehabilitation,0.05
Social work,Geography,0.05
Social work,Psychosocial rehabilitation,0.05
Women in Vietnam,Women in Jordan,0.14285714285714285
Women in Vietnam,Women in Ghana,0.14285714285714285
Women in Vietnam,Women in Mexico,0.14285714285714285
Women in Vietnam,Women in Ivory Coast,0.14285714285714285
Women in Vietnam,Women in China,0.14285714285714285
Women in Vietnam,Women in Nepal,0.14285714285714285
Women in Vietnam,Women in Mauritius,0.14285714285714285
Performance management,Social entrepreneurship,0.02564102564102564
Performance management,Organizational development,0.02564102564102564
Performance management,Management consulting,0.02564102564102564
Performance management,Virtual management,0.02564102564102564
Performance management,Operational performance management,0.02564102564102564
Performance management,Management by objectives,0.02564102564102564
Performance management,Talent management,0.02564102564102564
Performance management,Business intelligence,0.02564102564102564
Performance management,Capability management in business,0.02564102564102564
Performance management,Organization workshop,0.02564102564102564
Performance management,Organizational ethics,0.02564102564102564
Performance management,Organizational behavior management,0.02564102564102564
Performance management,Organizational theory,0.02564102564102564
Performance management,Management style,0.02564102564102564
Performance management,Cellular organizational structure,0.02564102564102564
Performance management,Executive compensation,0.02564102564102564
Performance management,Organizational engineering,0.02564102564102564
Performance management,Software performance management,0.02564102564102564
Performance management,Organizational performance,0.02564102564102564
Performance management,Line management,0.02564102564102564
Performance management,Organizational justice,0.02564102564102564
Performance management,Organization development,0.02564102564102564
Performance management,Outline of organizational theory,0.02564102564102564
Performance management,Staff management,0.02564102564102564
Performance management,Information management,0.02564102564102564
Performance management,Business process management,0.02564102564102564
Performance management,Program management,0.02564102564102564
Performance management,Organizational diagnostics,0.02564102564102564
Performance management,Reputation management,0.02564102564102564
Performance management,Corporation,0.02564102564102564
Performance management,Industrial and organizational psychology,0.02564102564102564
Performance management,Innovation management,0.02564102564102564
Performance management,Financial planning and analysis,0.02564102564102564
Performance management,Systems management,0.02564102564102564
Performance management,Business statistics,0.02564102564102564
Performance management,Sole proprietorship,0.02564102564102564
Performance management,Commercial management,0.02564102564102564
Performance management,Electronic performance support systems,0.02564102564102564
Performance management,Corporate law,0.02564102564102564
Employee turnover,Workplace impact of artificial intelligence,0.03333333333333333
Employee turnover,Workplace bullying,0.03333333333333333
Employee turnover,List of countries by unemployment rate,0.03333333333333333
Employee turnover,Gender pay gap,0.03333333333333333
Employee turnover,Termination of employment,0.03333333333333333
Employee turnover,Adaptive performance,0.03333333333333333
Employee turnover,Performance-related pay,0.03333333333333333
Employee turnover,Cooperative,0.03333333333333333
Employee turnover,Workwear,0.03333333333333333
Employee turnover,Paid sick days,0.03333333333333333
Employee turnover,Great Resignation,0.03333333333333333
Employee turnover,Permanent employment,0.03333333333333333
Employee turnover,Work accident,0.03333333333333333
Employee turnover,Demographic groups,0.03333333333333333
Employee turnover,Organizational justice,0.03333333333333333
Employee turnover,Person–environment fit,0.03333333333333333
Employee turnover,Contingent work,0.03333333333333333
Employee turnover,Workplace harassment,0.03333333333333333
Employee turnover,Remote work,0.03333333333333333
Employee turnover,Executive search,0.03333333333333333
Employee turnover,Corporation,0.03333333333333333
Employee turnover,Job satisfaction,0.03333333333333333
Employee turnover,Quality of working life,0.03333333333333333
Employee turnover,Exit interview,0.03333333333333333
Employee turnover,Mentorship,0.03333333333333333
Employee turnover,Employee benefits,0.03333333333333333
Employee turnover,Pink slip (employment),0.03333333333333333
Employee turnover,Retirement,0.03333333333333333
Employee turnover,Sick leave,0.03333333333333333
Employee turnover,Epilepsy and employment,0.03333333333333333
Social environment,Industrial sociology,0.14285714285714285
Social environment,Demography,0.14285714285714285
Social environment,Survey (human research),0.14285714285714285
Social environment,Milieu,0.14285714285714285
Social environment,W.E.B. Du Bois,0.14285714285714285
Social environment,Social psychology (sociology),0.14285714285714285
Social environment,Framing (social sciences),0.14285714285714285
Corporate social responsibility,Community development,0.047619047619047616
Corporate social responsibility,Health and safety,0.047619047619047616
Corporate social responsibility,Small and medium-sized enterprises,0.047619047619047616
Corporate social responsibility,Benchmarking,0.047619047619047616
Corporate social responsibility,Corporate video,0.047619047619047616
Corporate social responsibility,Corporate transparency,0.047619047619047616
Corporate social responsibility,Corporate citizenship,0.047619047619047616
Corporate social responsibility,Corporate promoter,0.047619047619047616
Corporate social responsibility,Social accounting,0.047619047619047616
Corporate social responsibility,Public relations,0.047619047619047616
Corporate social responsibility,Social responsibility,0.047619047619047616
Corporate social responsibility,Adult education,0.047619047619047616
Corporate social responsibility,Economy for the Common Good,0.047619047619047616
Corporate social responsibility,Benefit corporation,0.047619047619047616
Corporate social responsibility,Market governance mechanism,0.047619047619047616
Corporate social responsibility,Ethical marketing,0.047619047619047616
Corporate social responsibility,Reputation management,0.047619047619047616
Corporate social responsibility,Corporate services,0.047619047619047616
Corporate social responsibility,Social enterprise,0.047619047619047616
Corporate social responsibility,Activism,0.047619047619047616
Corporate social responsibility,Enterprise 2020,0.047619047619047616
Receptionist,Front Desk,0.16666666666666666
Receptionist,Hypermobility (travel),0.16666666666666666
Receptionist,Public relations,0.16666666666666666
Receptionist,Secretary,0.16666666666666666
Receptionist,Business tourism,0.16666666666666666
Receptionist,Ecotourism,0.16666666666666666
Human resources,Organizational culture,0.047619047619047616
Human resources,Mergers and acquisitions,0.047619047619047616
Human resources,Change management,0.047619047619047616
Human resources,Cooperative,0.047619047619047616
Human resources,Talent management,0.047619047619047616
Human resources,Workplace politics,0.047619047619047616
Human resources,Organizational effectiveness,0.047619047619047616
Human resources,International business,0.047619047619047616
Human resources,Activity-based working,0.047619047619047616
Human resources,Human resource management,0.047619047619047616
Human resources,Labour (human activity),0.047619047619047616
Human resources,Business process,0.047619047619047616
Human resources,Organizational conflict,0.047619047619047616
Human resources,Manpower,0.047619047619047616
Human resources,Performance management,0.047619047619047616
Human resources,Personnel Administration,0.047619047619047616
Human resources,Asset management,0.047619047619047616
Human resources,Company,0.047619047619047616
Human resources,Chief human resources officer,0.047619047619047616
Human resources,Employee retention,0.047619047619047616
Human resources,Sole proprietorship,0.047619047619047616
Internal audit,Social accounting,0.5
Internal audit,Corporate services,0.5
Collective bargaining,Pen-down strike,0.05555555555555555
Collective bargaining,Lockout (industry),0.05555555555555555
Collective bargaining,Featherbedding,0.05555555555555555
Collective bargaining,Community unionism,0.05555555555555555
Collective bargaining,Grievance (labour),0.05555555555555555
Collective bargaining,Social movement unionism,0.05555555555555555
Collective bargaining,Decent work,0.05555555555555555
Collective bargaining,Members-only unionism,0.05555555555555555
Collective bargaining,Union organizer,0.05555555555555555
Collective bargaining,Union busting,0.05555555555555555
Collective bargaining,Labor spying in the United States,0.05555555555555555
Collective bargaining,Company union,0.05555555555555555
Collective bargaining,Contingent work,0.05555555555555555
Collective bargaining,International labour standards,0.05555555555555555
Collective bargaining,Industrial action,0.05555555555555555
Collective bargaining,Neurodiversity and labor rights,0.05555555555555555
Collective bargaining,Social support,0.05555555555555555
Collective bargaining,Sick leave,0.05555555555555555
Oppressed,Power distance,0.1
Oppressed,Gender pay gap,0.1
Oppressed,Privilege (social inequality),0.1
Oppressed,Matrix of domination,0.1
Oppressed,Outsourcing,0.1
Oppressed,Sociology,0.1
Oppressed,Social exclusion,0.1
Oppressed,Economic oppression,0.1
Oppressed,White privilege,0.1
Oppressed,Social privilege,0.1
Problem solving,Scalability,0.25
Problem solving,Knowledge sharing,0.25
Problem solving,Teamwork,0.25
Problem solving,Problem,0.25
Politics,Third Way,0.045454545454545456
Politics,Liberal democracy,0.045454545454545456
Politics,Urban planning,0.045454545454545456
Politics,Pluralism (political theory),0.045454545454545456
Politics,Substantive democracy,0.045454545454545456
Politics,Negotiation,0.045454545454545456
Politics,Pluralist democracy,0.045454545454545456
Politics,Public humanities,0.045454545454545456
Politics,Social services,0.045454545454545456
Politics,Industrial democracy,0.045454545454545456
Politics,Ministry of social affairs,0.045454545454545456
Politics,Governance,0.045454545454545456
Politics,Sociology,0.045454545454545456
Politics,Populism,0.045454545454545456
Politics,Policy,0.045454545454545456
Politics,Public toilet,0.045454545454545456
Politics,Universal access to education,0.045454545454545456
Politics,Statistics,0.045454545454545456
Politics,E-democracy,0.045454545454545456
Politics,Commons,0.045454545454545456
Politics,Activism,0.045454545454545456
Politics,Geography,0.045454545454545456
Line management,Social entrepreneurship,0.09090909090909091
Line management,Management consulting,0.09090909090909091
Line management,Virtual management,0.09090909090909091
Line management,Management by objectives,0.09090909090909091
Line management,Mentoring,0.09090909090909091
Line management,Organizational behavior management,0.09090909090909091
Line management,Staff management,0.09090909090909091
Line management,Program management,0.09090909090909091
Line management,Reputation management,0.09090909090909091
Line management,Team leader,0.09090909090909091
Line management,Systems management,0.09090909090909091
Organizational justice,Distributive justice,0.05555555555555555
Organizational justice,Public participation,0.05555555555555555
Organizational justice,Social accounting,0.05555555555555555
Organizational justice,Organization workshop,0.05555555555555555
Organizational justice,Social responsibility,0.05555555555555555
Organizational justice,Organizational theory,0.05555555555555555
Organizational justice,Benefit corporation,0.05555555555555555
Organizational justice,Cellular organizational structure,0.05555555555555555
Organizational justice,Market governance mechanism,0.05555555555555555
Organizational justice,Organizational engineering,0.05555555555555555
Organizational justice,Organizational performance,0.05555555555555555
Organizational justice,Corporate social responsibility,0.05555555555555555
Organizational justice,Organization development,0.05555555555555555
Organizational justice,Outline of organizational theory,0.05555555555555555
Organizational justice,Industrial and organizational psychology,0.05555555555555555
Organizational justice,Job satisfaction,0.05555555555555555
Organizational justice,Occupational injustice,0.05555555555555555
Organizational justice,Social enterprise,0.05555555555555555
Positive psychology,Psychological intervention,0.1111111111111111
Positive psychology,Self-enhancement,0.1111111111111111
Positive psychology,Focus group,0.1111111111111111
Positive psychology,Sport psychology,0.1111111111111111
Positive psychology,Hierarchical linear modeling,0.1111111111111111
Positive psychology,Mindfulness,0.1111111111111111
Positive psychology,Self-report inventory,0.1111111111111111
Positive psychology,Positive organizational behavior,0.1111111111111111
Positive psychology,Prosocial behavior,0.1111111111111111
Self-report inventory,Sport psychology,1.0
Person–environment fit,Workplace bullying,0.08333333333333333
Person–environment fit,Termination of employment,0.08333333333333333
Person–environment fit,Work accident,0.08333333333333333
Person–environment fit,Personality-Job Fit Theory,0.08333333333333333
Person–environment fit,Freelancer,0.08333333333333333
Person–environment fit,Workplace harassment,0.08333333333333333
Person–environment fit,Remote work,0.08333333333333333
Person–environment fit,Organizational psychology,0.08333333333333333
Person–environment fit,Industrial and organizational psychology,0.08333333333333333
Person–environment fit,Pink slip (employment),0.08333333333333333
Person–environment fit,Retirement,0.08333333333333333
Person–environment fit,Sick leave,0.08333333333333333
Serviced office,Receptionist,0.5
Serviced office,Virtual office,0.5
Criticism of Wal-Mart,Corporate culture,0.16666666666666666
Criticism of Wal-Mart,Public relations,0.16666666666666666
Criticism of Wal-Mart,Wake Up Wal-Mart,0.16666666666666666
Criticism of Wal-Mart,Social audit,0.16666666666666666
Criticism of Wal-Mart,Labor spies,0.16666666666666666
Criticism of Wal-Mart,Walmart Watch,0.16666666666666666
Contingent work,Pen-down strike,0.03125
Contingent work,Workplace bullying,0.03125
Contingent work,List of countries by unemployment rate,0.03125
Contingent work,Gender pay gap,0.03125
Contingent work,Termination of employment,0.03125
Contingent work,Grievance (labour),0.03125
Contingent work,Social movement unionism,0.03125
Contingent work,Decent work,0.03125
Contingent work,Performance-related pay,0.03125
Contingent work,Union organizer,0.03125
Contingent work,Permanent employment,0.03125
Contingent work,Casual work,0.03125
Contingent work,Work accident,0.03125
Contingent work,Freelancer,0.03125
Contingent work,Company union,0.03125
Contingent work,Lobbying,0.03125
Contingent work,Person–environment fit,0.03125
Contingent work,Casual employment,0.03125
Contingent work,Workplace harassment,0.03125
Contingent work,Remote work,0.03125
Contingent work,Executive search,0.03125
Contingent work,Job satisfaction,0.03125
Contingent work,Permatemp,0.03125
Contingent work,Exit interview,0.03125
Contingent work,Political,0.03125
Contingent work,Mentorship,0.03125
Contingent work,Social support,0.03125
Contingent work,Employee benefits,0.03125
Contingent work,Pink slip (employment),0.03125
Contingent work,Retirement,0.03125
Contingent work,Sick leave,0.03125
Contingent work,Epilepsy and employment,0.03125
Job Shadow,On-the-job training,0.3333333333333333
Job Shadow,Job analysis,0.3333333333333333
Job Shadow,Job rotation,0.3333333333333333
Industrial Sociology,Deskilling,1.0
Job crafting,Resenteeism,0.16666666666666666
Job crafting,Jobless employed,0.16666666666666666
Job crafting,Quick quitting,0.16666666666666666
Job crafting,Job design,0.16666666666666666
Job crafting,Job demands-resources model,0.16666666666666666
Job crafting,Loud quitting,0.16666666666666666
Organization development,Industrial sociology,0.037037037037037035
Organization development,Organizational identity,0.037037037037037035
Organization development,Enterprise performance management,0.037037037037037035
Organization development,Social entrepreneurship,0.037037037037037035
Organization development,Leadership style,0.037037037037037035
Organization development,Management consulting,0.037037037037037035
Organization development,Virtual management,0.037037037037037035
Organization development,Team,0.037037037037037035
Organization development,Management by objectives,0.037037037037037035
Organization development,Business intelligence,0.037037037037037035
Organization development,Capability management in business,0.037037037037037035
Organization development,Human relations,0.037037037037037035
Organization development,Organization workshop,0.037037037037037035
Organization development,Organizational behavior management,0.037037037037037035
Organization development,Human relations movement,0.037037037037037035
Organization development,Organizational engineering,0.037037037037037035
Organization development,Line management,0.037037037037037035
Organization development,Staff management,0.037037037037037035
Organization development,Information management,0.037037037037037035
Organization development,Business process management,0.037037037037037035
Organization development,Program management,0.037037037037037035
Organization development,Reputation management,0.037037037037037035
Organization development,Innovation management,0.037037037037037035
Organization development,Systems management,0.037037037037037035
Organization development,Business statistics,0.037037037037037035
Organization development,Commercial management,0.037037037037037035
Organization development,Corporate law,0.037037037037037035
Stonewall Workplace Equality Index,Ernst & Young,1.0
Happiness at work,Organizational culture,0.06666666666666667
Happiness at work,Turnover (employment),0.06666666666666667
Happiness at work,Management,0.06666666666666667
Happiness at work,Workplace politics,0.06666666666666667
Happiness at work,Probation (workplace),0.06666666666666667
Happiness at work,Salary,0.06666666666666667
Happiness at work,Organizational conflict,0.06666666666666667
Happiness at work,Positive psychology in the workplace,0.06666666666666667
Happiness at work,Employee turnover,0.06666666666666667
Happiness at work,Workplace health promotion,0.06666666666666667
Happiness at work,Job,0.06666666666666667
Happiness at work,Virtual workplace,0.06666666666666667
Happiness at work,Trade union,0.06666666666666667
Happiness at work,Office,0.06666666666666667
Happiness at work,Organisational culture,0.06666666666666667
Activities of daily living,List of disability-related terms with negative connotations,0.09090909090909091
Activities of daily living,Disability studies in education,0.09090909090909091
Activities of daily living,Occupational therapy,0.09090909090909091
Activities of daily living,Disability culture,0.09090909090909091
Activities of daily living,Ticket to Work,0.09090909090909091
Activities of daily living,List of disability-related terms that developed negative connotations,0.09090909090909091
Activities of daily living,Council for Canadians with Disabilities,0.09090909090909091
Activities of daily living,Social care in England,0.09090909090909091
Activities of daily living,Housekeeping,0.09090909090909091
Activities of daily living,Direct support professional,0.09090909090909091
Activities of daily living,Disability in the arts,0.09090909090909091
Personnel Administration,Social entrepreneurship,0.022727272727272728
Personnel Administration,Merger and acquisition,0.022727272727272728
Personnel Administration,Management consulting,0.022727272727272728
Personnel Administration,Virtual management,0.022727272727272728
Personnel Administration,Perspectives on Work,0.022727272727272728
Personnel Administration,Industrial/organizational psychology,0.022727272727272728
Personnel Administration,Management by objectives,0.022727272727272728
Personnel Administration,Talent management,0.022727272727272728
Personnel Administration,Business intelligence,0.022727272727272728
Personnel Administration,Capability management in business,0.022727272727272728
Personnel Administration,Employee performance management,0.022727272727272728
Personnel Administration,Organizational behavior management,0.022727272727272728
Personnel Administration,Organizational theory,0.022727272727272728
Personnel Administration,Management style,0.022727272727272728
Personnel Administration,Human relations movement,0.022727272727272728
Personnel Administration,Management science,0.022727272727272728
Personnel Administration,Executive compensation,0.022727272727272728
Personnel Administration,Organizational engineering,0.022727272727272728
Personnel Administration,Lobbying,0.022727272727272728
Personnel Administration,Collective bargaining,0.022727272727272728
Personnel Administration,Line management,0.022727272727272728
Personnel Administration,Layoffs,0.022727272727272728
Personnel Administration,Organization development,0.022727272727272728
Personnel Administration,Policy,0.022727272727272728
Personnel Administration,Staff management,0.022727272727272728
Personnel Administration,Information management,0.022727272727272728
Personnel Administration,Human Resources University,0.022727272727272728
Personnel Administration,Business process management,0.022727272727272728
Personnel Administration,Program management,0.022727272727272728
Personnel Administration,Reputation management,0.022727272727272728
Personnel Administration,Corporation,0.022727272727272728
Personnel Administration,Industrial and organizational psychology,0.022727272727272728
Personnel Administration,Interpersonal communication,0.022727272727272728
Personnel Administration,Inclusion (value and practice),0.022727272727272728
Personnel Administration,Labor union,0.022727272727272728
Personnel Administration,Innovation management,0.022727272727272728
Personnel Administration,Employee benefits,0.022727272727272728
Personnel Administration,Human resource policies,0.022727272727272728
Personnel Administration,Print ad,0.022727272727272728
Personnel Administration,Systems management,0.022727272727272728
Personnel Administration,Business statistics,0.022727272727272728
Personnel Administration,Sole proprietorship,0.022727272727272728
Personnel Administration,Commercial management,0.022727272727272728
Personnel Administration,Corporate law,0.022727272727272728
Cleaner,House cleaning,0.3333333333333333
Cleaner,Janitor,0.3333333333333333
Cleaner,Housekeeping,0.3333333333333333
Populism,Popolarismo,0.5
Populism,Populist,0.5
Outline of organizational theory,Organizational identity,0.045454545454545456
Outline of organizational theory,Sociotechnical system,0.045454545454545456
Outline of organizational theory,New Public Management,0.045454545454545456
Outline of organizational theory,Professional services network,0.045454545454545456
Outline of organizational theory,Organization workshop,0.045454545454545456
Outline of organizational theory,Trait activation theory,0.045454545454545456
Outline of organizational theory,Organizational behavior management,0.045454545454545456
Outline of organizational theory,Cellular organizational structure,0.045454545454545456
Outline of organizational theory,Organizational engineering,0.045454545454545456
Outline of organizational theory,Organization development,0.045454545454545456
Outline of organizational theory,Industrial and organizational psychology,0.045454545454545456
Outline of organizational theory,Corporate structure,0.045454545454545456
Outline of organizational theory,Hybrid organization,0.045454545454545456
Outline of organizational theory,Social enterprise,0.045454545454545456
Outline of organizational theory,Consumer organization,0.045454545454545456
Outline of organizational theory,"Diversity, equity and inclusion",0.045454545454545456
Outline of organizational theory,Virtual organization,0.045454545454545456
Outline of organizational theory,Organic organisation,0.045454545454545456
Outline of organizational theory,Learning organization,0.045454545454545456
Outline of organizational theory,Organizational analysis,0.045454545454545456
Outline of organizational theory,Fail fast (business),0.045454545454545456
Outline of organizational theory,Trade association,0.045454545454545456
Workplace harassment,Workplace impact of artificial intelligence,0.16666666666666666
Workplace harassment,Workwear,0.16666666666666666
Workplace harassment,Occupational health and safety,0.16666666666666666
Workplace harassment,Corporation,0.16666666666666666
Workplace harassment,Industrial and organizational psychology,0.16666666666666666
Workplace harassment,Quality of working life,0.16666666666666666
Just culture,Learning organization,1.0
Corporate acquisition,Cash flow statement,0.16666666666666666
Corporate acquisition,Social accounting,0.16666666666666666
Corporate acquisition,Internal audit,0.16666666666666666
Corporate acquisition,Proxy fight,0.16666666666666666
Corporate acquisition,Management due diligence,0.16666666666666666
Corporate acquisition,Corporate advisory,0.16666666666666666
Indigenous culture,Indigenous studies,0.06666666666666667
Indigenous culture,Ethnic identity development,0.06666666666666667
Indigenous culture,Native American studies,0.06666666666666667
Indigenous culture,Racism against indigenous peoples,0.06666666666666667
Indigenous culture,UN Declaration on the Rights of Indigenous Peoples,0.06666666666666667
Indigenous culture,First peoples,0.06666666666666667
Indigenous culture,Ethnoburb,0.06666666666666667
Indigenous culture,Amazon Conservation Team,0.06666666666666667
Indigenous culture,Ethnic origin,0.06666666666666667
Indigenous culture,Mores,0.06666666666666667
Indigenous culture,Declaration on the Rights of Indigenous Peoples,0.06666666666666667
Indigenous culture,First nations,0.06666666666666667
Indigenous culture,Ethnic group,0.06666666666666667
Indigenous culture,Nationality,0.06666666666666667
Indigenous culture,Ecotourism,0.06666666666666667
Asset management,Mergers and acquisitions,0.041666666666666664
Asset management,Change management,0.041666666666666664
Asset management,Cooperative,0.041666666666666664
Asset management,Talent management,0.041666666666666664
Asset management,Business intelligence,0.041666666666666664
Asset management,Financial inclusion,0.041666666666666664
Asset management,International business,0.041666666666666664
Asset management,Capability management in business,0.041666666666666664
Asset management,Human resource management,0.041666666666666664
Asset management,Business process,0.041666666666666664
Asset management,Organizational engineering,0.041666666666666664
Asset management,Performance management,0.041666666666666664
Asset management,Organization development,0.041666666666666664
Asset management,Business process management,0.041666666666666664
Asset management,Company,0.041666666666666664
Asset management,Corporation,0.041666666666666664
Asset management,Innovation management,0.041666666666666664
Asset management,Chief human resources officer,0.041666666666666664
Asset management,Systems management,0.041666666666666664
Asset management,Business statistics,0.041666666666666664
Asset management,Sole proprietorship,0.041666666666666664
Asset management,Commercial management,0.041666666666666664
Asset management,Corporate law,0.041666666666666664
Asset management,Process safety management,0.041666666666666664
Equality of autonomy,Equality of opportunity,1.0
Buzzword,Benchmarking,0.14285714285714285
Buzzword,Scalability,0.14285714285714285
Buzzword,Blockchain,0.14285714285714285
Buzzword,Offshore outsourcing,0.14285714285714285
Buzzword,Public relations,0.14285714285714285
Buzzword,Framing (social sciences),0.14285714285714285
Buzzword,Censorship,0.14285714285714285
Policy,Urban planning,0.3333333333333333
Policy,Governance,0.3333333333333333
Policy,Human resource policies,0.3333333333333333
Bonus payment,Pay for performance (human resources),1.0
Staff management,Virtual management,0.3333333333333333
Staff management,Line manager,0.3333333333333333
Staff management,Systems management,0.3333333333333333
Institutional racism,UN Declaration on the Rights of Indigenous Peoples,0.1
Institutional racism,Sociology,0.1
Institutional racism,Interpersonal relations,0.1
Institutional racism,Equality of opportunity,0.1
Institutional racism,White privilege,0.1
Institutional racism,Race and health,0.1
Institutional racism,Structural inequality,0.1
Institutional racism,Ethnic group,0.1
Institutional racism,Mission station,0.1
Institutional racism,Ethnicity,0.1
Survey (human research),Demography,0.25
Survey (human research),Survey sampling,0.25
Survey (human research),Longitudinal study,0.25
Survey (human research),Psychologists,0.25
Workplace health promotion,Occupational safety and health,0.125
Workplace health promotion,Mental health,0.125
Workplace health promotion,Workplace politics,0.125
Workplace health promotion,Presenteeism,0.125
Workplace health promotion,Population health,0.125
Workplace health promotion,Sanitation worker,0.125
Workplace health promotion,Safety culture,0.125
Workplace health promotion,Occupational hygiene,0.125
International labour standards,Corporate citizenship,0.5
International labour standards,European labour law,0.5
Grey-collar,Organizational commitment,0.021739130434782608
Grey-collar,Sexual harassment,0.021739130434782608
Grey-collar,Caste system in India,0.021739130434782608
Grey-collar,Manual labour,0.021739130434782608
Grey-collar,Workplace bullying,0.021739130434782608
Grey-collar,List of countries by unemployment rate,0.021739130434782608
Grey-collar,Gender pay gap,0.021739130434782608
Grey-collar,Termination of employment,0.021739130434782608
Grey-collar,Performance-related pay,0.021739130434782608
Grey-collar,Cooperative,0.021739130434782608
Grey-collar,On-call,0.021739130434782608
Grey-collar,Sunday scaries,0.021739130434782608
Grey-collar,Occupational safety and health,0.021739130434782608
Grey-collar,Supervisor,0.021739130434782608
Grey-collar,Layoff,0.021739130434782608
Grey-collar,Personality–job fit theory,0.021739130434782608
Grey-collar,Management,0.021739130434782608
Grey-collar,Janitor,0.021739130434782608
Grey-collar,Internship,0.021739130434782608
Grey-collar,Wage,0.021739130434782608
Grey-collar,Presenteeism,0.021739130434782608
Grey-collar,Permanent employment,0.021739130434782608
Grey-collar,Work accident,0.021739130434782608
Grey-collar,Schedule (workplace),0.021739130434782608
Grey-collar,Ranked society,0.021739130434782608
Grey-collar,Profession,0.021739130434782608
Grey-collar,Sociology,0.021739130434782608
Grey-collar,Person–environment fit,0.021739130434782608
Grey-collar,Contingent work,0.021739130434782608
Grey-collar,Workplace harassment,0.021739130434782608
Grey-collar,Remote work,0.021739130434782608
Grey-collar,Minimum wage,0.021739130434782608
Grey-collar,Social exclusion,0.021739130434782608
Grey-collar,Executive search,0.021739130434782608
Grey-collar,Job satisfaction,0.021739130434782608
Grey-collar,Realistic job preview,0.021739130434782608
Grey-collar,Shift work,0.021739130434782608
Grey-collar,Temporary work,0.021739130434782608
Grey-collar,Exit interview,0.021739130434782608
Grey-collar,Mentorship,0.021739130434782608
Grey-collar,Employee benefits,0.021739130434782608
Grey-collar,Pink slip (employment),0.021739130434782608
Grey-collar,Retirement,0.021739130434782608
Grey-collar,Social privilege,0.021739130434782608
Grey-collar,Sick leave,0.021739130434782608
Grey-collar,Epilepsy and employment,0.021739130434782608
Industrial action,Pen-down strike,0.07142857142857142
Industrial action,Lockout (industry),0.07142857142857142
Industrial action,Grievance (labour),0.07142857142857142
Industrial action,Social movement unionism,0.07142857142857142
Industrial action,Decent work,0.07142857142857142
Industrial action,Members-only unionism,0.07142857142857142
Industrial action,Union organizer,0.07142857142857142
Industrial action,Union busting,0.07142857142857142
Industrial action,Labor spying in the United States,0.07142857142857142
Industrial action,Company union,0.07142857142857142
Industrial action,Contingent work,0.07142857142857142
Industrial action,Neurodiversity and labor rights,0.07142857142857142
Industrial action,Social support,0.07142857142857142
Industrial action,Sick leave,0.07142857142857142
Dominance hierarchy,Alpha female,0.16666666666666666
Dominance hierarchy,Insect societies,0.16666666666666666
Dominance hierarchy,Eusociality,0.16666666666666666
Dominance hierarchy,Eusocial mammals,0.16666666666666666
Dominance hierarchy,Worker caste,0.16666666666666666
Dominance hierarchy,Alpha male,0.16666666666666666
Remote work,Work motivation,0.05
Remote work,Homeshoring,0.05
Remote work,Sociotechnical system,0.05
Remote work,Workplace bullying,0.05
Remote work,Work from home,0.05
Remote work,Termination of employment,0.05
Remote work,Virtual management,0.05
Remote work,Virtual team,0.05
Remote work,Work accident,0.05
Remote work,Outsourcing,0.05
Remote work,WFH,0.05
Remote work,Journal of Management Information Systems,0.05
Remote work,Workplace harassment,0.05
Remote work,Distributed development,0.05
Remote work,Hoteling,0.05
Remote work,Work design,0.05
Remote work,Turnover intention,0.05
Remote work,Retirement,0.05
Remote work,Sick leave,0.05
Remote work,McKinsey & Company,0.05
Advertising,Advertising professional,0.058823529411764705
Advertising,Public relations,0.058823529411764705
Advertising,Marketing mix,0.058823529411764705
Advertising,Journalism ethics and standards,0.058823529411764705
Advertising,Occupation (protest),0.058823529411764705
Advertising,Problem solving,0.058823529411764705
Advertising,Media for equity,0.058823529411764705
Advertising,Alternative media,0.058823529411764705
Advertising,Reputation management,0.058823529411764705
Advertising,Publicity,0.058823529411764705
Advertising,Framing (social sciences),0.058823529411764705
Advertising,Censorship,0.058823529411764705
Advertising,Racial stereotyping in advertising,0.058823529411764705
Advertising,Activism,0.058823529411764705
Advertising,Media pluralism,0.058823529411764705
Advertising,Social media,0.058823529411764705
Advertising,Global marketing,0.058823529411764705
Minimum wage,On-the-job training,0.020833333333333332
Minimum wage,Organizational commitment,0.020833333333333332
Minimum wage,Sexual harassment,0.020833333333333332
Minimum wage,Pen-down strike,0.020833333333333332
Minimum wage,Workplace bullying,0.020833333333333332
Minimum wage,Lockout (industry),0.020833333333333332
Minimum wage,List of countries by unemployment rate,0.020833333333333332
Minimum wage,Gender pay gap,0.020833333333333332
Minimum wage,Termination of employment,0.020833333333333332
Minimum wage,Social movement unionism,0.020833333333333332
Minimum wage,Decent work,0.020833333333333332
Minimum wage,Performance-related pay,0.020833333333333332
Minimum wage,Cooperative,0.020833333333333332
Minimum wage,On-call,0.020833333333333332
Minimum wage,Sunday scaries,0.020833333333333332
Minimum wage,Sweatshop,0.020833333333333332
Minimum wage,Occupational safety and health,0.020833333333333332
Minimum wage,Supervisor,0.020833333333333332
Minimum wage,Personality–job fit theory,0.020833333333333332
Minimum wage,Wage,0.020833333333333332
Minimum wage,Presenteeism,0.020833333333333332
Minimum wage,Permanent employment,0.020833333333333332
Minimum wage,Work accident,0.020833333333333332
Minimum wage,Schedule (workplace),0.020833333333333332
Minimum wage,Trade unions,0.020833333333333332
Minimum wage,Union busting,0.020833333333333332
Minimum wage,Profession,0.020833333333333332
Minimum wage,Collective bargaining,0.020833333333333332
Minimum wage,Person–environment fit,0.020833333333333332
Minimum wage,Contingent work,0.020833333333333332
Minimum wage,Workplace harassment,0.020833333333333332
Minimum wage,Remote work,0.020833333333333332
Minimum wage,Executive search,0.020833333333333332
Minimum wage,Job satisfaction,0.020833333333333332
Minimum wage,Realistic job preview,0.020833333333333332
Minimum wage,Shift work,0.020833333333333332
Minimum wage,Temporary work,0.020833333333333332
Minimum wage,Exit interview,0.020833333333333332
Minimum wage,Neurodiversity and labor rights,0.020833333333333332
Minimum wage,Mentorship,0.020833333333333332
Minimum wage,U.S. labor law,0.020833333333333332
Minimum wage,Wages,0.020833333333333332
Minimum wage,Employee benefits,0.020833333333333332
Minimum wage,Pink slip (employment),0.020833333333333332
Minimum wage,Cost of labor,0.020833333333333332
Minimum wage,Retirement,0.020833333333333332
Minimum wage,Sick leave,0.020833333333333332
Minimum wage,Epilepsy and employment,0.020833333333333332
Women in peacekeeping,Women in Jordan,0.07692307692307693
Women in peacekeeping,Human migration,0.07692307692307693
Women in peacekeeping,United Nations Volunteers,0.07692307692307693
Women in peacekeeping,Women in Ghana,0.07692307692307693
Women in peacekeeping,Women in Mexico,0.07692307692307693
Women in peacekeeping,Federation of International Civil Servants' Associations,0.07692307692307693
Women in peacekeeping,Women in Ivory Coast,0.07692307692307693
Women in peacekeeping,Women in China,0.07692307692307693
Women in peacekeeping,Women in Nepal,0.07692307692307693
Women in peacekeeping,Gender parity,0.07692307692307693
Women in peacekeeping,International Finance Corporation,0.07692307692307693
Women in peacekeeping,Declaration on the Rights of Indigenous Peoples,0.07692307692307693
Women in peacekeeping,Women in Mauritius,0.07692307692307693
COVID-19 protests in the United States,Impact of the COVID-19 pandemic on people with disabilities,0.5
COVID-19 protests in the United States,Impact of the COVID-19 pandemic on the arts and cultural heritage,0.5
Public toilet,🚻,0.5
Public toilet,Occupational Health and Safety,0.5
Information management,Social entrepreneurship,0.045454545454545456
Information management,Management consulting,0.045454545454545456
Information management,Virtual management,0.045454545454545456
Information management,Management by objectives,0.045454545454545456
Information management,Matrix organization,0.045454545454545456
Information management,Insourcing,0.045454545454545456
Information management,In-house,0.045454545454545456
Information management,Policies,0.045454545454545456
Information management,Organizational behavior management,0.045454545454545456
Information management,Knowledge organization,0.045454545454545456
Information management,Business information,0.045454545454545456
Information management,Line management,0.045454545454545456
Information management,Information society,0.045454545454545456
Information management,Staff management,0.045454545454545456
Information management,Program management,0.045454545454545456
Information management,Reputation management,0.045454545454545456
Information management,Public information,0.045454545454545456
Information management,Innovation management,0.045454545454545456
Information management,Censorship,0.045454545454545456
Information management,Critical success factor,0.045454545454545456
Information management,Business process redesign,0.045454545454545456
Information management,Systems management,0.045454545454545456
Employment counsellor,Social exclusion,0.2
Employment counsellor,Industrial and organizational psychology,0.2
Employment counsellor,Career guide,0.2
Employment counsellor,Psychologist,0.2
Employment counsellor,Standard Occupational Classification System,0.2
Human Resources University,Career path,1.0
Perquisites,Relocation services,0.5
Perquisites,Perq,0.5
ISO 24801 Recreational diving services — Requirements for the training of recreational scuba divers,Scuba refresher course,0.25
ISO 24801 Recreational diving services — Requirements for the training of recreational scuba divers,Suunto,0.25
ISO 24801 Recreational diving services — Requirements for the training of recreational scuba divers,ISO recreational diving training standards,0.25
ISO 24801 Recreational diving services — Requirements for the training of recreational scuba divers,Refresher training (diving),0.25
History of feminism,Purplewashing,0.1
History of feminism,Women's suffrage in Wales,0.1
History of feminism,Sex workers' rights,0.1
History of feminism,Invisible labor,0.1
History of feminism,Women's empowerment,0.1
History of feminism,Women in Vietnam,0.1
History of feminism,Women in peacekeeping,0.1
History of feminism,Chicago Women's Liberation Union,0.1
History of feminism,Pro-feminism,0.1
History of feminism,Social media,0.1
Social exclusion,Caste system in India,0.05263157894736842
Social exclusion,Community development,0.05263157894736842
Social exclusion,Emiratisation,0.05263157894736842
Social exclusion,Feminization of poverty,0.05263157894736842
Social exclusion,Community education,0.05263157894736842
Social exclusion,Urban planning,0.05263157894736842
Social exclusion,Transport divide,0.05263157894736842
Social exclusion,Social firm,0.05263157894736842
Social exclusion,Marginalisation,0.05263157894736842
Social exclusion,Community psychology,0.05263157894736842
Social exclusion,Outsourcing,0.05263157894736842
Social exclusion,Ranked society,0.05263157894736842
Social exclusion,Sociology,0.05263157894736842
Social exclusion,Social work,0.05263157894736842
Social exclusion,White privilege,0.05263157894736842
Social exclusion,Race and health,0.05263157894736842
Social exclusion,Social support,0.05263157894736842
Social exclusion,Prosocial behavior,0.05263157894736842
Social exclusion,Social privilege,0.05263157894736842
Milieu,W.E.B. Du Bois,0.5
Milieu,Social psychology (sociology),0.5
W.E.B. Du Bois,Labor unions in the United States,0.1
W.E.B. Du Bois,Maulana Karenga,0.1
W.E.B. Du Bois,Council for United Civil Rights Leadership,0.1
W.E.B. Du Bois,Sociologist,0.1
W.E.B. Du Bois,Du Bois Orchestra,0.1
W.E.B. Du Bois,American Left,0.1
W.E.B. Du Bois,W.E.B. DuBois,0.1
W.E.B. Du Bois,Mores,0.1
W.E.B. Du Bois,1964–1965 Scripto strike,0.1
W.E.B. Du Bois,United States labor law,0.1
Daniel R. Denison,Sociology,0.5
Daniel R. Denison,Organizational psychology,0.5
List of employee-owned companies,List of energy cooperatives,0.2
List of employee-owned companies,PA Consulting Group,0.2
List of employee-owned companies,Arup Group,0.2
List of employee-owned companies,Employee ownership,0.2
List of employee-owned companies,Rosendin Electric,0.2
Economic oppression,Privilege (social inequality),0.5
Economic oppression,Matrix of domination,0.5
Griggs v. Duke Power Co.,US labor law,1.0
Activist shareholders,Change to Win Federation,1.0
Business process management,Business processes,0.1
Business process management,Business process re-engineering,0.1
Business process management,Capability management in business,0.1
Business process management,Managed services,0.1
Business process management,Program management,0.1
Business process management,Innovation management,0.1
Business process management,Systems management,0.1
Business process management,Business statistics,0.1
Business process management,Business rules,0.1
Business process management,Corporate law,0.1
Jeremy Rifkin,Foundation on Economic Trends,1.0
Social psychology (sociology),Labeling theory,0.3333333333333333
Social psychology (sociology),W.E.B. Du Bois,0.3333333333333333
Social psychology (sociology),Role theory,0.3333333333333333
Executive search,Workplace bullying,0.058823529411764705
Executive search,List of countries by unemployment rate,0.058823529411764705
Executive search,Gender pay gap,0.058823529411764705
Executive search,Termination of employment,0.058823529411764705
Executive search,Performance-related pay,0.058823529411764705
Executive search,Executive pay,0.058823529411764705
Executive search,Permanent employment,0.058823529411764705
Executive search,Work accident,0.058823529411764705
Executive search,Person–environment fit,0.058823529411764705
Executive search,Workplace harassment,0.058823529411764705
Executive search,Remote work,0.058823529411764705
Executive search,Job satisfaction,0.058823529411764705
Executive search,Exit interview,0.058823529411764705
Executive search,Mentorship,0.058823529411764705
Executive search,Pink slip (employment),0.058823529411764705
Executive search,Retirement,0.058823529411764705
Executive search,Sick leave,0.058823529411764705
Comparative psychology,Media psychology,0.14285714285714285
Comparative psychology,John B. Calhoun,0.14285714285714285
Comparative psychology,Humanistic psychology,0.14285714285714285
Comparative psychology,Sport psychology,0.14285714285714285
Comparative psychology,Positive psychology,0.14285714285714285
Comparative psychology,Self-report inventory,0.14285714285714285
Comparative psychology,Ethnicity,0.14285714285714285
Abnormal psychology,Media psychology,0.07692307692307693
Abnormal psychology,Humanistic psychology,0.07692307692307693
Abnormal psychology,Humanistic Psychology,0.07692307692307693
Abnormal psychology,Urban planning,0.07692307692307693
Abnormal psychology,Demography,0.07692307692307693
Abnormal psychology,Sport psychology,0.07692307692307693
Abnormal psychology,Community psychology,0.07692307692307693
Abnormal psychology,Social work,0.07692307692307693
Abnormal psychology,Social environment,0.07692307692307693
Abnormal psychology,Positive psychology,0.07692307692307693
Abnormal psychology,Self-report inventory,0.07692307692307693
Abnormal psychology,Comparative psychology,0.07692307692307693
Abnormal psychology,Geography,0.07692307692307693
List of disability-related terms that developed negative connotations,Occupational therapy,0.5
List of disability-related terms that developed negative connotations,Ticket to Work,0.5
Social movement,Industrial sociology,0.06666666666666667
Social movement,Here Comes Everybody: The Power of Organizing Without Organizations,0.06666666666666667
Social movement,Demography,0.06666666666666667
Social movement,Union organizer,0.06666666666666667
Social movement,Gay rights movement,0.06666666666666667
Social movement,Coffeehouse,0.06666666666666667
Social movement,Sociology,0.06666666666666667
Social movement,Social environment,0.06666666666666667
Social movement,Survey (human research),0.06666666666666667
Social movement,W.E.B. Du Bois,0.06666666666666667
Social movement,Social psychology (sociology),0.06666666666666667
Social movement,Political,0.06666666666666667
Social movement,Framing (social sciences),0.06666666666666667
Social movement,Ethnography,0.06666666666666667
Social movement,Social media,0.06666666666666667
Program management,Program manager,0.16666666666666666
Program management,Social entrepreneurship,0.16666666666666666
Program management,Virtual management,0.16666666666666666
Program management,Staff management,0.16666666666666666
Program management,Reputation management,0.16666666666666666
Program management,Systems management,0.16666666666666666
Social movements,Here Comes Everybody: The Power of Organizing Without Organizations,0.3333333333333333
Social movements,Gay rights movement,0.3333333333333333
Social movements,Coffeehouse,0.3333333333333333
Interpersonal relations,Business relations,0.125
Interpersonal relations,Human relations,0.125
Interpersonal relations,Impact of prostitution on mental health,0.125
Interpersonal relations,Human relations movement,0.125
Interpersonal relations,Companionship,0.125
Interpersonal relations,Social environment,0.125
Interpersonal relations,First date,0.125
Interpersonal relations,Acquaintance,0.125
Council for Canadians with Disabilities,Disability studies in education,0.2
Council for Canadians with Disabilities,Disability culture,0.2
Council for Canadians with Disabilities,Social exclusion,0.2
Council for Canadians with Disabilities,List of disability-related terms that developed negative connotations,0.2
Council for Canadians with Disabilities,Disability in the arts,0.2
Offices,Workwear,1.0
Employee stock ownership,Mondragon Corporation,0.09090909090909091
Employee stock ownership,Financial inclusion,0.09090909090909091
Employee stock ownership,Mondragon Cooperative Corporation,0.09090909090909091
Employee stock ownership,List of employee-owned companies,0.09090909090909091
Employee stock ownership,Employee benefit,0.09090909090909091
Employee stock ownership,Social enterprise,0.09090909090909091
Employee stock ownership,Employee stock option,0.09090909090909091
Employee stock ownership,Employee stock ownership plan,0.09090909090909091
Employee stock ownership,Employee benefits,0.09090909090909091
Employee stock ownership,Retirement,0.09090909090909091
Employee stock ownership,Share Incentive Plan,0.09090909090909091
Organizational diagnostics,Organizational development,0.08333333333333333
Organizational diagnostics,Organization workshop,0.08333333333333333
Organizational diagnostics,Organizational ethics,0.08333333333333333
Organizational diagnostics,Organizational theory,0.08333333333333333
Organizational diagnostics,Cellular organizational structure,0.08333333333333333
Organizational diagnostics,Organizational engineering,0.08333333333333333
Organizational diagnostics,Organizational performance,0.08333333333333333
Organizational diagnostics,Organizational justice,0.08333333333333333
Organizational diagnostics,Organization development,0.08333333333333333
Organizational diagnostics,Outline of organizational theory,0.08333333333333333
Organizational diagnostics,Industrial and organizational psychology,0.08333333333333333
Organizational diagnostics,Managing change,0.08333333333333333
Organizational psychology,Health and safety,0.058823529411764705
Organizational psychology,Problem-solving,0.058823529411764705
Organizational psychology,Organizational development,0.058823529411764705
Organizational psychology,Hierarchical linear modeling,0.058823529411764705
Organizational psychology,Job analysis,0.058823529411764705
Organizational psychology,Safety climate,0.058823529411764705
Organizational psychology,Multilevel modeling,0.058823529411764705
Organizational psychology,Occupational health and safety,0.058823529411764705
Organizational psychology,Human resources development,0.058823529411764705
Organizational psychology,Individual assessment,0.058823529411764705
Organizational psychology,Focus groups,0.058823529411764705
Organizational psychology,Job rotation,0.058823529411764705
Organizational psychology,Individual psychological assessment,0.058823529411764705
Organizational psychology,Occupational safety,0.058823529411764705
Organizational psychology,Work design,0.058823529411764705
Organizational psychology,Organizational analysis,0.058823529411764705
Organizational psychology,Ethnographic,0.058823529411764705
Freelance,Advertising industry,0.08333333333333333
Freelance,Management consulting,0.08333333333333333
Freelance,Offshore outsourcing,0.08333333333333333
Freelance,Public relations,0.08333333333333333
Freelance,Car rental,0.08333333333333333
Freelance,Coffeehouse,0.08333333333333333
Freelance,Comparison of crowdfunding services,0.08333333333333333
Freelance,Web development,0.08333333333333333
Freelance,Casual employment,0.08333333333333333
Freelance,Entertainment,0.08333333333333333
Freelance,Fiverr,0.08333333333333333
Freelance,McKinsey Global Institute,0.08333333333333333
Universal Declaration on Cultural Diversity,The Prince's Trust,0.5
Universal Declaration on Cultural Diversity,Media pluralism,0.5
History of mental healthcare,Mindfulness (psychology),0.3333333333333333
History of mental healthcare,Mental health in the United States,0.3333333333333333
History of mental healthcare,Sociological,0.3333333333333333
Brand engagement,Social media,1.0
Managerial grid model,Leadership style,0.16666666666666666
Managerial grid model,Theory X,0.16666666666666666
Managerial grid model,Teamwork,0.16666666666666666
Managerial grid model,Theory Y,0.16666666666666666
Managerial grid model,Michael Porter,0.16666666666666666
Managerial grid model,Strategic thinking,0.16666666666666666
International labour law,Corporate citizenship,0.5
International labour law,European labour law,0.5
Reputation management,Social entrepreneurship,0.09090909090909091
Reputation management,Virtual management,0.09090909090909091
Reputation management,Public relations,0.09090909090909091
Reputation management,Occupation (protest),0.09090909090909091
Reputation management,Staff management,0.09090909090909091
Reputation management,Alternative media,0.09090909090909091
Reputation management,Publicity,0.09090909090909091
Reputation management,Censorship,0.09090909090909091
Reputation management,Fiverr,0.09090909090909091
Reputation management,Systems management,0.09090909090909091
Reputation management,Activism,0.09090909090909091
Cultural intelligence,Intercultural communication,0.5
Cultural intelligence,Asset (intelligence),0.5
Person-environment fit,Personality-Job Fit Theory,0.3333333333333333
Person-environment fit,Freelancer,0.3333333333333333
Person-environment fit,Organizational psychology,0.3333333333333333
Demotion,Laid off,1.0
Employee benefit,Financial inclusion,0.3333333333333333
Employee benefit,Relocation services,0.3333333333333333
Employee benefit,Perq,0.3333333333333333
Company,Third Way,0.16666666666666666
Company,Firm,0.16666666666666666
Company,Corporation,0.16666666666666666
Company,Voluntary association,0.16666666666666666
Company,United Kingdom company law,0.16666666666666666
Company,Sole proprietorship,0.16666666666666666
Live quitting,Employee disengagement,0.5
Live quitting,Work culture,0.5
Corporation,Workplace impact of artificial intelligence,0.05555555555555555
Corporation,Corp.,0.05555555555555555
Corporation,Third Way,0.05555555555555555
Corporation,Corporate video,0.05555555555555555
Corporation,Vorstand,0.05555555555555555
Corporation,Workwear,0.05555555555555555
Corporation,Corporate transparency,0.05555555555555555
Corporation,Corporate citizenship,0.05555555555555555
Corporation,Corporate promoter,0.05555555555555555
Corporation,Registered agent,0.05555555555555555
Corporation,Benefit corporation,0.05555555555555555
Corporation,Corporate social responsibility,0.05555555555555555
Corporation,Quality of working life,0.05555555555555555
Corporation,Corporate services,0.05555555555555555
Corporation,Voluntary association,0.05555555555555555
Corporation,Corporate,0.05555555555555555
Corporation,United Kingdom company law,0.05555555555555555
Corporation,Corporate law,0.05555555555555555
White privilege,Cultural appropriation,0.125
White privilege,Whiteness theory,0.125
White privilege,W. E. B. Du Bois,0.125
White privilege,Mores,0.125
White privilege,White Privilege,0.125
White privilege,Indigenous peoples,0.125
White privilege,Conservatism in the United States,0.125
White privilege,Social media,0.125
Industrial and organizational psychology,Industrial sociology,0.02564102564102564
Industrial and organizational psychology,Work motivation,0.02564102564102564
Industrial and organizational psychology,Media psychology,0.02564102564102564
Industrial and organizational psychology,Health and safety,0.02564102564102564
Industrial and organizational psychology,Problem-solving,0.02564102564102564
Industrial and organizational psychology,Organizational development,0.02564102564102564
Industrial and organizational psychology,Humanistic psychology,0.02564102564102564
Industrial and organizational psychology,Sport psychology,0.02564102564102564
Industrial and organizational psychology,Hierarchical linear modeling,0.02564102564102564
Industrial and organizational psychology,Community psychology,0.02564102564102564
Industrial and organizational psychology,Organization workshop,0.02564102564102564
Industrial and organizational psychology,Job analysis,0.02564102564102564
Industrial and organizational psychology,Safety climate,0.02564102564102564
Industrial and organizational psychology,Transformational leadership,0.02564102564102564
Industrial and organizational psychology,Human relations movement,0.02564102564102564
Industrial and organizational psychology,Cellular organizational structure,0.02564102564102564
Industrial and organizational psychology,Multilevel modeling,0.02564102564102564
Industrial and organizational psychology,Organizational engineering,0.02564102564102564
Industrial and organizational psychology,Occupational health and safety,0.02564102564102564
Industrial and organizational psychology,Positive psychology,0.02564102564102564
Industrial and organizational psychology,Self-report inventory,0.02564102564102564
Industrial and organizational psychology,Job crafting,0.02564102564102564
Industrial and organizational psychology,Organization development,0.02564102564102564
Industrial and organizational psychology,Human resources development,0.02564102564102564
Industrial and organizational psychology,Individual assessment,0.02564102564102564
Industrial and organizational psychology,Focus groups,0.02564102564102564
Industrial and organizational psychology,Comparative psychology,0.02564102564102564
Industrial and organizational psychology,Abnormal psychology,0.02564102564102564
Industrial and organizational psychology,Job rotation,0.02564102564102564
Industrial and organizational psychology,Individual psychological assessment,0.02564102564102564
Industrial and organizational psychology,Person-environment fit,0.02564102564102564
Industrial and organizational psychology,Quality of working life,0.02564102564102564
Industrial and organizational psychology,Occupational safety,0.02564102564102564
Industrial and organizational psychology,Work design,0.02564102564102564
Industrial and organizational psychology,Psychologist,0.02564102564102564
Industrial and organizational psychology,Organizational analysis,0.02564102564102564
Industrial and organizational psychology,Ethnographic,0.02564102564102564
Industrial and organizational psychology,Occupational medicine,0.02564102564102564
Industrial and organizational psychology,Fail fast (business),0.02564102564102564
Job satisfaction,Media psychology,0.029411764705882353
Job satisfaction,Workplace bullying,0.029411764705882353
Job satisfaction,List of countries by unemployment rate,0.029411764705882353
Job satisfaction,Employee value proposition,0.029411764705882353
Job satisfaction,Humanistic psychology,0.029411764705882353
Job satisfaction,Termination of employment,0.029411764705882353
Job satisfaction,Decent work,0.029411764705882353
Job satisfaction,Performance-related pay,0.029411764705882353
Job satisfaction,Sport psychology,0.029411764705882353
Job satisfaction,Organizational Justice,0.029411764705882353
Job satisfaction,Corporate culture,0.029411764705882353
Job satisfaction,Community psychology,0.029411764705882353
Job satisfaction,Permanent employment,0.029411764705882353
Job satisfaction,Work accident,0.029411764705882353
Job satisfaction,Personality-Job Fit Theory,0.029411764705882353
Job satisfaction,Job analysis,0.029411764705882353
Job satisfaction,Positive psychology,0.029411764705882353
Job satisfaction,Person–environment fit,0.029411764705882353
Job satisfaction,Workplace harassment,0.029411764705882353
Job satisfaction,Remote work,0.029411764705882353
Job satisfaction,Comparative psychology,0.029411764705882353
Job satisfaction,Abnormal psychology,0.029411764705882353
Job satisfaction,Job rotation,0.029411764705882353
Job satisfaction,Person-environment fit,0.029411764705882353
Job satisfaction,Job shadow,0.029411764705882353
Job satisfaction,Corporation,0.029411764705882353
Job satisfaction,Industrial and organizational psychology,0.029411764705882353
Job satisfaction,Quality of working life,0.029411764705882353
Job satisfaction,Mentorship,0.029411764705882353
Job satisfaction,Core self-evaluations,0.029411764705882353
Job satisfaction,Wages,0.029411764705882353
Job satisfaction,Pink slip (employment),0.029411764705882353
Job satisfaction,Retirement,0.029411764705882353
Job satisfaction,Sick leave,0.029411764705882353
Realistic job preview,Sexual harassment,0.03125
Realistic job preview,Workplace bullying,0.03125
Realistic job preview,List of countries by unemployment rate,0.03125
Realistic job preview,Gender pay gap,0.03125
Realistic job preview,Termination of employment,0.03125
Realistic job preview,Performance-related pay,0.03125
Realistic job preview,Cooperative,0.03125
Realistic job preview,Sunday scaries,0.03125
Realistic job preview,Supervisor,0.03125
Realistic job preview,Wage,0.03125
Realistic job preview,Human resource management,0.03125
Realistic job preview,Demographic,0.03125
Realistic job preview,Permanent employment,0.03125
Realistic job preview,Work accident,0.03125
Realistic job preview,Schedule (workplace),0.03125
Realistic job preview,Performance management,0.03125
Realistic job preview,Person–environment fit,0.03125
Realistic job preview,Contingent work,0.03125
Realistic job preview,Workplace harassment,0.03125
Realistic job preview,Remote work,0.03125
Realistic job preview,Executive search,0.03125
Realistic job preview,Job satisfaction,0.03125
Realistic job preview,Shift work,0.03125
Realistic job preview,Temporary work,0.03125
Realistic job preview,Exit interview,0.03125
Realistic job preview,Mentorship,0.03125
Realistic job preview,Employee benefits,0.03125
Realistic job preview,Pink slip (employment),0.03125
Realistic job preview,Retirement,0.03125
Realistic job preview,Company culture,0.03125
Realistic job preview,Sick leave,0.03125
Realistic job preview,Epilepsy and employment,0.03125
Offshoring,Global delivery model,0.08333333333333333
Offshoring,Ernst & Young,0.08333333333333333
Offshoring,Reshoring,0.08333333333333333
Offshoring,Offshore outsourcing,0.08333333333333333
Offshoring,Insourcing,0.08333333333333333
Offshoring,Working capital,0.08333333333333333
Offshoring,Outsourcing,0.08333333333333333
Offshoring,Offshore Software R&D,0.08333333333333333
Offshoring,Information technology outsourcing,0.08333333333333333
Offshoring,Santander UK,0.08333333333333333
Offshoring,Global financial system,0.08333333333333333
Offshoring,Remote In-Sourcing,0.08333333333333333
Anti-discrimination law,Sexual harassment,0.16666666666666666
Anti-discrimination law,Taste-based discrimination,0.16666666666666666
Anti-discrimination law,Oppression,0.16666666666666666
Anti-discrimination law,Anti-racism,0.16666666666666666
Anti-discrimination law,Employment discrimination law in the United Kingdom,0.16666666666666666
Anti-discrimination law,Sexism,0.16666666666666666
Interpersonal communication,Pedagogical communication,0.14285714285714285
Interpersonal communication,Attribution theory,0.14285714285714285
Interpersonal communication,Coordinated management of meaning,0.14285714285714285
Interpersonal communication,Communication design,0.14285714285714285
Interpersonal communication,Public relations,0.14285714285714285
Interpersonal communication,Coordinated Management of Meaning,0.14285714285714285
Interpersonal communication,Crisis communication,0.14285714285714285
Inclusion (value and practice),Community development,0.14285714285714285
Inclusion (value and practice),Emiratisation,0.14285714285714285
Inclusion (value and practice),Feminization of poverty,0.14285714285714285
Inclusion (value and practice),Community education,0.14285714285714285
Inclusion (value and practice),Transport divide,0.14285714285714285
Inclusion (value and practice),Social firm,0.14285714285714285
Inclusion (value and practice),Prosocial behavior,0.14285714285714285
Business culture,Workplace bullying,0.025
Business culture,Power distance,0.025
Business culture,Gerard Egan,0.025
Business culture,Matrix management,0.025
Business culture,Diversity ideologies,0.025
Business culture,Business intelligence,0.025
Business culture,Geert Hofstede,0.025
Business culture,Sociologist,0.025
Business culture,Employee performance,0.025
Business culture,Capability management in business,0.025
Business culture,Cultural appropriation,0.025
Business culture,Intercultural communication,0.025
Business culture,Organization workshop,0.025
Business culture,Disability culture,0.025
Business culture,Management style,0.025
Business culture,Cellular organizational structure,0.025
Business culture,Organizational engineering,0.025
Business culture,Organization development,0.025
Business culture,Daniel R. Denison,0.025
Business culture,Business process management,0.025
Business culture,Three circles model,0.025
Business culture,Organizational psychology,0.025
Business culture,Cultural intelligence,0.025
Business culture,Corporation,0.025
Business culture,Industrial and organizational psychology,0.025
Business culture,Job satisfaction,0.025
Business culture,Precarious work,0.025
Business culture,Innovation management,0.025
Business culture,Bennett scale,0.025
Business culture,Organization theory,0.025
Business culture,Cultural unitarism,0.025
Business culture,Systems management,0.025
Business culture,Inclusiveness,0.025
Business culture,Hofstede's cultural dimensions theory,0.025
Business culture,Uncertainty avoidance,0.025
Business culture,Managers,0.025
Business culture,Business statistics,0.025
Business culture,Fail fast (business),0.025
Business culture,Commercial management,0.025
Business culture,Corporate law,0.025
Team leader,Work motivation,0.5
Team leader,Team,0.5
Permatemp,Staffing firm,1.0
Corporate structure,Hybrid organization,1.0
Race and health,Medical racism,0.16666666666666666
Race and health,Race and genetics,0.16666666666666666
Race and health,Ethnic group,0.16666666666666666
Race and health,Social cognitive theory,0.16666666666666666
Race and health,Ethnicity,0.16666666666666666
Race and health,Ethnicity and health,0.16666666666666666
Natural capital,Fisheries law,0.16666666666666666
Natural capital,Urban planning,0.16666666666666666
Natural capital,Demography,0.16666666666666666
Natural capital,Working capital,0.16666666666666666
Natural capital,Sexecology,0.16666666666666666
Natural capital,Commons,0.16666666666666666
Shift work,Pen-down strike,0.02564102564102564
Shift work,Workplace bullying,0.02564102564102564
Shift work,Lockout (industry),0.02564102564102564
Shift work,List of countries by unemployment rate,0.02564102564102564
Shift work,Gender pay gap,0.02564102564102564
Shift work,Termination of employment,0.02564102564102564
Shift work,Social movement unionism,0.02564102564102564
Shift work,Decent work,0.02564102564102564
Shift work,Performance-related pay,0.02564102564102564
Shift work,Cooperative,0.02564102564102564
Shift work,Sunday scaries,0.02564102564102564
Shift work,Supervisor,0.02564102564102564
Shift work,Wage,0.02564102564102564
Shift work,Employee scheduling software,0.02564102564102564
Shift work,Permanent employment,0.02564102564102564
Shift work,Work accident,0.02564102564102564
Shift work,Union busting,0.02564102564102564
Shift work,Collective bargaining,0.02564102564102564
Shift work,Person–environment fit,0.02564102564102564
Shift work,Contingent work,0.02564102564102564
Shift work,Workplace harassment,0.02564102564102564
Shift work,Remote work,0.02564102564102564
Shift work,Executive search,0.02564102564102564
Shift work,Job satisfaction,0.02564102564102564
Shift work,Temporary work,0.02564102564102564
Shift work,Day shifts,0.02564102564102564
Shift work,Exit interview,0.02564102564102564
Shift work,Working nights,0.02564102564102564
Shift work,Neurodiversity and labor rights,0.02564102564102564
Shift work,Mentorship,0.02564102564102564
Shift work,Shift-based hiring,0.02564102564102564
Shift work,Employee benefits,0.02564102564102564
Shift work,Pink slip (employment),0.02564102564102564
Shift work,Direct support professional,0.02564102564102564
Shift work,Shift based hiring,0.02564102564102564
Shift work,Retirement,0.02564102564102564
Shift work,Second shift,0.02564102564102564
Shift work,Sick leave,0.02564102564102564
Shift work,Epilepsy and employment,0.02564102564102564
Precarious work,Pen-down strike,0.05555555555555555
Precarious work,Economy,0.05555555555555555
Precarious work,Featherbedding,0.05555555555555555
Precarious work,Community unionism,0.05555555555555555
Precarious work,Grievance (labour),0.05555555555555555
Precarious work,Social movement unionism,0.05555555555555555
Precarious work,Decent work,0.05555555555555555
Precarious work,Members-only unionism,0.05555555555555555
Precarious work,Union organizer,0.05555555555555555
Precarious work,Union busting,0.05555555555555555
Precarious work,Labor spying in the United States,0.05555555555555555
Precarious work,Company union,0.05555555555555555
Precarious work,Collective bargaining,0.05555555555555555
Precarious work,Contingent work,0.05555555555555555
Precarious work,Industrial action,0.05555555555555555
Precarious work,Remote work,0.05555555555555555
Precarious work,Social support,0.05555555555555555
Precarious work,Retirement,0.05555555555555555
Temporary work,Workplace bullying,0.03333333333333333
Temporary work,List of countries by unemployment rate,0.03333333333333333
Temporary work,Gender pay gap,0.03333333333333333
Temporary work,Termination of employment,0.03333333333333333
Temporary work,Performance-related pay,0.03333333333333333
Temporary work,Cooperative,0.03333333333333333
Temporary work,Freelance marketplace,0.03333333333333333
Temporary work,Wage,0.03333333333333333
Temporary work,Permanent employment,0.03333333333333333
Temporary work,Work accident,0.03333333333333333
Temporary work,Outsourcing,0.03333333333333333
Temporary work,Person–environment fit,0.03333333333333333
Temporary work,Contingent work,0.03333333333333333
Temporary work,Workplace harassment,0.03333333333333333
Temporary work,Remote work,0.03333333333333333
Temporary work,Executive search,0.03333333333333333
Temporary work,Freelance,0.03333333333333333
Temporary work,Employee benefit,0.03333333333333333
Temporary work,Job satisfaction,0.03333333333333333
Temporary work,Permatemp,0.03333333333333333
Temporary work,Precarious work,0.03333333333333333
Temporary work,Exit interview,0.03333333333333333
Temporary work,Mentorship,0.03333333333333333
Temporary work,Contingent workforce,0.03333333333333333
Temporary work,Wages,0.03333333333333333
Temporary work,Employee benefits,0.03333333333333333
Temporary work,Pink slip (employment),0.03333333333333333
Temporary work,Retirement,0.03333333333333333
Temporary work,Sick leave,0.03333333333333333
Temporary work,Epilepsy and employment,0.03333333333333333
Chief risk officer,Chief sustainability officer,0.3333333333333333
Chief risk officer,Internal auditing,0.3333333333333333
Chief risk officer,Three lines of defence,0.3333333333333333
Quality of working life,Workplace impact of artificial intelligence,0.5
Quality of working life,Workwear,0.5
Chief digital officer,Chief sustainability officer,0.2
Chief digital officer,Chief information security officer,0.2
Chief digital officer,Chief diversity officer,0.2
Chief digital officer,Chief risk officer,0.2
Chief digital officer,Chief learning officer,0.2
Employee assistance program,Presenteeism,1.0
Anti-racism,Sexual harassment,0.1111111111111111
Anti-racism,Taste-based discrimination,0.1111111111111111
Anti-racism,Oppression,0.1111111111111111
Anti-racism,Anti-bias curriculum,0.1111111111111111
Anti-racism,Oppressed,0.1111111111111111
Anti-racism,Institutional racism,0.1111111111111111
Anti-racism,Systemic racism,0.1111111111111111
Anti-racism,Equal opportunity,0.1111111111111111
Anti-racism,Sexism,0.1111111111111111
Universal access to education,Inclusive education,0.3333333333333333
Universal access to education,Indigenous peoples,0.3333333333333333
Universal access to education,Ethnicity,0.3333333333333333
Employment of autistic people,Developmental coordination disorder,0.25
Employment of autistic people,Intellectual giftedness,0.25
Employment of autistic people,Sheltered workshops,0.25
Employment of autistic people,Bonus payment,0.25
Labor union,Workers' self-management,0.02631578947368421
Labor union,Pen-down strike,0.02631578947368421
Labor union,Economy,0.02631578947368421
Labor union,Social Movement Unionism,0.02631578947368421
Labor union,Lockout (industry),0.02631578947368421
Labor union,Third Way,0.02631578947368421
Labor union,Featherbedding,0.02631578947368421
Labor union,Community unionism,0.02631578947368421
Labor union,Grievance (labour),0.02631578947368421
Labor union,Social movement unionism,0.02631578947368421
Labor union,Decent work,0.02631578947368421
Labor union,Members-only unionism,0.02631578947368421
Labor union,Public participation,0.02631578947368421
Labor union,Knights of Labor,0.02631578947368421
Labor union,Social democracy in the United States,0.02631578947368421
Labor union,Work (human activity),0.02631578947368421
Labor union,Union organizer,0.02631578947368421
Labor union,Trade unions in the United States,0.02631578947368421
Labor union,Industrial democracy,0.02631578947368421
Labor union,Trade unions in Qatar,0.02631578947368421
Labor union,Union busting,0.02631578947368421
Labor union,Labor spying in the United States,0.02631578947368421
Labor union,Company union,0.02631578947368421
Labor union,Collective bargaining,0.02631578947368421
Labor union,Contingent work,0.02631578947368421
Labor union,Industrial action,0.02631578947368421
Labor union,Corporation,0.02631578947368421
Labor union,Precarious work,0.02631578947368421
Labor union,Neurodiversity and labor rights,0.02631578947368421
Labor union,Consumer organization,0.02631578947368421
Labor union,Social support,0.02631578947368421
Labor union,Employee benefits,0.02631578947368421
Labor union,Nationality,0.02631578947368421
Labor union,Group insurance,0.02631578947368421
Labor union,Benefit society,0.02631578947368421
Labor union,Trade association,0.02631578947368421
Labor union,Sick leave,0.02631578947368421
Labor union,Labour Union,0.02631578947368421
Temporary employment,Workplace bullying,0.09090909090909091
Temporary employment,Termination of employment,0.09090909090909091
Temporary employment,Freelance marketplace,0.09090909090909091
Temporary employment,Work accident,0.09090909090909091
Temporary employment,Outsourcing,0.09090909090909091
Temporary employment,Workplace harassment,0.09090909090909091
Temporary employment,Freelance,0.09090909090909091
Temporary employment,Employee benefit,0.09090909090909091
Temporary employment,Permatemp,0.09090909090909091
Temporary employment,Contingent workforce,0.09090909090909091
Temporary employment,Wages,0.09090909090909091
Work engagement,Work motivation,0.25
Work engagement,Adaptive performance,0.25
Work engagement,Mental health,0.25
Work engagement,Social support,0.25
Day shifts,Working nights,0.2
Day shifts,Shift-based hiring,0.2
Day shifts,Direct support professional,0.2
Day shifts,Shift based hiring,0.2
Day shifts,Second shift,0.2
Housekeeping,Occupational health and safety,1.0
Statistics,Multilevel model,0.25
Statistics,Management Science,0.25
Statistics,Survey sampling,0.25
Statistics,Decision support,0.25
Exit interview,Workplace bullying,0.058823529411764705
Exit interview,List of countries by unemployment rate,0.058823529411764705
Exit interview,Benchmarking,0.058823529411764705
Exit interview,Gender pay gap,0.058823529411764705
Exit interview,Termination of employment,0.058823529411764705
Exit interview,Performance-related pay,0.058823529411764705
Exit interview,Permanent employment,0.058823529411764705
Exit interview,Work accident,0.058823529411764705
Exit interview,Person–environment fit,0.058823529411764705
Exit interview,Workplace harassment,0.058823529411764705
Exit interview,Remote work,0.058823529411764705
Exit interview,Job satisfaction,0.058823529411764705
Exit interview,Voluntary association,0.058823529411764705
Exit interview,Mentorship,0.058823529411764705
Exit interview,Pink slip (employment),0.058823529411764705
Exit interview,Retirement,0.058823529411764705
Exit interview,Sick leave,0.058823529411764705
Hybrid organization,Public relations,1.0
Seniority,Mentorship,1.0
Health education,Agricultural education,0.1111111111111111
Health education,21st century skills,0.1111111111111111
Health education,Adult education,0.1111111111111111
Health education,Patient opinion leader,0.1111111111111111
Health education,Emotional health,0.1111111111111111
Health education,Race and health,0.1111111111111111
Health education,Health Insurance Portability and Accountability Act,0.1111111111111111
Health education,Social cognitive theory,0.1111111111111111
Health education,Occupational medicine,0.1111111111111111
Political,Urban planning,0.06666666666666667
Political,Pluralism (political theory),0.06666666666666667
Political,Substantive democracy,0.06666666666666667
Political,Pluralist democracy,0.06666666666666667
Political,Public humanities,0.06666666666666667
Political,Ministry of social affairs,0.06666666666666667
Political,Governance,0.06666666666666667
Political,Populism,0.06666666666666667
Political,Policy,0.06666666666666667
Political,Public toilet,0.06666666666666667
Political,Statistics,0.06666666666666667
Political,E-democracy,0.06666666666666667
Political,Commons,0.06666666666666667
Political,Activism,0.06666666666666667
Political,Geography,0.06666666666666667
Innovation management,Social entrepreneurship,0.07692307692307693
Innovation management,Benchmarking,0.07692307692307693
Innovation management,Management consulting,0.07692307692307693
Innovation management,Virtual management,0.07692307692307693
Innovation management,Management by objectives,0.07692307692307693
Innovation management,Business process re-engineering,0.07692307692307693
Innovation management,Organizational behavior management,0.07692307692307693
Innovation management,Line management,0.07692307692307693
Innovation management,Staff management,0.07692307692307693
Innovation management,Program management,0.07692307692307693
Innovation management,Reputation management,0.07692307692307693
Innovation management,Innovation manager,0.07692307692307693
Innovation management,Systems management,0.07692307692307693
Framing (social sciences),Pluralistic ignorance,0.045454545454545456
Framing (social sciences),Public Relations,0.045454545454545456
Framing (social sciences),Focus group,0.045454545454545456
Framing (social sciences),Euphemistic misspeaking,0.045454545454545456
Framing (social sciences),Public relations,0.045454545454545456
Framing (social sciences),Magic (supernatural),0.045454545454545456
Framing (social sciences),Protest cycle,0.045454545454545456
Framing (social sciences),Occupation (protest),0.045454545454545456
Framing (social sciences),Internet Research Agency,0.045454545454545456
Framing (social sciences),Hysterical contagion,0.045454545454545456
Framing (social sciences),Framing rules,0.045454545454545456
Framing (social sciences),Stigmergy,0.045454545454545456
Framing (social sciences),Alternative media,0.045454545454545456
Framing (social sciences),Entertainment,0.045454545454545456
Framing (social sciences),Reputation management,0.045454545454545456
Framing (social sciences),Framing effect,0.045454545454545456
Framing (social sciences),Interpersonal communication,0.045454545454545456
Framing (social sciences),Style (visual arts),0.045454545454545456
Framing (social sciences),Publicity,0.045454545454545456
Framing (social sciences),Censorship,0.045454545454545456
Framing (social sciences),Activism,0.045454545454545456
Framing (social sciences),Media pluralism,0.045454545454545456
Loud quitting,Resenteeism,0.2
Loud quitting,Employee disengagement,0.2
Loud quitting,Quick quitting,0.2
Loud quitting,Work culture,0.2
Loud quitting,Social media,0.2
Cross cultural sensitivity,Cross-cultural competence,0.06666666666666667
Cross cultural sensitivity,Marginalisation,0.06666666666666667
Cross cultural sensitivity,Cultural appropriation,0.06666666666666667
Cross cultural sensitivity,Intercultural communication,0.06666666666666667
Cross cultural sensitivity,Demographic,0.06666666666666667
Cross cultural sensitivity,Disability culture,0.06666666666666667
Cross cultural sensitivity,Relational mobility,0.06666666666666667
Cross cultural sensitivity,Safety culture,0.06666666666666667
Cross cultural sensitivity,Buzzword,0.06666666666666667
Cross cultural sensitivity,Cultural intelligence,0.06666666666666667
Cross cultural sensitivity,Bennett scale,0.06666666666666667
Cross cultural sensitivity,Indigenous peoples,0.06666666666666667
Cross cultural sensitivity,Dominant culture,0.06666666666666667
Cross cultural sensitivity,Ethnicity,0.06666666666666667
Cross cultural sensitivity,Legal culture,0.06666666666666667
Job,Cooperative,0.08333333333333333
Job,Occupational safety and health,0.08333333333333333
Job,Human work,0.08333333333333333
Job,Profession,0.08333333333333333
Job,Politics,0.08333333333333333
Job,Minimum wage,0.08333333333333333
Job,Labor union,0.08333333333333333
Job,Seniority,0.08333333333333333
Job,Managerial,0.08333333333333333
Job,Virtual workplace,0.08333333333333333
Job,Trade union,0.08333333333333333
Job,Office,0.08333333333333333
Occupational injustice,Occupational medicine,1.0
Career guide,Career Development Practitioner,0.3333333333333333
Career guide,Careers advisor,0.3333333333333333
Career guide,Career counselors,0.3333333333333333
Neurodiversity and labor rights,Developmental coordination disorder,0.3333333333333333
Neurodiversity and labor rights,Ernst & Young,0.3333333333333333
Neurodiversity and labor rights,Employment of autistic people,0.3333333333333333
Systemic racism,UN Declaration on the Rights of Indigenous Peoples,0.1
Systemic racism,Sociology,0.1
Systemic racism,Interpersonal relations,0.1
Systemic racism,Equality of opportunity,0.1
Systemic racism,White privilege,0.1
Systemic racism,Race and health,0.1
Systemic racism,Structural inequality,0.1
Systemic racism,Ethnic group,0.1
Systemic racism,Mission station,0.1
Systemic racism,Ethnicity,0.1
Discouraged worker,Organizational commitment,0.023809523809523808
Discouraged worker,Sexual harassment,0.023809523809523808
Discouraged worker,Workplace bullying,0.023809523809523808
Discouraged worker,List of countries by unemployment rate,0.023809523809523808
Discouraged worker,Gender pay gap,0.023809523809523808
Discouraged worker,Termination of employment,0.023809523809523808
Discouraged worker,Performance-related pay,0.023809523809523808
Discouraged worker,Cooperative,0.023809523809523808
Discouraged worker,On-call,0.023809523809523808
Discouraged worker,Sunday scaries,0.023809523809523808
Discouraged worker,Occupational safety and health,0.023809523809523808
Discouraged worker,Supervisor,0.023809523809523808
Discouraged worker,Layoff,0.023809523809523808
Discouraged worker,Personality–job fit theory,0.023809523809523808
Discouraged worker,Internship,0.023809523809523808
Discouraged worker,Wage,0.023809523809523808
Discouraged worker,Presenteeism,0.023809523809523808
Discouraged worker,Permanent employment,0.023809523809523808
Discouraged worker,Work accident,0.023809523809523808
Discouraged worker,Schedule (workplace),0.023809523809523808
Discouraged worker,Profession,0.023809523809523808
Discouraged worker,Person–environment fit,0.023809523809523808
Discouraged worker,Contingent work,0.023809523809523808
Discouraged worker,Workplace harassment,0.023809523809523808
Discouraged worker,Grey-collar,0.023809523809523808
Discouraged worker,Remote work,0.023809523809523808
Discouraged worker,Minimum wage,0.023809523809523808
Discouraged worker,Employment counsellor,0.023809523809523808
Discouraged worker,Executive search,0.023809523809523808
Discouraged worker,Job satisfaction,0.023809523809523808
Discouraged worker,Realistic job preview,0.023809523809523808
Discouraged worker,Shift work,0.023809523809523808
Discouraged worker,Temporary work,0.023809523809523808
Discouraged worker,Exit interview,0.023809523809523808
Discouraged worker,Mentorship,0.023809523809523808
Discouraged worker,Employee benefits,0.023809523809523808
Discouraged worker,Pink slip (employment),0.023809523809523808
Discouraged worker,Equal opportunity,0.023809523809523808
Discouraged worker,Retirement,0.023809523809523808
Discouraged worker,Sexism,0.023809523809523808
Discouraged worker,Sick leave,0.023809523809523808
Discouraged worker,Epilepsy and employment,0.023809523809523808
Cultural agility,Talent management,0.3333333333333333
Cultural agility,Cross-cultural competence,0.3333333333333333
Cultural agility,Cultural intelligence,0.3333333333333333
Internet addiction,Longitudinal study,0.5
Internet addiction,Addiction recovery groups,0.5
Affirmative action,Organizational commitment,0.02631578947368421
Affirmative action,Sexual harassment,0.02631578947368421
Affirmative action,Dead-end job,0.02631578947368421
Affirmative action,Turnover (employment),0.02631578947368421
Affirmative action,Taste-based discrimination,0.02631578947368421
Affirmative action,Cooperative,0.02631578947368421
Affirmative action,On-call,0.02631578947368421
Affirmative action,"Diversity, equity, and inclusion",0.02631578947368421
Affirmative action,Diversity training,0.02631578947368421
Affirmative action,Sunday scaries,0.02631578947368421
Affirmative action,Tokenism,0.02631578947368421
Affirmative action,Occupational safety and health,0.02631578947368421
Affirmative action,Supervisor,0.02631578947368421
Affirmative action,Layoff,0.02631578947368421
Affirmative action,Personality–job fit theory,0.02631578947368421
Affirmative action,Probation (workplace),0.02631578947368421
Affirmative action,Oppression,0.02631578947368421
Affirmative action,Internship,0.02631578947368421
Affirmative action,Wage,0.02631578947368421
Affirmative action,Disability rights movement,0.02631578947368421
Affirmative action,Presenteeism,0.02631578947368421
Affirmative action,Salary,0.02631578947368421
Affirmative action,Schedule (workplace),0.02631578947368421
Affirmative action,Career counseling,0.02631578947368421
Affirmative action,Profession,0.02631578947368421
Affirmative action,Workplace health promotion,0.02631578947368421
Affirmative action,Grey-collar,0.02631578947368421
Affirmative action,Minimum wage,0.02631578947368421
Affirmative action,Employment counsellor,0.02631578947368421
Affirmative action,Realistic job preview,0.02631578947368421
Affirmative action,Anti-discrimination law,0.02631578947368421
Affirmative action,Shift work,0.02631578947368421
Affirmative action,Temporary work,0.02631578947368421
Affirmative action,Anti-racism,0.02631578947368421
Affirmative action,Job,0.02631578947368421
Affirmative action,Discouraged worker,0.02631578947368421
Affirmative action,Equal opportunity,0.02631578947368421
Affirmative action,Sexism,0.02631578947368421
Talent manager,Artist services,0.3333333333333333
Talent manager,Entertainment industry,0.3333333333333333
Talent manager,Business manager,0.3333333333333333
Censorship,Pluralistic ignorance,0.1
Censorship,Behavioral contagion,0.1
Censorship,Public relations,0.1
Censorship,Occupation (protest),0.1
Censorship,Knowledge organization,0.1
Censorship,Information society,0.1
Censorship,Hysterical contagion,0.1
Censorship,Musician,0.1
Censorship,Alternative media,0.1
Censorship,Publicity,0.1
Impact of the COVID-19 pandemic on the arts and cultural heritage,Labor unions in the United States,0.14285714285714285
Impact of the COVID-19 pandemic on the arts and cultural heritage,Industry association,0.14285714285714285
Impact of the COVID-19 pandemic on the arts and cultural heritage,Brand loyalty,0.14285714285714285
Impact of the COVID-19 pandemic on the arts and cultural heritage,Communia,0.14285714285714285
Impact of the COVID-19 pandemic on the arts and cultural heritage,Metropolitan Opera,0.14285714285714285
Impact of the COVID-19 pandemic on the arts and cultural heritage,Art exhibition,0.14285714285714285
Impact of the COVID-19 pandemic on the arts and cultural heritage,Metropolitan opera,0.14285714285714285
Voluntary association,Co-operative,0.16666666666666666
Voluntary association,Service club,0.16666666666666666
Voluntary association,Social enterprise,0.16666666666666666
Voluntary association,Mutual-benefit nonprofit corporation,0.16666666666666666
Voluntary association,Conservatism in the United States,0.16666666666666666
Voluntary association,Trade association,0.16666666666666666
Corporate,Corp.,0.07692307692307693
Corporate,Corporate video,0.07692307692307693
Corporate,Vorstand,0.07692307692307693
Corporate,Workwear,0.07692307692307693
Corporate,Corporate transparency,0.07692307692307693
Corporate,Corporate citizenship,0.07692307692307693
Corporate,Corporate promoter,0.07692307692307693
Corporate,Registered agent,0.07692307692307693
Corporate,Benefit corporation,0.07692307692307693
Corporate,Corporate social responsibility,0.07692307692307693
Corporate,Corporate services,0.07692307692307693
Corporate,United Kingdom company law,0.07692307692307693
Corporate,Corporate law,0.07692307692307693
Social enterprise,Ashoka: Innovators for the Public,0.08333333333333333
Social enterprise,Co-operatives,0.08333333333333333
Social enterprise,Social firm,0.08333333333333333
Social enterprise,Co-operative,0.08333333333333333
Social enterprise,Social accounting,0.08333333333333333
Social enterprise,Empresa de insercion,0.08333333333333333
Social enterprise,Social responsibility,0.08333333333333333
Social enterprise,Market governance mechanism,0.08333333333333333
Social enterprise,Ashoka (non-profit organization),0.08333333333333333
Social enterprise,Social entrepreneurs,0.08333333333333333
Social enterprise,Employee-owned business,0.08333333333333333
Social enterprise,Socially disadvantaged,0.08333333333333333
Mentorship,Bamboo ceiling,0.047619047619047616
Mentorship,Workplace bullying,0.047619047619047616
Mentorship,Termination of employment,0.047619047619047616
Mentorship,Performance-related pay,0.047619047619047616
Mentorship,Role model,0.047619047619047616
Mentorship,Organization workshop,0.047619047619047616
Mentorship,Permanent employment,0.047619047619047616
Mentorship,Work accident,0.047619047619047616
Mentorship,Cellular organizational structure,0.047619047619047616
Mentorship,Organizational engineering,0.047619047619047616
Mentorship,Person–environment fit,0.047619047619047616
Mentorship,Organization development,0.047619047619047616
Mentorship,Workplace harassment,0.047619047619047616
Mentorship,Remote work,0.047619047619047616
Mentorship,Industrial and organizational psychology,0.047619047619047616
Mentorship,Pink slip (employment),0.047619047619047616
Mentorship,Protégé,0.047619047619047616
Mentorship,Retirement,0.047619047619047616
Mentorship,Social media,0.047619047619047616
Mentorship,Mentor,0.047619047619047616
Mentorship,Sick leave,0.047619047619047616
Sex discrimination,Social construction of gender,0.14285714285714285
Sex discrimination,Sexism in the technology industry,0.14285714285714285
Sex discrimination,Women's suffrage in Wales,0.14285714285714285
Sex discrimination,Sex workers' rights,0.14285714285714285
Sex discrimination,Women's empowerment,0.14285714285714285
Sex discrimination,Women in Vietnam,0.14285714285714285
Sex discrimination,Women in peacekeeping,0.14285714285714285
Consumer organization,Trade associations,0.2
Consumer organization,Actor analysis,0.2
Consumer organization,Survey research,0.2
Consumer organization,Trade organization,0.2
Consumer organization,Trade association,0.2
LinkedIn,Global LGBTQIA+ Employee & Allies at Microsoft,0.25
LinkedIn,Social media platform,0.25
LinkedIn,Bright.com,0.25
LinkedIn,Bill Gates,0.25
Bennett scale,Cultural appropriation,0.2
Bennett scale,Intercultural communication,0.2
Bennett scale,Cultural difference,0.2
Bennett scale,Cultural intelligence,0.2
Bennett scale,Cultural sensitivity,0.2
Managerial,Workers' self-management,0.0196078431372549
Managerial,Social entrepreneurship,0.0196078431372549
Managerial,Management consulting,0.0196078431372549
Managerial,Virtual management,0.0196078431372549
Managerial,Urban planning,0.0196078431372549
Managerial,Management by objectives,0.0196078431372549
Managerial,Demography,0.0196078431372549
Managerial,Business intelligence,0.0196078431372549
Managerial,Mentoring,0.0196078431372549
Managerial,Manager,0.0196078431372549
Managerial,Capability management in business,0.0196078431372549
Managerial,Management by walking around,0.0196078431372549
Managerial,Organizational behavior management,0.0196078431372549
Managerial,Business process reengineering,0.0196078431372549
Managerial,Organizational theory,0.0196078431372549
Managerial,Governance,0.0196078431372549
Managerial,Management style,0.0196078431372549
Managerial,Management science,0.0196078431372549
Managerial,Cog's Ladder,0.0196078431372549
Managerial,Executive compensation,0.0196078431372549
Managerial,Michael Porter,0.0196078431372549
Managerial,Organizational engineering,0.0196078431372549
Managerial,Sociology,0.0196078431372549
Managerial,Social work,0.0196078431372549
Managerial,Politics,0.0196078431372549
Managerial,Line management,0.0196078431372549
Managerial,Organization development,0.0196078431372549
Managerial,Policy,0.0196078431372549
Managerial,Staff management,0.0196078431372549
Managerial,Information management,0.0196078431372549
Managerial,Business process management,0.0196078431372549
Managerial,Abnormal psychology,0.0196078431372549
Managerial,Interpersonal,0.0196078431372549
Managerial,Program management,0.0196078431372549
Managerial,Managerial grid model,0.0196078431372549
Managerial,Reputation management,0.0196078431372549
Managerial,Corporation,0.0196078431372549
Managerial,Interpersonal communication,0.0196078431372549
Managerial,Team leader,0.0196078431372549
Managerial,Housekeeping,0.0196078431372549
Managerial,Innovation management,0.0196078431372549
Managerial,Executive director,0.0196078431372549
Managerial,Strategic thinking,0.0196078431372549
Managerial,Systems management,0.0196078431372549
Managerial,General manager,0.0196078431372549
Managerial,Business statistics,0.0196078431372549
Managerial,Geography,0.0196078431372549
Managerial,Commercial management,0.0196078431372549
Managerial,Corporate law,0.0196078431372549
Managerial,Management consultant,0.0196078431372549
Managerial,Bill Gates,0.0196078431372549
Employee stock option,Employee stock ownership program,1.0
Cross-cultural,Cross-cultural leadership,0.0625
Cross-cultural,Negotiation,0.0625
Cross-cultural,Cross-cultural capital,0.0625
Cross-cultural,Cultural appropriation,0.0625
Cross-cultural,Intercultural communication,0.0625
Cross-cultural,Statistical,0.0625
Cross-cultural,Disability culture,0.0625
Cross-cultural,Relational mobility,0.0625
Cross-cultural,Safety culture,0.0625
Cross-cultural,Cultural intelligence,0.0625
Cross-cultural,Cross cultural sensitivity,0.0625
Cross-cultural,Cultural agility,0.0625
Cross-cultural,Bennett scale,0.0625
Cross-cultural,Ethnography,0.0625
Cross-cultural,Dominant culture,0.0625
Cross-cultural,Legal culture,0.0625
Educational inequality,Secretaries,0.25
Educational inequality,Focus group,0.25
Educational inequality,Racial inequality in education,0.25
Educational inequality,Structural inequality in education,0.25
Indigenous peoples,Indigenous studies,0.06666666666666667
Indigenous peoples,Ethnic identity development,0.06666666666666667
Indigenous peoples,Native American studies,0.06666666666666667
Indigenous peoples,Racism against indigenous peoples,0.06666666666666667
Indigenous peoples,UN Declaration on the Rights of Indigenous Peoples,0.06666666666666667
Indigenous peoples,First peoples,0.06666666666666667
Indigenous peoples,Ethnoburb,0.06666666666666667
Indigenous peoples,Amazon Conservation Team,0.06666666666666667
Indigenous peoples,Ethnic origin,0.06666666666666667
Indigenous peoples,Mores,0.06666666666666667
Indigenous peoples,Declaration on the Rights of Indigenous Peoples,0.06666666666666667
Indigenous peoples,First nations,0.06666666666666667
Indigenous peoples,Ethnic group,0.06666666666666667
Indigenous peoples,Nationality,0.06666666666666667
Indigenous peoples,Ecotourism,0.06666666666666667
Women in cooperatives,Education gap,0.25
Women in cooperatives,Lobbying,0.25
Women in cooperatives,Culturally sensitive,0.25
Women in cooperatives,Ethnic group,0.25
U.S. labor law,Corporate promoters,0.03225806451612903
U.S. labor law,Labor unions in the United States,0.03225806451612903
U.S. labor law,Executive pay,0.03225806451612903
U.S. labor law,International labor law,0.03225806451612903
U.S. labor law,Knights of Labor,0.03225806451612903
U.S. labor law,Negotiation,0.03225806451612903
U.S. labor law,Work council,0.03225806451612903
U.S. labor law,UK employment discrimination law,0.03225806451612903
U.S. labor law,Employee stock ownership plans,0.03225806451612903
U.S. labor law,HMO,0.03225806451612903
U.S. labor law,US labor law,0.03225806451612903
U.S. labor law,Work councils,0.03225806451612903
U.S. labor law,Trade unions in the United States,0.03225806451612903
U.S. labor law,Company union,0.03225806451612903
U.S. labor law,Social inclusion,0.03225806451612903
U.S. labor law,List of minimum annual leave by country,0.03225806451612903
U.S. labor law,Work–family balance in the United States,0.03225806451612903
U.S. labor law,Federal Labor Relations Act of 1978,0.03225806451612903
U.S. labor law,Layoffs,0.03225806451612903
U.S. labor law,Coverage by collective agreement,0.03225806451612903
U.S. labor law,Teamwork for Employees and Managers Act of 1995,0.03225806451612903
U.S. labor law,International labour law,0.03225806451612903
U.S. labor law,Labor unions in the US,0.03225806451612903
U.S. labor law,Labor unions,0.03225806451612903
U.S. labor law,Federal Service Labor-Management Relations Statute,0.03225806451612903
U.S. labor law,International labor standards,0.03225806451612903
U.S. labor law,Workplace Democracy Act,0.03225806451612903
U.S. labor law,European labour law,0.03225806451612903
U.S. labor law,Change to Win Federation,0.03225806451612903
U.S. labor law,Workplace Democracy Act of 1999,0.03225806451612903
U.S. labor law,Disparate treatment,0.03225806451612903
Contingent workforce,Grievance (labour),0.1
Contingent workforce,Union organizer,0.1
Contingent workforce,Casual work,0.1
Contingent workforce,Freelancer,0.1
Contingent workforce,Company union,0.1
Contingent workforce,Lobbying,0.1
Contingent workforce,Casual employment,0.1
Contingent workforce,Permatemp,0.1
Contingent workforce,Political,0.1
Contingent workforce,Social support,0.1
Mindfulness (psychology),Psychological intervention,1.0
Social support,Grievance (labour),0.16666666666666666
Social support,Union organizer,0.16666666666666666
Social support,Company union,0.16666666666666666
Social support,Supported housing,0.16666666666666666
Social support,Prosocial behavior,0.16666666666666666
Social support,Psychiatric rehabilitation,0.16666666666666666
Agency cost,Dodge v. Ford Motor Co.,0.5
Agency cost,Corporate management,0.5
Racial justice,Power distance,0.125
Racial justice,Gender pay gap,0.125
Racial justice,Oppressed,0.125
Racial justice,Institutional racism,0.125
Racial justice,Social exclusion,0.125
Racial justice,White privilege,0.125
Racial justice,Systemic racism,0.125
Racial justice,Social privilege,0.125
United Kingdom company law,Asset managers,0.05
United Kingdom company law,Vorstand,0.05
United Kingdom company law,Executive pay,0.05
United Kingdom company law,Ernst & Young,0.05
United Kingdom company law,Employee share schemes,0.05
United Kingdom company law,Sole trader,0.05
United Kingdom company law,Company promoters,0.05
United Kingdom company law,United Kingdom labour law,0.05
United Kingdom company law,United Kingdom employment equality law,0.05
United Kingdom company law,Taxpayer,0.05
United Kingdom company law,History of company law,0.05
United Kingdom company law,British Insulated Callender's Cables,0.05
United Kingdom company law,Economic,0.05
United Kingdom company law,Dodge v. Ford Motor Company,0.05
United Kingdom company law,Workplace participation in the United Kingdom,0.05
United Kingdom company law,UK company law,0.05
United Kingdom company law,Works councils,0.05
United Kingdom company law,Companies law,0.05
United Kingdom company law,The Modern Corporation and Private Property,0.05
United Kingdom company law,Company promoter,0.05
Human resources management,Social entrepreneurship,0.034482758620689655
Human resources management,Merger and acquisition,0.034482758620689655
Human resources management,Management consulting,0.034482758620689655
Human resources management,Virtual management,0.034482758620689655
Human resources management,Perspectives on Work,0.034482758620689655
Human resources management,Industrial/organizational psychology,0.034482758620689655
Human resources management,Management by objectives,0.034482758620689655
Human resources management,Business intelligence,0.034482758620689655
Human resources management,Capability management in business,0.034482758620689655
Human resources management,Employee performance management,0.034482758620689655
Human resources management,Organizational behavior management,0.034482758620689655
Human resources management,Human relations movement,0.034482758620689655
Human resources management,Lobbying,0.034482758620689655
Human resources management,Line management,0.034482758620689655
Human resources management,Layoffs,0.034482758620689655
Human resources management,Staff management,0.034482758620689655
Human resources management,Information management,0.034482758620689655
Human resources management,Human Resources University,0.034482758620689655
Human resources management,Business process management,0.034482758620689655
Human resources management,Program management,0.034482758620689655
Human resources management,Reputation management,0.034482758620689655
Human resources management,Interpersonal communication,0.034482758620689655
Human resources management,Inclusion (value and practice),0.034482758620689655
Human resources management,Innovation management,0.034482758620689655
Human resources management,Human resource policies,0.034482758620689655
Human resources management,Print ad,0.034482758620689655
Human resources management,Systems management,0.034482758620689655
Human resources management,Business statistics,0.034482758620689655
Human resources management,Corporate law,0.034482758620689655
Promotion (rank),Salary,0.3333333333333333
Promotion (rank),Demotion,0.3333333333333333
Promotion (rank),Company,0.3333333333333333
Organization theory,Industrial sociology,0.09090909090909091
Organization theory,Workplace accident,0.09090909090909091
Organization theory,Leadership style,0.09090909090909091
Organization theory,Demography,0.09090909090909091
Organization theory,Human relations movement,0.09090909090909091
Organization theory,Sociology,0.09090909090909091
Organization theory,Social environment,0.09090909090909091
Organization theory,Survey (human research),0.09090909090909091
Organization theory,W.E.B. Du Bois,0.09090909090909091
Organization theory,Social psychology (sociology),0.09090909090909091
Organization theory,Ethnography,0.09090909090909091
Entertainers,Company (law),0.25
Entertainers,Style (visual arts),0.25
Entertainers,Metropolitan Opera,0.25
Entertainers,General entertainment,0.25
Cultural unitarism,UNESCO Universal Declaration on Cultural Diversity,0.1
Cultural unitarism,Cultural appropriation,0.1
Cultural unitarism,Intercultural communication,0.1
Cultural unitarism,Disability culture,0.1
Cultural unitarism,Universal Declaration on Cultural Diversity,0.1
Cultural unitarism,Cultural intelligence,0.1
Cultural unitarism,Censorship,0.1
Cultural unitarism,Bennett scale,0.1
Cultural unitarism,Indigenous peoples,0.1
Cultural unitarism,Ethnicities,0.1
Virtual workplace,Workplace politics,0.2
Virtual workplace,Mental wellness,0.2
Virtual workplace,Performance management,0.2
Virtual workplace,Workplace health promotion,0.2
Virtual workplace,Virtual office,0.2
Learning environment,21st century skills,0.25
Learning environment,Social responsibility,0.25
Learning environment,Problem solving,0.25
Learning environment,Work-based learning,0.25
Employee-owned corporation,Mondragon Corporation,0.09090909090909091
Employee-owned corporation,Financial inclusion,0.09090909090909091
Employee-owned corporation,Mondragon Cooperative Corporation,0.09090909090909091
Employee-owned corporation,List of employee-owned companies,0.09090909090909091
Employee-owned corporation,Employee benefit,0.09090909090909091
Employee-owned corporation,Social enterprise,0.09090909090909091
Employee-owned corporation,Employee stock option,0.09090909090909091
Employee-owned corporation,Employee stock ownership plan,0.09090909090909091
Employee-owned corporation,Employee benefits,0.09090909090909091
Employee-owned corporation,Retirement,0.09090909090909091
Employee-owned corporation,Share Incentive Plan,0.09090909090909091
Ethnic group,Ethnic identity development,0.16666666666666666
Ethnic group,Nutritional anthropology,0.16666666666666666
Ethnic group,Ethnoburb,0.16666666666666666
Ethnic group,Ethnic origin,0.16666666666666666
Ethnic group,Mores,0.16666666666666666
Ethnic group,Anthropology of institutions,0.16666666666666666
Mental health in the United States,Labor unions in the United States,0.16666666666666666
Mental health in the United States,Allied health professions,0.16666666666666666
Mental health in the United States,Healthcare in Slovakia,0.16666666666666666
Mental health in the United States,Health Insurance Portability and Accountability Act,0.16666666666666666
Mental health in the United States,Marginalised communities,0.16666666666666666
Mental health in the United States,Health maintenance organization,0.16666666666666666
Executive director,Chief sustainability officer,0.1
Executive director,Company (law),0.1
Executive director,Chief information security officer,0.1
Executive director,Chief diversity officer,0.1
Executive director,Chief accessibility officer,0.1
Executive director,Representative director,0.1
Executive director,Chief risk officer,0.1
Executive director,Chief digital officer,0.1
Executive director,Chief learning officer,0.1
Executive director,General manager,0.1
E-democracy,Pluralism (political theory),0.125
E-democracy,Substantive democracy,0.125
E-democracy,Blockchain,0.125
E-democracy,Pluralist democracy,0.125
E-democracy,Populism,0.125
E-democracy,Censorship,0.125
E-democracy,E-Government,0.125
E-democracy,E-government,0.125
Wages,Financial inclusion,0.16666666666666666
Wages,Compensation of employees,0.16666666666666666
Wages,Commission (remuneration),0.16666666666666666
Wages,Employee benefit,0.16666666666666666
Wages,Business economics,0.16666666666666666
Wages,Efficiency wage,0.16666666666666666
Trade union,Workers' self-management,0.043478260869565216
Trade union,Lockout (industry),0.043478260869565216
Trade union,Featherbedding,0.043478260869565216
Trade union,Community unionism,0.043478260869565216
Trade union,Cooperative,0.043478260869565216
Trade union,Members-only unionism,0.043478260869565216
Trade union,Public participation,0.043478260869565216
Trade union,Occupational safety and health,0.043478260869565216
Trade union,Workplace politics,0.043478260869565216
Trade union,Work (human activity),0.043478260869565216
Trade union,Wage,0.043478260869565216
Trade union,Industrial democracy,0.043478260869565216
Trade union,Trade unions in Qatar,0.043478260869565216
Trade union,Union busting,0.043478260869565216
Trade union,Labor spying in the United States,0.043478260869565216
Trade union,Collective bargaining,0.043478260869565216
Trade union,Industrial action,0.043478260869565216
Trade union,Minimum wage,0.043478260869565216
Trade union,Company,0.043478260869565216
Trade union,Precarious work,0.043478260869565216
Trade union,Neurodiversity and labor rights,0.043478260869565216
Trade union,Group insurance,0.043478260869565216
Trade union,Labour Union,0.043478260869565216
Management theory,Management consulting,0.2
Management theory,Sociology,0.2
Management theory,Information management,0.2
Management theory,Statistics,0.2
Management theory,Innovation management,0.2
Public toilets,Occupational Health and Safety,1.0
History of union busting in the United States,Peter B. Robb,0.2
History of union busting in the United States,Union threat model,0.2
History of union busting in the United States,Mohawk Valley formula,0.2
History of union busting in the United States,Opposition to trade unions,0.2
History of union busting in the United States,Labor spies,0.2
Virtual organization,Cultural differences,1.0
Allyship,"Diversity, equity, and inclusion",0.2
Allyship,Anti-bias curriculum,0.2
Allyship,Anti-racism,0.2
Allyship,Racial justice,0.2
Allyship,Sexism,0.2
Office,Organizational culture,0.07142857142857142
Office,Turnover (employment),0.07142857142857142
Office,Workplace politics,0.07142857142857142
Office,Probation (workplace),0.07142857142857142
Office,Work (human activity),0.07142857142857142
Office,Organizational conflict,0.07142857142857142
Office,Positive psychology in the workplace,0.07142857142857142
Office,Serviced office,0.07142857142857142
Office,Workplace health promotion,0.07142857142857142
Office,Company,0.07142857142857142
Office,Virtual workplace,0.07142857142857142
Office,Trade union,0.07142857142857142
Office,Serviced offices,0.07142857142857142
Office,Virtual office,0.07142857142857142
Inclusion (education),List of disability-related terms with negative connotations,0.07142857142857142
Inclusion (education),Accord (coalition),0.07142857142857142
Inclusion (education),Agricultural education,0.07142857142857142
Inclusion (education),21st century skills,0.07142857142857142
Inclusion (education),Occupational therapy,0.07142857142857142
Inclusion (education),Adult education,0.07142857142857142
Inclusion (education),Disability culture,0.07142857142857142
Inclusion (education),Ticket to Work,0.07142857142857142
Inclusion (education),Activities of daily living,0.07142857142857142
Inclusion (education),Social exclusion,0.07142857142857142
Inclusion (education),Universal access to education,0.07142857142857142
Inclusion (education),Health education,0.07142857142857142
Inclusion (education),Educational inequality,0.07142857142857142
Inclusion (education),Disability in the arts,0.07142857142857142
Quality circle,Participatory management,0.5
Quality circle,Lockheed Missiles and Space Company,0.5
Disability Pride Parades,List of disability-related terms with negative connotations,0.16666666666666666
Disability Pride Parades,Occupational therapy,0.16666666666666666
Disability Pride Parades,Disability culture,0.16666666666666666
Disability Pride Parades,Ticket to Work,0.16666666666666666
Disability Pride Parades,National Disability Employment Awareness Month,0.16666666666666666
Disability Pride Parades,Disability in the arts,0.16666666666666666
Employee stock ownership plan,Mondragon Corporation,0.1
Employee stock ownership plan,Financial inclusion,0.1
Employee stock ownership plan,Mondragon Cooperative Corporation,0.1
Employee stock ownership plan,List of employee-owned companies,0.1
Employee stock ownership plan,Employee benefit,0.1
Employee stock ownership plan,Social enterprise,0.1
Employee stock ownership plan,Employee stock option,0.1
Employee stock ownership plan,Employee benefits,0.1
Employee stock ownership plan,Retirement,0.1
Employee stock ownership plan,Share Incentive Plan,0.1
Commons,Fisheries law,0.5
Commons,Sexecology,0.5
José María Arizmendiarrieta,Mondragon Corporation,0.2
José María Arizmendiarrieta,Popolarismo,0.2
José María Arizmendiarrieta,Social enterprise,0.2
José María Arizmendiarrieta,Sociological,0.2
José María Arizmendiarrieta,Statement on the Co-operative Identity,0.2
UK labour law,Health and safety,0.03125
UK labour law,UK employment equality law,0.03125
UK labour law,Conduct of Employment Agencies and Employment Businesses Regulations 2003,0.03125
UK labour law,Collectively bargaining,0.03125
UK labour law,Asset managers,0.03125
UK labour law,Employee share schemes,0.03125
UK labour law,Transnational Information and Consultation of Employees Regulations 1999,0.03125
UK labour law,Negotiation,0.03125
UK labour law,Work council,0.03125
UK labour law,Works council,0.03125
UK labour law,US labor law,0.03125
UK labour law,Safe system of work,0.03125
UK labour law,United Kingdom employment equality law,0.03125
UK labour law,Taxpayer,0.03125
UK labour law,Hill v CA Parsons & Co Ltd,0.03125
UK labour law,Social inclusion,0.03125
UK labour law,Redundancy pay,0.03125
UK labour law,UK company law,0.03125
UK labour law,United Kingdom employment discrimination law,0.03125
UK labour law,Labour law of the United Kingdom,0.03125
UK labour law,International labour law,0.03125
UK labour law,Statistics,0.03125
UK labour law,Sex discrimination,0.03125
UK labour law,Social Chapter,0.03125
UK labour law,TICER 1999,0.03125
UK labour law,United Kingdom company law,0.03125
UK labour law,Griggs v Duke Power Co,0.03125
UK labour law,Wages,0.03125
UK labour law,European labour law,0.03125
UK labour law,United States labor law,0.03125
UK labour law,Director (business),0.03125
UK labour law,Transnational work council,0.03125
Chief learning officer,Chief sustainability officer,0.3333333333333333
Chief learning officer,Human Resources,0.3333333333333333
Chief learning officer,Chief risk officer,0.3333333333333333
Employee benefits,Workplace bullying,0.047619047619047616
Employee benefits,List of countries by unemployment rate,0.047619047619047616
Employee benefits,Gender pay gap,0.047619047619047616
Employee benefits,Termination of employment,0.047619047619047616
Employee benefits,Performance-related pay,0.047619047619047616
Employee benefits,Financial inclusion,0.047619047619047616
Employee benefits,Relocation services,0.047619047619047616
Employee benefits,Perq,0.047619047619047616
Employee benefits,Permanent employment,0.047619047619047616
Employee benefits,Work accident,0.047619047619047616
Employee benefits,Person–environment fit,0.047619047619047616
Employee benefits,Workplace harassment,0.047619047619047616
Employee benefits,Remote work,0.047619047619047616
Employee benefits,Executive search,0.047619047619047616
Employee benefits,Job satisfaction,0.047619047619047616
Employee benefits,Exit interview,0.047619047619047616
Employee benefits,Mentorship,0.047619047619047616
Employee benefits,Pink slip (employment),0.047619047619047616
Employee benefits,Retirement,0.047619047619047616
Employee benefits,Sick leave,0.047619047619047616
Employee benefits,Epilepsy and employment,0.047619047619047616
Human resource policies,Staffing firm,0.5
Human resource policies,Trade association,0.5
Serviced offices,Receptionist,0.5
Serviced offices,Virtual office,0.5
Business economics,Statistics,1.0
Virtual office,Virtual team,0.3333333333333333
Virtual office,Freelancer,0.3333333333333333
Virtual office,Remote work,0.3333333333333333
Corporations,Workplace impact of artificial intelligence,0.05555555555555555
Corporations,Corp.,0.05555555555555555
Corporations,Third Way,0.05555555555555555
Corporations,Corporate video,0.05555555555555555
Corporations,Vorstand,0.05555555555555555
Corporations,Workwear,0.05555555555555555
Corporations,Corporate transparency,0.05555555555555555
Corporations,Corporate citizenship,0.05555555555555555
Corporations,Corporate promoter,0.05555555555555555
Corporations,Registered agent,0.05555555555555555
Corporations,Benefit corporation,0.05555555555555555
Corporations,Corporate social responsibility,0.05555555555555555
Corporations,Quality of working life,0.05555555555555555
Corporations,Corporate services,0.05555555555555555
Corporations,Voluntary association,0.05555555555555555
Corporations,Corporate,0.05555555555555555
Corporations,United Kingdom company law,0.05555555555555555
Corporations,Corporate law,0.05555555555555555
Chief human resources officer,Chief sustainability officer,0.07142857142857142
Chief human resources officer,Employee value proposition,0.07142857142857142
Chief human resources officer,Chief information security officer,0.07142857142857142
Chief human resources officer,Talent management,0.07142857142857142
Chief human resources officer,Compensation and benefits,0.07142857142857142
Chief human resources officer,Human resource management,0.07142857142857142
Chief human resources officer,Chief diversity officer,0.07142857142857142
Chief human resources officer,Chief accessibility officer,0.07142857142857142
Chief human resources officer,Executive compensation,0.07142857142857142
Chief human resources officer,Chief risk officer,0.07142857142857142
Chief human resources officer,Chief digital officer,0.07142857142857142
Chief human resources officer,Executive director,0.07142857142857142
Chief human resources officer,Chief learning officer,0.07142857142857142
Chief human resources officer,General manager,0.07142857142857142
Acquaintance,Business relations,0.16666666666666666
Acquaintance,Human relations,0.16666666666666666
Acquaintance,Impact of prostitution on mental health,0.16666666666666666
Acquaintance,Human relations movement,0.16666666666666666
Acquaintance,Companionship,0.16666666666666666
Acquaintance,First date,0.16666666666666666
Corporate advisory,Social accounting,0.25
Corporate advisory,Internal audit,0.25
Corporate advisory,Proxy fight,0.25
Corporate advisory,Management due diligence,0.25
Financial planning and analysis,Cognos,0.3333333333333333
Financial planning and analysis,Business performance management,0.3333333333333333
Financial planning and analysis,Decision support system,0.3333333333333333
Print ad,Advertising professional,0.07692307692307693
Print ad,Public relations,0.07692307692307693
Print ad,Marketing mix,0.07692307692307693
Print ad,Journalism ethics and standards,0.07692307692307693
Print ad,Occupation (protest),0.07692307692307693
Print ad,Media for equity,0.07692307692307693
Print ad,Alternative media,0.07692307692307693
Print ad,Publicity,0.07692307692307693
Print ad,Censorship,0.07692307692307693
Print ad,Racial stereotyping in advertising,0.07692307692307693
Print ad,Activism,0.07692307692307693
Print ad,Media pluralism,0.07692307692307693
Print ad,Global marketing,0.07692307692307693
Systems management,Virtual management,1.0
Pink slip (employment),Workplace bullying,0.14285714285714285
Pink slip (employment),Economy,0.14285714285714285
Pink slip (employment),Work accident,0.14285714285714285
Pink slip (employment),Workplace harassment,0.14285714285714285
Pink slip (employment),Remote work,0.14285714285714285
Pink slip (employment),Retirement,0.14285714285714285
Pink slip (employment),Sick leave,0.14285714285714285
Social cognitive theory,Media psychology,0.125
Social cognitive theory,Humanistic psychology,0.125
Social cognitive theory,Sport psychology,0.125
Social cognitive theory,Community psychology,0.125
Social cognitive theory,Positive psychology,0.125
Social cognitive theory,Comparative psychology,0.125
Social cognitive theory,Abnormal psychology,0.125
Social cognitive theory,Social media,0.125
Psychologist,Media psychology,0.08333333333333333
Psychologist,Occupational psychology,0.08333333333333333
Psychologist,Humanistic psychology,0.08333333333333333
Psychologist,Sport psychology,0.08333333333333333
Psychologist,Community psychology,0.08333333333333333
Psychologist,Social work,0.08333333333333333
Psychologist,Positive psychology,0.08333333333333333
Psychologist,Self-report inventory,0.08333333333333333
Psychologist,Licensed Professional Counselor,0.08333333333333333
Psychologist,Comparative psychology,0.08333333333333333
Psychologist,Abnormal psychology,0.08333333333333333
Psychologist,Licensed professional counselor,0.08333333333333333
Pro-feminism,Male feminism,0.1111111111111111
Pro-feminism,Community education,0.1111111111111111
Pro-feminism,Purplewashing,0.1111111111111111
Pro-feminism,Women's suffrage in Wales,0.1111111111111111
Pro-feminism,Sex workers' rights,0.1111111111111111
Pro-feminism,Women's empowerment,0.1111111111111111
Pro-feminism,Women in Vietnam,0.1111111111111111
Pro-feminism,Women in peacekeeping,0.1111111111111111
Pro-feminism,Activism,0.1111111111111111
Self-help,Recovery model,0.25
Self-help,Mutual aid society,0.25
Self-help,Mindfulness,0.25
Self-help,Cognitive therapy,0.25
Direct support professional,Social care in England,1.0
Conservatism in the United States,Labor unions in the United States,0.125
Conservatism in the United States,Breitbart News,0.125
Conservatism in the United States,American conservative,0.125
Conservatism in the United States,Healthcare in the United States,0.125
Conservatism in the United States,"Go woke, go broke",0.125
Conservatism in the United States,Comprehensive sex education,0.125
Conservatism in the United States,Gender essentialism,0.125
Conservatism in the United States,Anti-environmentalism,0.125
Employment discrimination law in the United Kingdom,Workplace bullying,0.1111111111111111
Employment discrimination law in the United Kingdom,UK employment equality law,0.1111111111111111
Employment discrimination law in the United Kingdom,United Kingdom labour law,0.1111111111111111
Employment discrimination law in the United Kingdom,United Kingdom employment discrimination law,0.1111111111111111
Employment discrimination law in the United Kingdom,British labour law,0.1111111111111111
Employment discrimination law in the United Kingdom,Social Chapter,0.1111111111111111
Employment discrimination law in the United Kingdom,United Kingdom company law,0.1111111111111111
Employment discrimination law in the United Kingdom,Griggs v Duke Power Co,0.1111111111111111
Employment discrimination law in the United Kingdom,UK labour law,0.1111111111111111
Learning organization,Knowledge sharing,0.5
Learning organization,Knowledge organization,0.5
Nationality,Ethnic identity development,0.16666666666666666
Nationality,Integration of immigrants,0.16666666666666666
Nationality,Ethnoburb,0.16666666666666666
Nationality,Ethnic origin,0.16666666666666666
Nationality,Mores,0.16666666666666666
Nationality,Ethnic group,0.16666666666666666
Ethnography,Industrial sociology,0.05263157894736842
Ethnography,Ethnic identity development,0.05263157894736842
Ethnography,Urban planning,0.05263157894736842
Ethnography,Demography,0.05263157894736842
Ethnography,Ethnic groups,0.05263157894736842
Ethnography,Nutritional anthropology,0.05263157894736842
Ethnography,Ethnoburb,0.05263157894736842
Ethnography,Social environment,0.05263157894736842
Ethnography,Ethnic origin,0.05263157894736842
Ethnography,Mores,0.05263157894736842
Ethnography,Survey (human research),0.05263157894736842
Ethnography,W.E.B. Du Bois,0.05263157894736842
Ethnography,Social psychology (sociology),0.05263157894736842
Ethnography,Indigenous peoples,0.05263157894736842
Ethnography,Ethnic group,0.05263157894736842
Ethnography,Nationality,0.05263157894736842
Ethnography,Ethnicity,0.05263157894736842
Ethnography,Anthropology of institutions,0.05263157894736842
Ethnography,Geography,0.05263157894736842
Stressor,Social stress,1.0
Group insurance,Benefit society,1.0
Social Credit System,Small and medium-sized enterprises,0.3333333333333333
Social Credit System,New Economics Foundation,0.3333333333333333
Social Credit System,Social and Behavioral Sciences Team,0.3333333333333333
Inclusiveness,Community development,0.14285714285714285
Inclusiveness,Emiratisation,0.14285714285714285
Inclusiveness,Feminization of poverty,0.14285714285714285
Inclusiveness,Community education,0.14285714285714285
Inclusiveness,Transport divide,0.14285714285714285
Inclusiveness,Social firm,0.14285714285714285
Inclusiveness,Prosocial behavior,0.14285714285714285
Organizational analysis,Workforce development,0.3333333333333333
Organizational analysis,Sociotechnical systems,0.3333333333333333
Organizational analysis,McKinsey 7S Framework,0.3333333333333333
Ethnicities,Ethnic identity development,0.14285714285714285
Ethnicities,Nutritional anthropology,0.14285714285714285
Ethnicities,Ethnoburb,0.14285714285714285
Ethnicities,Ethnic origin,0.14285714285714285
Ethnicities,Mores,0.14285714285714285
Ethnicities,Ethnic group,0.14285714285714285
Ethnicities,Anthropology of institutions,0.14285714285714285
Dominant culture,Economy,0.08333333333333333
Dominant culture,Cultural appropriation,0.08333333333333333
Dominant culture,Intercultural communication,0.08333333333333333
Dominant culture,Disability culture,0.08333333333333333
Dominant culture,Relational mobility,0.08333333333333333
Dominant culture,Safety culture,0.08333333333333333
Dominant culture,Sociology,0.08333333333333333
Dominant culture,Indigenous culture,0.08333333333333333
Dominant culture,Dominance hierarchy,0.08333333333333333
Dominant culture,Cultural intelligence,0.08333333333333333
Dominant culture,Bennett scale,0.08333333333333333
Dominant culture,Legal culture,0.08333333333333333
General manager,Chief sustainability officer,0.07142857142857142
General manager,Chief information security officer,0.07142857142857142
General manager,Hypermobility (travel),0.07142857142857142
General manager,Public relations,0.07142857142857142
General manager,Chief diversity officer,0.07142857142857142
General manager,Chief accessibility officer,0.07142857142857142
General manager,Receptionist,0.07142857142857142
General manager,Chief risk officer,0.07142857142857142
General manager,Chief digital officer,0.07142857142857142
General manager,Business manager,0.07142857142857142
General manager,Chief learning officer,0.07142857142857142
General manager,Business tourism,0.07142857142857142
General manager,Ecotourism,0.07142857142857142
General manager,Trade association,0.07142857142857142
Social context,Industrial sociology,0.1
Social context,Demography,0.1
Social context,Sociology,0.1
Social context,Survey (human research),0.1
Social context,Milieu,0.1
Social context,W.E.B. Du Bois,0.1
Social context,Social psychology (sociology),0.1
Social context,Social movement,0.1
Social context,Framing (social sciences),0.1
Social context,Ethnography,0.1
Employee assistantship program,Presenteeism,1.0
Ethnicity,Ethnic identity development,0.1
Ethnicity,Nutritional anthropology,0.1
Ethnicity,Ethnoburb,0.1
Ethnicity,Ethnic origin,0.1
Ethnicity,Mores,0.1
Ethnicity,Indigenous peoples,0.1
Ethnicity,Ethnic group,0.1
Ethnicity,Nationality,0.1
Ethnicity,Ethnicities,0.1
Ethnicity,Anthropology of institutions,0.1
Employee retention,Positive organizational behavior,0.16666666666666666
Employee retention,Bonus payment,0.16666666666666666
Employee retention,Job satisfaction,0.16666666666666666
Employee retention,Seniority,0.16666666666666666
Employee retention,Employee stock option,0.16666666666666666
Employee retention,Employee benefits,0.16666666666666666
Hofstede's cultural dimensions theory,Survey research,0.3333333333333333
Hofstede's cultural dimensions theory,Trompenaars's model of national culture differences,0.3333333333333333
Hofstede's cultural dimensions theory,International marketing,0.3333333333333333
Occupational medicine,Personalized medicine,0.125
Occupational medicine,Psychosocial hazard,0.125
Occupational medicine,Allied health professions,0.125
Occupational medicine,Occupational health and safety,0.125
Occupational medicine,Occupational Health and Safety,0.125
Occupational medicine,Race and health,0.125
Occupational medicine,Quality of working life,0.125
Occupational medicine,Social cognitive theory,0.125
Cost of labor,Financial inclusion,0.16666666666666666
Cost of labor,Compensation of employees,0.16666666666666666
Cost of labor,Commission (remuneration),0.16666666666666666
Cost of labor,Employee benefit,0.16666666666666666
Cost of labor,Business economics,0.16666666666666666
Cost of labor,Efficiency wage,0.16666666666666666
Sociological,Community development,0.14285714285714285
Sociological,Survey research,0.14285714285714285
Sociological,Sociology of work,0.14285714285714285
Sociological,Longitudinal study,0.14285714285714285
Sociological,Mores,0.14285714285714285
Sociological,The Gutenberg Galaxy,0.14285714285714285
Sociological,Informational society,0.14285714285714285
Uncertainty avoidance,Intercultural communication,0.5
Uncertainty avoidance,Hofstede's cultural dimensions theory,0.5
Equal opportunity,Organizational commitment,0.017857142857142856
Equal opportunity,Sexual harassment,0.017857142857142856
Equal opportunity,Workplace bullying,0.017857142857142856
Equal opportunity,Economy,0.017857142857142856
Equal opportunity,Third Way,0.017857142857142856
Equal opportunity,List of countries by unemployment rate,0.017857142857142856
Equal opportunity,Distributive justice,0.017857142857142856
Equal opportunity,Gender pay gap,0.017857142857142856
Equal opportunity,Liberal democracy,0.017857142857142856
Equal opportunity,Termination of employment,0.017857142857142856
Equal opportunity,Performance-related pay,0.017857142857142856
Equal opportunity,Cooperative,0.017857142857142856
Equal opportunity,On-call,0.017857142857142856
Equal opportunity,Sunday scaries,0.017857142857142856
Equal opportunity,Occupational safety and health,0.017857142857142856
Equal opportunity,Supervisor,0.017857142857142856
Equal opportunity,Layoff,0.017857142857142856
Equal opportunity,Personality–job fit theory,0.017857142857142856
Equal opportunity,Internship,0.017857142857142856
Equal opportunity,Wage,0.017857142857142856
Equal opportunity,Social services,0.017857142857142856
Equal opportunity,Presenteeism,0.017857142857142856
Equal opportunity,Permanent employment,0.017857142857142856
Equal opportunity,Work accident,0.017857142857142856
Equal opportunity,Schedule (workplace),0.017857142857142856
Equal opportunity,Marriage,0.017857142857142856
Equal opportunity,Equal employment opportunity,0.017857142857142856
Equal opportunity,Profession,0.017857142857142856
Equal opportunity,Sociology,0.017857142857142856
Equal opportunity,Person–environment fit,0.017857142857142856
Equal opportunity,Contingent work,0.017857142857142856
Equal opportunity,Workplace harassment,0.017857142857142856
Equal opportunity,Equality of autonomy,0.017857142857142856
Equal opportunity,Grey-collar,0.017857142857142856
Equal opportunity,Remote work,0.017857142857142856
Equal opportunity,Minimum wage,0.017857142857142856
Equal opportunity,Executive search,0.017857142857142856
Equal opportunity,Corporation,0.017857142857142856
Equal opportunity,Job satisfaction,0.017857142857142856
Equal opportunity,Realistic job preview,0.017857142857142856
Equal opportunity,Shift work,0.017857142857142856
Equal opportunity,Temporary work,0.017857142857142856
Equal opportunity,Universal access to education,0.017857142857142856
Equal opportunity,Exit interview,0.017857142857142856
Equal opportunity,Voluntary association,0.017857142857142856
Equal opportunity,Mentorship,0.017857142857142856
Equal opportunity,Inclusion (education),0.017857142857142856
Equal opportunity,Employee benefits,0.017857142857142856
Equal opportunity,Corporations,0.017857142857142856
Equal opportunity,Pink slip (employment),0.017857142857142856
Equal opportunity,Retirement,0.017857142857142856
Equal opportunity,Sexual discrimination,0.017857142857142856
Equal opportunity,Social privilege,0.017857142857142856
Equal opportunity,Sexism,0.017857142857142856
Equal opportunity,Sick leave,0.017857142857142856
Equal opportunity,Epilepsy and employment,0.017857142857142856
Retirement,Workplace bullying,0.125
Retirement,Termination of employment,0.125
Retirement,Work accident,0.125
Retirement,Workplace harassment,0.125
Retirement,Gender wage gap,0.125
Retirement,Business economics,0.125
Retirement,Asset/liability modeling,0.125
Retirement,Sick leave,0.125
Managers,Workers' self-management,0.020833333333333332
Managers,Social entrepreneurship,0.020833333333333332
Managers,Management consulting,0.020833333333333332
Managers,Virtual management,0.020833333333333332
Managers,Urban planning,0.020833333333333332
Managers,Management by objectives,0.020833333333333332
Managers,Demography,0.020833333333333332
Managers,Business intelligence,0.020833333333333332
Managers,Mentoring,0.020833333333333332
Managers,Manager,0.020833333333333332
Managers,Capability management in business,0.020833333333333332
Managers,Management by walking around,0.020833333333333332
Managers,Organizational behavior management,0.020833333333333332
Managers,Business process reengineering,0.020833333333333332
Managers,Governance,0.020833333333333332
Managers,Management science,0.020833333333333332
Managers,Cog's Ladder,0.020833333333333332
Managers,Executive compensation,0.020833333333333332
Managers,Michael Porter,0.020833333333333332
Managers,Organizational engineering,0.020833333333333332
Managers,Sociology,0.020833333333333332
Managers,Social work,0.020833333333333332
Managers,Line management,0.020833333333333332
Managers,Organization development,0.020833333333333332
Managers,Policy,0.020833333333333332
Managers,Staff management,0.020833333333333332
Managers,Information management,0.020833333333333332
Managers,Business process management,0.020833333333333332
Managers,Abnormal psychology,0.020833333333333332
Managers,Interpersonal,0.020833333333333332
Managers,Program management,0.020833333333333332
Managers,Managerial grid model,0.020833333333333332
Managers,Reputation management,0.020833333333333332
Managers,Corporation,0.020833333333333332
Managers,Interpersonal communication,0.020833333333333332
Managers,Team leader,0.020833333333333332
Managers,Housekeeping,0.020833333333333332
Managers,Innovation management,0.020833333333333332
Managers,Executive director,0.020833333333333332
Managers,Strategic thinking,0.020833333333333332
Managers,Systems management,0.020833333333333332
Managers,General manager,0.020833333333333332
Managers,Business statistics,0.020833333333333332
Managers,Geography,0.020833333333333332
Managers,Commercial management,0.020833333333333332
Managers,Corporate law,0.020833333333333332
Managers,Management consultant,0.020833333333333332
Managers,Bill Gates,0.020833333333333332
Second shift,Working nights,0.3333333333333333
Second shift,Shift-based hiring,0.3333333333333333
Second shift,Shift based hiring,0.3333333333333333
Emotional intelligence,Interpersonal relationship,0.125
Emotional intelligence,Intellectual giftedness,0.125
Emotional intelligence,Transformational leadership,0.125
Emotional intelligence,Social environment,0.125
Emotional intelligence,Problem solving,0.125
Emotional intelligence,Positive psychology,0.125
Emotional intelligence,Self-report inventory,0.125
Emotional intelligence,Phenotypic trait,0.125
Employee recognition,Organizational commitment,0.0625
Employee recognition,Organizational culture,0.0625
Employee recognition,Turnover (employment),0.0625
Employee recognition,Employee Appreciation Day,0.0625
Employee recognition,Generations in the workforce,0.0625
Employee recognition,Workplace politics,0.0625
Employee recognition,Probation (workplace),0.0625
Employee recognition,Organizational conflict,0.0625
Employee recognition,Positive psychology in the workplace,0.0625
Employee recognition,Happiness at work,0.0625
Employee recognition,Workplace health promotion,0.0625
Employee recognition,Work engagement,0.0625
Employee recognition,Job,0.0625
Employee recognition,Virtual workplace,0.0625
Employee recognition,Trade union,0.0625
Employee recognition,Office,0.0625
Organisational culture,Mergers and acquisitions,0.016666666666666666
Organisational culture,Workplace bullying,0.016666666666666666
Organisational culture,Power distance,0.016666666666666666
Organisational culture,Gerard Egan,0.016666666666666666
Organisational culture,Matrix management,0.016666666666666666
Organisational culture,Change management,0.016666666666666666
Organisational culture,Cooperative,0.016666666666666666
Organisational culture,Talent management,0.016666666666666666
Organisational culture,Diversity ideologies,0.016666666666666666
Organisational culture,Business intelligence,0.016666666666666666
Organisational culture,Geert Hofstede,0.016666666666666666
Organisational culture,Sociologist,0.016666666666666666
Organisational culture,Employee performance,0.016666666666666666
Organisational culture,Organizational effectiveness,0.016666666666666666
Organisational culture,International business,0.016666666666666666
Organisational culture,Capability management in business,0.016666666666666666
Organisational culture,Cultural appropriation,0.016666666666666666
Organisational culture,Intercultural communication,0.016666666666666666
Organisational culture,Organization workshop,0.016666666666666666
Organisational culture,Human resource management,0.016666666666666666
Organisational culture,Organizational ethics,0.016666666666666666
Organisational culture,Organizational theory,0.016666666666666666
Organisational culture,Disability culture,0.016666666666666666
Organisational culture,Management style,0.016666666666666666
Organisational culture,Business process,0.016666666666666666
Organisational culture,Cellular organizational structure,0.016666666666666666
Organisational culture,Organizational engineering,0.016666666666666666
Organisational culture,Organizational performance,0.016666666666666666
Organisational culture,Performance management,0.016666666666666666
Organisational culture,Organizational justice,0.016666666666666666
Organisational culture,Organization development,0.016666666666666666
Organisational culture,Outline of organizational theory,0.016666666666666666
Organisational culture,Asset management,0.016666666666666666
Organisational culture,Daniel R. Denison,0.016666666666666666
Organisational culture,Business process management,0.016666666666666666
Organisational culture,Three circles model,0.016666666666666666
Organisational culture,Organizational diagnostics,0.016666666666666666
Organisational culture,Organizational psychology,0.016666666666666666
Organisational culture,Cultural intelligence,0.016666666666666666
Organisational culture,Company,0.016666666666666666
Organisational culture,Corporation,0.016666666666666666
Organisational culture,Industrial and organizational psychology,0.016666666666666666
Organisational culture,Job satisfaction,0.016666666666666666
Organisational culture,Business culture,0.016666666666666666
Organisational culture,Precarious work,0.016666666666666666
Organisational culture,Innovation management,0.016666666666666666
Organisational culture,Bennett scale,0.016666666666666666
Organisational culture,Organization theory,0.016666666666666666
Organisational culture,Cultural unitarism,0.016666666666666666
Organisational culture,Chief human resources officer,0.016666666666666666
Organisational culture,Systems management,0.016666666666666666
Organisational culture,Inclusiveness,0.016666666666666666
Organisational culture,Hofstede's cultural dimensions theory,0.016666666666666666
Organisational culture,Uncertainty avoidance,0.016666666666666666
Organisational culture,Managers,0.016666666666666666
Organisational culture,Business statistics,0.016666666666666666
Organisational culture,Sole proprietorship,0.016666666666666666
Organisational culture,Fail fast (business),0.016666666666666666
Organisational culture,Commercial management,0.016666666666666666
Organisational culture,Corporate law,0.016666666666666666
Business statistics,Multilevel model,0.2
Business statistics,Management Science,0.2
Business statistics,Survey sampling,0.2
Business statistics,Decision support,0.2
Business statistics,Geography,0.2
Benefit society,Cooperatives,0.5
Benefit society,Hometown society,0.5
Bare minimum Monday,Resenteeism,0.14285714285714285
Bare minimum Monday,Coffee badging,0.14285714285714285
Bare minimum Monday,Jobless employed,0.14285714285714285
Bare minimum Monday,Quick quitting,0.14285714285714285
Bare minimum Monday,Job crafting,0.14285714285714285
Bare minimum Monday,Jeremy Rifkin,0.14285714285714285
Bare minimum Monday,Loud quitting,0.14285714285714285
Company culture,Gerard Egan,0.05263157894736842
Company culture,Business intelligence,0.05263157894736842
Company culture,Sociologist,0.05263157894736842
Company culture,Capability management in business,0.05263157894736842
Company culture,Cultural appropriation,0.05263157894736842
Company culture,Intercultural communication,0.05263157894736842
Company culture,Business process management,0.05263157894736842
Company culture,Three circles model,0.05263157894736842
Company culture,Organizational psychology,0.05263157894736842
Company culture,Cultural intelligence,0.05263157894736842
Company culture,Innovation management,0.05263157894736842
Company culture,Bennett scale,0.05263157894736842
Company culture,Systems management,0.05263157894736842
Company culture,Inclusiveness,0.05263157894736842
Company culture,Hofstede's cultural dimensions theory,0.05263157894736842
Company culture,Business statistics,0.05263157894736842
Company culture,Fail fast (business),0.05263157894736842
Company culture,Commercial management,0.05263157894736842
Company culture,Corporate law,0.05263157894736842
Disability in the arts,PHAMALY,0.1111111111111111
Disability in the arts,Intern,0.1111111111111111
Disability in the arts,List of disability-related terms with negative connotations,0.1111111111111111
Disability in the arts,Disability studies in education,0.1111111111111111
Disability in the arts,Occupational therapy,0.1111111111111111
Disability in the arts,Stage Left Productions,0.1111111111111111
Disability in the arts,Ticket to Work,0.1111111111111111
Disability in the arts,Famous People Players,0.1111111111111111
Disability in the arts,List of disability-related terms that developed negative connotations,0.1111111111111111
Sole proprietorship,Registered agent,0.16666666666666666
Sole proprietorship,Freelancer,0.16666666666666666
Sole proprietorship,Benefit corporation,0.16666666666666666
Sole proprietorship,Corporation,0.16666666666666666
Sole proprietorship,United Kingdom company law,0.16666666666666666
Sole proprietorship,Corporate law,0.16666666666666666
Activism,Activist,0.5
Activism,Shareholder activism,0.5
Sexual discrimination,Gender inequality,0.045454545454545456
Sexual discrimination,Social construction of gender,0.045454545454545456
Sexual discrimination,Gender discrimination,0.045454545454545456
Sexual discrimination,Anti-gender movement,0.045454545454545456
Sexual discrimination,Feminism in Ghana,0.045454545454545456
Sexual discrimination,Sexism in the technology industry,0.045454545454545456
Sexual discrimination,Purplewashing,0.045454545454545456
Sexual discrimination,Equal Opportunities International,0.045454545454545456
Sexual discrimination,Global feminism,0.045454545454545456
Sexual discrimination,Anti-sexism,0.045454545454545456
Sexual discrimination,Women's suffrage in Wales,0.045454545454545456
Sexual discrimination,Feminism in Latin America,0.045454545454545456
Sexual discrimination,Sex workers' rights,0.045454545454545456
Sexual discrimination,Invisible labor,0.045454545454545456
Sexual discrimination,Women's empowerment,0.045454545454545456
Sexual discrimination,Sociology,0.045454545454545456
Sexual discrimination,Women in Vietnam,0.045454545454545456
Sexual discrimination,Women in peacekeeping,0.045454545454545456
Sexual discrimination,History of feminism,0.045454545454545456
Sexual discrimination,Sex discrimination,0.045454545454545456
Sexual discrimination,Learning environment,0.045454545454545456
Sexual discrimination,Pro-feminism,0.045454545454545456
Social privilege,Privilege hazard,0.1111111111111111
Social privilege,Caste system in India,0.1111111111111111
Social privilege,Sociologist,0.1111111111111111
Social privilege,Privilege (social inequality),0.1111111111111111
Social privilege,W. E. B. Du Bois,0.1111111111111111
Social privilege,Ranked society,0.1111111111111111
Social privilege,White privilege,0.1111111111111111
Social privilege,Ethnic group,0.1111111111111111
Social privilege,Nationality,0.1111111111111111
Fail fast (business),Three circles model,0.5
Fail fast (business),Organizational psychology,0.5
Geography,Urban planning,0.5
Geography,Demographics,0.5
Religious identity,Sociologist,0.5
Religious identity,Ethnic identity,0.5
Novant Health,Behavioral health,1.0
Employment equity,Power distance,0.2
Employment equity,Social inclusion,0.2
Employment equity,Social exclusion,0.2
Employment equity,White privilege,0.2
Employment equity,Social privilege,0.2
Commercial management,Business intelligence,0.14285714285714285
Commercial management,Capability management in business,0.14285714285714285
Commercial management,Business process management,0.14285714285714285
Commercial management,Innovation management,0.14285714285714285
Commercial management,Systems management,0.14285714285714285
Commercial management,Business statistics,0.14285714285714285
Commercial management,Corporate law,0.14285714285714285
Social media,Public relations,0.08333333333333333
Social media,Internet addiction disorder,0.08333333333333333
Social media,Occupation (protest),0.08333333333333333
Social media,Information suppression,0.08333333333333333
Social media,Survey (human research),0.08333333333333333
Social media,Alternative media,0.08333333333333333
Social media,Statistics,0.08333333333333333
Social media,Framing (social sciences),0.08333333333333333
Social media,Marketing industry,0.08333333333333333
Social media,Common Sense Media,0.08333333333333333
Social media,Activism,0.08333333333333333
Social media,Media pluralism,0.08333333333333333
Trade association,Public relations,1.0
Electronic performance support systems,Informal learning,0.5
Electronic performance support systems,Decision support system,0.5
Sexism,Sexual harassment,0.034482758620689655
Sexism,Power distance,0.034482758620689655
Sexism,Gender pay gap,0.034482758620689655
Sexism,Gender inequality,0.034482758620689655
Sexism,Taste-based discrimination,0.034482758620689655
Sexism,Social construction of gender,0.034482758620689655
Sexism,Gender discrimination,0.034482758620689655
Sexism,Anti-gender movement,0.034482758620689655
Sexism,Feminism in Ghana,0.034482758620689655
Sexism,Sexism in the technology industry,0.034482758620689655
Sexism,Purplewashing,0.034482758620689655
Sexism,Equal Opportunities International,0.034482758620689655
Sexism,Global feminism,0.034482758620689655
Sexism,Anti-sexism,0.034482758620689655
Sexism,Women's suffrage in Wales,0.034482758620689655
Sexism,Feminism in Latin America,0.034482758620689655
Sexism,Sex workers' rights,0.034482758620689655
Sexism,Invisible labor,0.034482758620689655
Sexism,Women's empowerment,0.034482758620689655
Sexism,Sociology,0.034482758620689655
Sexism,Women in Vietnam,0.034482758620689655
Sexism,Women in peacekeeping,0.034482758620689655
Sexism,History of feminism,0.034482758620689655
Sexism,Social exclusion,0.034482758620689655
Sexism,White privilege,0.034482758620689655
Sexism,Sex discrimination,0.034482758620689655
Sexism,Learning environment,0.034482758620689655
Sexism,Pro-feminism,0.034482758620689655
Sexism,Social privilege,0.034482758620689655
Corporate law,Registered agent,0.1111111111111111
Corporate law,Benefit corporation,0.1111111111111111
Corporate law,Corporate structure,0.1111111111111111
Corporate law,Shareholder activism,0.1111111111111111
Corporate law,Innovation management,0.1111111111111111
Corporate law,United Kingdom company law,0.1111111111111111
Corporate law,The Modern Corporation and Private Property,0.1111111111111111
Corporate law,Business form,0.1111111111111111
Corporate law,Systems management,0.1111111111111111
Sick leave,Workplace bullying,0.16666666666666666
Sick leave,Termination of employment,0.16666666666666666
Sick leave,Work accident,0.16666666666666666
Sick leave,List of statutory minimum employment leave by country,0.16666666666666666
Sick leave,Workplace harassment,0.16666666666666666
Sick leave,Employee benefit,0.16666666666666666
Epilepsy and employment,Workplace bullying,0.058823529411764705
Epilepsy and employment,List of countries by unemployment rate,0.058823529411764705
Epilepsy and employment,Gender pay gap,0.058823529411764705
Epilepsy and employment,Termination of employment,0.058823529411764705
Epilepsy and employment,Performance-related pay,0.058823529411764705
Epilepsy and employment,Permanent employment,0.058823529411764705
Epilepsy and employment,Work accident,0.058823529411764705
Epilepsy and employment,Person–environment fit,0.058823529411764705
Epilepsy and employment,Workplace harassment,0.058823529411764705
Epilepsy and employment,Remote work,0.058823529411764705
Epilepsy and employment,Executive search,0.058823529411764705
Epilepsy and employment,Job satisfaction,0.058823529411764705
Epilepsy and employment,Exit interview,0.058823529411764705
Epilepsy and employment,Mentorship,0.058823529411764705
Epilepsy and employment,Pink slip (employment),0.058823529411764705
Epilepsy and employment,Retirement,0.058823529411764705
Epilepsy and employment,Sick leave,0.058823529411764705
Management consultant,Rhodes Scholars,0.05263157894736842
Management consultant,Social entrepreneurship,0.05263157894736842
Management consultant,Organizational development,0.05263157894736842
Management consultant,Virtual management,0.05263157894736842
Management consultant,Business consultant,0.05263157894736842
Management consultant,Ernst & Young,0.05263157894736842
Management consultant,Business process re-engineering,0.05263157894736842
Management consultant,Organizational behavior management,0.05263157894736842
Management consultant,Staff management,0.05263157894736842
Management consultant,Risk and strategic consulting,0.05263157894736842
Management consultant,Program management,0.05263157894736842
Management consultant,Organizational psychology,0.05263157894736842
Management consultant,Reputation management,0.05263157894736842
Management consultant,Engineering consulting,0.05263157894736842
Management consultant,Environmental consulting,0.05263157894736842
Management consultant,Corporate services,0.05263157894736842
Management consultant,Public sector consulting,0.05263157894736842
Management consultant,Systems management,0.05263157894736842
Management consultant,Industrial psychology,0.05263157894736842
Labour Union,Workers' self-management,0.03571428571428571
Labour Union,Pen-down strike,0.03571428571428571
Labour Union,Economy,0.03571428571428571
Labour Union,Social Movement Unionism,0.03571428571428571
Labour Union,Lockout (industry),0.03571428571428571
Labour Union,Third Way,0.03571428571428571
Labour Union,Grievance (labour),0.03571428571428571
Labour Union,Social movement unionism,0.03571428571428571
Labour Union,Decent work,0.03571428571428571
Labour Union,Members-only unionism,0.03571428571428571
Labour Union,Public participation,0.03571428571428571
Labour Union,Knights of Labor,0.03571428571428571
Labour Union,Social democracy in the United States,0.03571428571428571
Labour Union,Union organizer,0.03571428571428571
Labour Union,Trade unions in the United States,0.03571428571428571
Labour Union,Trade unions in Qatar,0.03571428571428571
Labour Union,Union busting,0.03571428571428571
Labour Union,Company union,0.03571428571428571
Labour Union,Contingent work,0.03571428571428571
Labour Union,Corporation,0.03571428571428571
Labour Union,Neurodiversity and labor rights,0.03571428571428571
Labour Union,Consumer organization,0.03571428571428571
Labour Union,Social support,0.03571428571428571
Labour Union,Employee benefits,0.03571428571428571
Labour Union,Nationality,0.03571428571428571
Labour Union,Benefit society,0.03571428571428571
Labour Union,Trade association,0.03571428571428571
Labour Union,Sick leave,0.03571428571428571
Bill Gates,George Shultz,0.3333333333333333
Bill Gates,Global LGBTQIA+ Employee & Allies at Microsoft,0.3333333333333333
Bill Gates,OS/2,0.3333333333333333
McKinsey & Company,List of former employees of McKinsey & Company,0.08333333333333333
McKinsey & Company,Management consulting,0.08333333333333333
McKinsey & Company,Business consultant,0.08333333333333333
McKinsey & Company,Ernst & Young,0.08333333333333333
McKinsey & Company,Mckinsey.com,0.08333333333333333
McKinsey & Company,Corporate culture,0.08333333333333333
McKinsey & Company,Michael Porter,0.08333333333333333
McKinsey & Company,Risk and strategic consulting,0.08333333333333333
McKinsey & Company,Engineering consulting,0.08333333333333333
McKinsey & Company,McKinsey,0.08333333333333333
McKinsey & Company,Environmental consulting,0.08333333333333333
McKinsey & Company,Public sector consulting,0.08333333333333333
Legal culture,Cultural appropriation,0.1
Legal culture,Intercultural communication,0.1
Legal culture,Disability culture,0.1
Legal culture,Relational mobility,0.1
Legal culture,Safety culture,0.1
Legal culture,Cultural intelligence,0.1
Legal culture,Political,0.1
Legal culture,Bennett scale,0.1
Legal culture,Corporations,0.1
Legal culture,Ethnicity,0.1
Process safety management,Technical standard,0.5
Process safety management,Asset integrity management systems,0.5
