Overall rating,Potential,Growth,Age,Age group,Team,Position rank,Position,IMC,Foot,Value,Wage,Goalkeeping,Total stats,Body type,Acceleration type,Classement 23/24,Classement 22/23,Classement 21/22,Classement moyen,Palmares 
1.0,1.0,0.08,0.30434782608695654,0.5,0.631578947368421,0.0,1.0,0.6442307692307694,0.0,1.0,0.9535962877030162,0.03749999999999999,0.86,1.0,0.5,0.0,0.0,0.0,0.0,0.5
0.945945945945946,0.8999999999999999,0.04,0.3913043478260869,0.5,0.05263157894736842,1.0,0.2857142857142857,0.33653846153846145,0.0,1.0,0.5359628770301624,0.06250000000000001,0.9400000000000001,0.1111111111111111,0.25,0.043478260869565216,0.02,0.0975609756097561,0.053576212161800155,0.65
0.9189189189189189,0.8999999999999999,0.08,0.26086956521739135,0.0,0.05263157894736842,0.0,0.8571428571428571,0.24038461538461542,0.0,1.0,0.4663573085846867,0.03749999999999999,0.92,0.1111111111111111,1.0,0.043478260869565216,0.02,0.0975609756097561,0.053576212161800155,0.65
1.0,0.9333333333333331,0.0,0.5217391304347827,0.5,0.631578947368421,1.0,0.14285714285714285,0.4326923076923077,1.0,1.0,0.9999999999999999,0.03749999999999999,1.0,0.5555555555555556,0.5,0.0,0.0,0.0,0.0,0.5
0.8918918918918917,0.8666666666666667,0.08,0.34782608695652173,0.5,0.631578947368421,1.0,0.0,0.5384615384615385,0.0,1.0,0.4663573085846867,0.03749999999999999,0.88,1.0,0.75,0.0,0.0,0.0,0.0,0.5
0.9729729729729728,0.8999999999999999,0.0,0.6956521739130435,1.0,0.5789473684210527,0.0,0.7857142857142857,0.528846153846154,0.0,0.949974987493747,0.5127610208816705,0.06250000000000001,0.9,1.0,1.0,0.08695652173913043,0.08,0.024390243902439025,0.06241628716849719,0.9500000000000001
0.8648648648648649,0.8666666666666667,0.12,0.26086956521739135,0.0,0.2631578947368421,1.0,0.0,0.40384615384615397,0.0,0.9449724862431217,0.3735498839907192,0.03749999999999999,0.86,0.2222222222222222,0.0,0.21739130434782608,0.22,0.04878048780487806,0.1607286364854005,0.30000000000000004
0.8918918918918917,0.8666666666666667,0.08,0.30434782608695654,0.5,0.05263157894736842,0.3333333333333333,0.07142857142857142,0.4615384615384619,1.0,0.9199599799899951,0.3735498839907192,0.012499999999999997,0.7600000000000001,0.5555555555555556,0.5,0.043478260869565216,0.02,0.0975609756097561,0.053576212161800155,0.65
0.8918918918918917,0.833333333333333,0.04,0.3913043478260869,0.5,0.05263157894736842,1.0,0.14285714285714285,0.5192307692307694,1.0,0.8499249624812407,0.41995359628770296,0.024999999999999994,0.9400000000000001,0.5555555555555556,0.5,0.043478260869565216,0.02,0.0975609756097561,0.053576212161800155,0.65
0.8648648648648649,0.833333333333333,0.08,0.3913043478260869,0.5,0.5789473684210527,1.0,0.2857142857142857,0.5000000000000002,1.0,0.8449224612306154,0.32714617169373544,0.05,0.9800000000000001,0.4444444444444444,0.25,0.08695652173913043,0.08,0.024390243902439025,0.06241628716849719,0.9500000000000001
0.9189189189189189,0.833333333333333,0.0,0.4782608695652173,0.5,0.631578947368421,0.3333333333333333,0.07142857142857142,0.5192307692307694,1.0,0.8399199599799901,0.5127610208816705,0.024999999999999994,0.7600000000000001,0.5555555555555556,0.5,0.0,0.0,0.0,0.0,0.5
0.8918918918918917,0.7999999999999998,0.0,0.5652173913043479,0.5,0.6842105263157895,1.0,0.0,0.33653846153846145,1.0,0.7798899449724863,0.41995359628770296,0.075,0.9800000000000001,1.0,0.25,0.30434782608695654,0.039999999999999994,0.12195121951219515,0.12510045539780337,1.0
0.8918918918918917,0.7999999999999998,0.0,0.5652173913043479,0.5,0.631578947368421,1.0,0.2857142857142857,0.32692307692307687,0.0,0.774887443721861,0.5127610208816705,0.05,0.9600000000000001,0.1111111111111111,0.75,0.0,0.0,0.0,0.0,0.5
0.8648648648648649,0.7999999999999998,0.04,0.3913043478260869,0.5,0.5789473684210527,1.0,0.2857142857142857,0.40384615384615397,1.0,0.7398699349674839,0.3039443155452436,0.05,0.9800000000000001,1.0,0.25,0.08695652173913043,0.08,0.024390243902439025,0.06241628716849719,0.9500000000000001
0.9729729729729728,0.8999999999999999,0.0,0.7391304347826086,1.0,0.631578947368421,1.0,0.2857142857142857,0.47115384615384603,1.0,0.7348674337168585,0.6751740139211136,0.05,0.9600000000000001,1.0,0.0,0.0,0.0,0.0,0.0,0.5
0.8378378378378377,0.7999999999999998,0.08,0.34782608695652173,0.5,0.7368421052631579,0.0,1.0,0.27884615384615397,1.0,0.7098549274637319,0.3387470997679814,0.012499999999999997,0.7800000000000001,0.2222222222222222,0.0,0.26086956521739135,0.06,0.24390243902439027,0.1695687114920975,0.2
0.8648648648648649,0.7999999999999998,0.04,0.4347826086956521,0.5,0.05263157894736842,0.3333333333333333,0.07142857142857142,0.5865384615384619,0.0,0.6998499249624813,0.3967517401392111,0.03749999999999999,0.7000000000000001,0.2222222222222222,0.5,0.043478260869565216,0.02,0.0975609756097561,0.053576212161800155,0.65
0.8918918918918917,0.7999999999999998,0.0,0.6521739130434783,1.0,0.8947368421052632,0.0,1.0,0.5096153846153848,1.0,0.6748374187093548,0.44315545243619486,0.05,0.86,1.0,0.5,0.17391304347826086,0.14,0.07317073170731708,0.12510045539780337,0.1
0.945945945945946,0.8666666666666667,0.0,0.6956521739130435,1.0,0.5789473684210527,0.3333333333333333,0.07142857142857142,0.6442307692307694,1.0,0.6698349174587295,0.44315545243619486,0.06250000000000001,0.88,1.0,0.5,0.08695652173913043,0.08,0.024390243902439025,0.06241628716849719,0.9500000000000001
0.8378378378378377,0.7999999999999998,0.08,0.34782608695652173,0.5,0.7368421052631579,1.0,0.14285714285714285,0.5865384615384619,1.0,0.6298149074537269,0.29234338747099764,0.024999999999999994,0.9800000000000001,1.0,0.0,0.26086956521739135,0.06,0.24390243902439027,0.1695687114920975,0.2
0.8378378378378377,0.7333333333333334,0.0,0.4782608695652173,0.5,0.5789473684210527,0.0,1.0,0.3942307692307694,1.0,0.5847923961980991,0.3387470997679814,0.05,0.88,0.4444444444444444,0.25,0.08695652173913043,0.08,0.024390243902439025,0.06241628716849719,0.9500000000000001
0.8378378378378377,0.7333333333333334,0.0,0.4782608695652173,0.5,0.8947368421052632,1.0,0.0,0.5576923076923077,1.0,0.5747873936968485,0.3387470997679814,0.075,0.86,0.1111111111111111,0.25,0.17391304347826086,0.14,0.07317073170731708,0.12510045539780337,0.1
0.8378378378378377,0.7666666666666666,0.04,0.4347826086956521,0.5,0.7368421052631579,1.0,0.2857142857142857,0.41346153846153855,1.0,0.5647823911955979,0.3387470997679814,0.05,0.9600000000000001,0.1111111111111111,0.0,0.26086956521739135,0.06,0.24390243902439027,0.1695687114920975,0.2
0.8108108108108105,0.833333333333333,0.16,0.26086956521739135,0.0,0.2631578947368421,1.0,0.14285714285714285,0.48076923076923106,1.0,0.5597798899449725,0.29234338747099764,0.05,0.88,0.4444444444444444,0.0,0.21739130434782608,0.22,0.04878048780487806,0.1607286364854005,0.30000000000000004
0.8378378378378377,0.7333333333333334,0.0,0.5217391304347827,0.5,0.10526315789473684,0.0,1.0,0.3461538461538465,1.0,0.5497748874437219,0.408352668213457,0.06250000000000001,0.84,0.4444444444444444,0.0,0.13043478260869565,0.12000000000000001,0.3170731707317073,0.1963568175729976,0.35000000000000003
0.945945945945946,0.8666666666666667,0.0,0.6521739130434783,1.0,0.5789473684210527,0.6666666666666666,0.35714285714285715,0.6153846153846156,1.0,0.5447723861930966,0.2807424593967517,1.0000000000000002,0.38,1.0,0.5,0.08695652173913043,0.08,0.024390243902439025,0.06241628716849719,0.9500000000000001
0.8108108108108105,0.7999999999999998,0.12,0.26086956521739135,0.0,0.631578947368421,0.3333333333333333,0.07142857142857142,0.5192307692307694,0.0,0.5447723861930966,0.3039443155452436,0.012499999999999997,0.92,0.5555555555555556,0.5,0.0,0.0,0.0,0.0,0.5
0.8378378378378377,0.7333333333333334,0.0,0.5217391304347827,0.5,0.05263157894736842,1.0,0.2857142857142857,0.5000000000000002,0.0,0.5397698849424714,0.408352668213457,0.05,0.9800000000000001,0.5555555555555556,0.5,0.043478260869565216,0.02,0.0975609756097561,0.053576212161800155,0.65
0.8918918918918917,0.7999999999999998,0.0,0.6086956521739131,0.5,0.631578947368421,0.6666666666666666,0.35714285714285715,0.6057692307692311,0.0,0.5297648824412207,0.31554524361948955,0.9874999999999999,0.5000000000000001,1.0,0.5,0.0,0.0,0.0,0.0,0.5
0.8108108108108105,0.7999999999999998,0.12,0.34782608695652173,0.5,0.6842105263157895,0.3333333333333333,0.07142857142857142,0.6634615384615385,1.0,0.5147573786893448,0.24593967517401388,0.05,0.7800000000000001,1.0,0.5,0.30434782608695654,0.039999999999999994,0.12195121951219515,0.12510045539780337,1.0
0.7837837837837838,0.7666666666666666,0.12,0.34782608695652173,0.5,0.8947368421052632,1.0,0.0,0.49038461538461564,0.0,0.49474737368684346,0.23433874709976793,0.024999999999999994,0.86,0.2222222222222222,0.5,0.17391304347826086,0.14,0.07317073170731708,0.12510045539780337,0.1
0.7837837837837838,0.7666666666666666,0.12,0.3913043478260869,0.5,0.5789473684210527,0.0,1.0,0.3173076923076923,1.0,0.4797398699349675,0.24593967517401388,0.024999999999999994,0.82,0.2222222222222222,0.0,0.08695652173913043,0.08,0.024390243902439025,0.06241628716849719,0.9500000000000001
0.7567567567567566,0.833333333333333,0.24,0.17391304347826086,0.0,0.631578947368421,0.0,0.5,0.47115384615384603,0.0,0.4747373686843422,0.24593967517401388,0.03749999999999999,0.68,0.1111111111111111,1.0,0.0,0.0,0.0,0.0,0.5
0.8108108108108105,0.7666666666666666,0.08,0.3913043478260869,0.5,0.5789473684210527,0.3333333333333333,0.07142857142857142,0.6923076923076923,1.0,0.4697348674337169,0.25754060324825984,0.03749999999999999,0.66,0.5555555555555556,0.5,0.08695652173913043,0.08,0.024390243902439025,0.06241628716849719,0.9500000000000001
0.7837837837837838,0.7999999999999998,0.16,0.30434782608695654,0.5,0.8947368421052632,0.3333333333333333,0.07142857142857142,0.49038461538461564,0.0,0.4697348674337169,0.22273781902552203,0.03749999999999999,0.7600000000000001,0.5555555555555556,0.5,0.17391304347826086,0.14,0.07317073170731708,0.12510045539780337,0.1
0.8108108108108105,0.6999999999999997,0.0,0.4347826086956521,0.5,0.5789473684210527,0.0,0.7857142857142857,0.47115384615384603,1.0,0.45972986493246626,0.2807424593967517,0.0,0.86,1.0,0.75,0.08695652173913043,0.08,0.024390243902439025,0.06241628716849719,0.9500000000000001
0.8108108108108105,0.6999999999999997,0.0,0.4347826086956521,0.5,0.2631578947368421,1.0,0.0,0.3557692307692306,1.0,0.45972986493246626,0.36194895591647325,0.024999999999999994,0.88,0.4444444444444444,1.0,0.21739130434782608,0.22,0.04878048780487806,0.1607286364854005,0.30000000000000004
0.8108108108108105,0.7666666666666666,0.08,0.4347826086956521,0.5,0.8947368421052632,0.3333333333333333,0.07142857142857142,0.49038461538461564,1.0,0.45972986493246626,0.29234338747099764,0.024999999999999994,0.7400000000000001,0.5555555555555556,0.5,0.17391304347826086,0.14,0.07317073170731708,0.12510045539780337,0.1
0.7837837837837838,0.7666666666666666,0.12,0.34782608695652173,0.5,0.8947368421052632,0.3333333333333333,0.9285714285714286,0.49038461538461564,1.0,0.45972986493246626,0.22273781902552203,0.03749999999999999,0.9400000000000001,0.4444444444444444,0.25,0.17391304347826086,0.14,0.07317073170731708,0.12510045539780337,0.1
0.7837837837837838,0.7333333333333334,0.08,0.3913043478260869,0.5,0.05263157894736842,1.0,0.0,0.3846153846153848,0.0,0.45972986493246626,0.3387470997679814,0.024999999999999994,0.82,1.0,0.0,0.043478260869565216,0.02,0.0975609756097561,0.053576212161800155,0.65
0.8108108108108105,0.7333333333333334,0.04,0.4347826086956521,0.5,0.05263157894736842,0.3333333333333333,0.7142857142857143,0.4326923076923077,1.0,0.4547273636818409,0.3387470997679814,0.012499999999999997,0.7600000000000001,0.2222222222222222,0.5,0.043478260869565216,0.02,0.0975609756097561,0.053576212161800155,0.65
0.8108108108108105,0.6999999999999997,0.0,0.4782608695652173,0.5,0.5789473684210527,0.0,0.5,0.4326923076923077,1.0,0.4497248624312156,0.2807424593967517,0.075,0.84,1.0,1.0,0.08695652173913043,0.08,0.024390243902439025,0.06241628716849719,0.9500000000000001
0.8378378378378377,0.7333333333333334,0.0,0.6086956521739131,0.5,0.631578947368421,0.3333333333333333,0.07142857142857142,0.33653846153846145,1.0,0.439719859929965,0.408352668213457,0.03749999999999999,0.84,0.5555555555555556,0.5,0.0,0.0,0.0,0.0,0.5
0.8108108108108105,0.7333333333333334,0.04,0.4347826086956521,0.5,0.6842105263157895,0.3333333333333333,0.07142857142857142,0.6057692307692311,0.0,0.4347173586793397,0.29234338747099764,0.05,0.92,0.4444444444444444,0.0,0.30434782608695654,0.039999999999999994,0.12195121951219515,0.12510045539780337,1.0
0.7567567567567566,0.7666666666666666,0.16,0.30434782608695654,0.5,0.9473684210526315,0.0,0.5,0.41346153846153855,0.0,0.4347173586793397,0.19953596287703013,0.012499999999999997,0.84,0.4444444444444444,0.25,0.34782608695652173,0.26,0.14634146341463417,0.24109295472810074,0.0
0.7567567567567566,0.7666666666666666,0.16,0.30434782608695654,0.5,0.2631578947368421,1.0,0.2857142857142857,0.6346153846153848,1.0,0.4347173586793397,0.24593967517401388,0.012499999999999997,0.9,0.4444444444444444,0.0,0.21739130434782608,0.22,0.04878048780487806,0.1607286364854005,0.30000000000000004
0.7567567567567566,0.7666666666666666,0.16,0.34782608695652173,0.5,0.2631578947368421,1.0,0.0,0.528846153846154,1.0,0.4347173586793397,0.21113689095127608,0.03749999999999999,0.7000000000000001,1.0,1.0,0.21739130434782608,0.22,0.04878048780487806,0.1607286364854005,0.30000000000000004
0.7567567567567566,0.7666666666666666,0.16,0.30434782608695654,0.5,0.7368421052631579,0.0,0.7857142857142857,0.33653846153846145,1.0,0.4347173586793397,0.25754060324825984,0.012499999999999997,0.82,0.1111111111111111,0.0,0.26086956521739135,0.06,0.24390243902439027,0.1695687114920975,0.2
0.8918918918918917,0.7999999999999998,0.0,0.6521739130434783,1.0,0.10526315789473684,0.6666666666666666,0.35714285714285715,0.49038461538461564,1.0,0.41970985492746377,0.2691415313225058,0.975,0.44000000000000006,0.8888888888888888,0.5,0.13043478260869565,0.12000000000000001,0.3170731707317073,0.1963568175729976,0.35000000000000003
0.8108108108108105,0.7999999999999998,0.12,0.4782608695652173,0.5,0.8947368421052632,0.6666666666666666,0.35714285714285715,0.21153846153846168,1.0,0.4147073536768384,0.17865429234338748,0.9500000000000001,0.30000000000000004,0.2222222222222222,0.0,0.17391304347826086,0.14,0.07317073170731708,0.12510045539780337,0.1
0.7567567567567566,0.7333333333333334,0.12,0.30434782608695654,0.5,0.05263157894736842,0.0,0.5714285714285714,0.5480769230769231,1.0,0.4147073536768384,0.2691415313225058,0.0,0.8000000000000002,0.1111111111111111,1.0,0.043478260869565216,0.02,0.0975609756097561,0.053576212161800155,0.65
0.7567567567567566,0.7666666666666666,0.16,0.21739130434782605,0.0,0.8947368421052632,0.3333333333333333,0.42857142857142855,0.29807692307692313,0.0,0.4147073536768384,0.16937354988399073,0.05,0.88,0.5555555555555556,0.0,0.17391304347826086,0.14,0.07317073170731708,0.12510045539780337,0.1
0.7567567567567566,0.7333333333333334,0.12,0.3913043478260869,0.5,0.5789473684210527,0.0,1.0,0.5000000000000002,1.0,0.40970485242621313,0.24593967517401388,0.06250000000000001,0.84,0.2222222222222222,0.5,0.08695652173913043,0.08,0.024390243902439025,0.06241628716849719,0.9500000000000001
0.8108108108108105,0.7333333333333334,0.04,0.5217391304347827,0.5,0.631578947368421,0.3333333333333333,0.07142857142857142,0.7692307692307694,1.0,0.3996998499249625,0.3735498839907192,0.024999999999999994,0.8000000000000002,1.0,0.5,0.0,0.0,0.0,0.0,0.5
0.7837837837837838,0.6999999999999997,0.04,0.3913043478260869,0.5,0.2631578947368421,0.3333333333333333,0.42857142857142855,0.42307692307692313,0.0,0.3946973486743372,0.29234338747099764,0.03749999999999999,0.92,0.4444444444444444,0.25,0.21739130434782608,0.22,0.04878048780487806,0.1607286364854005,0.30000000000000004
0.8108108108108105,0.7333333333333334,0.04,0.5652173913043479,0.5,0.631578947368421,0.3333333333333333,0.07142857142857142,0.49038461538461564,0.0,0.38969484742371185,0.3735498839907192,0.03749999999999999,0.84,0.4444444444444444,0.25,0.0,0.0,0.0,0.0,0.5
0.7297297297297298,0.7666666666666666,0.2,0.30434782608695654,0.5,0.5789473684210527,1.0,0.0,0.32692307692307687,1.0,0.38969484742371185,0.18561484918793503,0.03749999999999999,0.9,0.5555555555555556,0.5,0.08695652173913043,0.08,0.024390243902439025,0.06241628716849719,0.9500000000000001
0.6756756756756754,0.7999999999999998,0.32,0.17391304347826086,0.0,0.6842105263157895,0.0,0.7857142857142857,0.40384615384615397,1.0,0.38469234617308656,0.14385150812064962,0.05,0.7000000000000001,0.1111111111111111,1.0,0.30434782608695654,0.039999999999999994,0.12195121951219515,0.12510045539780337,1.0
0.7297297297297298,0.7333333333333334,0.16,0.30434782608695654,0.5,0.2631578947368421,0.0,1.0,0.41346153846153855,1.0,0.3746873436718359,0.25754060324825984,0.024999999999999994,0.7400000000000001,0.2222222222222222,0.0,0.21739130434782608,0.22,0.04878048780487806,0.1607286364854005,0.30000000000000004
0.7567567567567566,0.7333333333333334,0.12,0.34782608695652173,0.5,0.7368421052631579,0.3333333333333333,0.07142857142857142,0.3557692307692306,0.0,0.36968484242121064,0.22273781902552203,0.03749999999999999,0.66,0.5555555555555556,0.5,0.26086956521739135,0.06,0.24390243902439027,0.1695687114920975,0.2
0.7297297297297298,0.7333333333333334,0.16,0.34782608695652173,0.5,0.2631578947368421,1.0,0.0,0.32692307692307687,1.0,0.36968484242121064,0.23433874709976793,0.075,0.82,1.0,1.0,0.21739130434782608,0.22,0.04878048780487806,0.1607286364854005,0.30000000000000004
0.8108108108108105,0.6999999999999997,0.0,0.6086956521739131,0.5,0.5789473684210527,0.3333333333333333,0.42857142857142855,0.21153846153846168,0.0,0.3646823411705853,0.2807424593967517,0.03749999999999999,0.9,1.0,0.25,0.08695652173913043,0.08,0.024390243902439025,0.06241628716849719,0.9500000000000001
0.7837837837837838,0.6666666666666665,0.0,0.5217391304347827,0.5,0.631578947368421,0.0,0.5714285714285714,0.6730769230769231,1.0,0.3646823411705853,0.38515081206496515,0.03749999999999999,0.84,1.0,0.25,0.0,0.0,0.0,0.0,0.5
0.7567567567567566,0.6999999999999997,0.08,0.34782608695652173,0.5,0.2631578947368421,0.3333333333333333,0.07142857142857142,1.0000000000000002,1.0,0.3646823411705853,0.23433874709976793,0.03749999999999999,0.9800000000000001,0.7777777777777778,0.25,0.21739130434782608,0.22,0.04878048780487806,0.1607286364854005,0.30000000000000004
0.7297297297297298,0.7666666666666666,0.2,0.34782608695652173,0.5,0.21052631578947367,0.0,0.7857142857142857,0.5865384615384619,1.0,0.3646823411705853,0.17169373549883987,0.03749999999999999,0.9,0.4444444444444444,0.75,0.4347826086956522,0.09999999999999999,0.1951219512195122,0.20537547996249664,0.0
0.7297297297297298,0.7666666666666666,0.2,0.26086956521739135,0.0,0.5789473684210527,1.0,0.0,0.3173076923076923,1.0,0.3646823411705853,0.17169373549883987,0.03749999999999999,0.92,0.2222222222222222,0.5,0.08695652173913043,0.08,0.024390243902439025,0.06241628716849719,0.9500000000000001
0.8108108108108105,0.7666666666666666,0.08,0.5217391304347827,0.5,0.05263157894736842,0.6666666666666666,0.35714285714285715,0.42307692307692313,1.0,0.35967983991996,0.22273781902552203,0.9625,0.36,0.4444444444444444,0.0,0.043478260869565216,0.02,0.0975609756097561,0.053576212161800155,0.65
0.7837837837837838,0.6666666666666665,0.0,0.5652173913043479,0.5,0.05263157894736842,0.0,0.5714285714285714,0.47115384615384603,1.0,0.35467733866933465,0.36194895591647325,0.024999999999999994,0.7400000000000001,0.4444444444444444,0.75,0.043478260869565216,0.02,0.0975609756097561,0.053576212161800155,0.65
0.7567567567567566,0.6999999999999997,0.08,0.34782608695652173,0.5,0.10526315789473684,1.0,0.14285714285714285,0.2019230769230771,1.0,0.35467733866933465,0.22273781902552203,0.024999999999999994,0.8000000000000002,0.1111111111111111,0.5,0.13043478260869565,0.12000000000000001,0.3170731707317073,0.1963568175729976,0.35000000000000003
0.7297297297297298,0.7666666666666666,0.2,0.30434782608695654,0.5,0.6842105263157895,1.0,0.14285714285714285,0.5000000000000002,1.0,0.35467733866933465,0.18793503480278423,0.05,0.84,0.4444444444444444,0.25,0.30434782608695654,0.039999999999999994,0.12195121951219515,0.12510045539780337,1.0
0.7567567567567566,0.6666666666666665,0.04,0.4782608695652173,0.5,0.10526315789473684,1.0,0.2857142857142857,0.5000000000000002,1.0,0.34967483741870936,0.2691415313225058,0.03749999999999999,0.86,0.4444444444444444,0.0,0.13043478260869565,0.12000000000000001,0.3170731707317073,0.1963568175729976,0.35000000000000003
0.7567567567567566,0.6999999999999997,0.08,0.3913043478260869,0.5,0.6842105263157895,0.3333333333333333,0.9285714285714286,0.45192307692307687,1.0,0.34967483741870936,0.22273781902552203,0.012499999999999997,0.9,0.4444444444444444,0.0,0.30434782608695654,0.039999999999999994,0.12195121951219515,0.12510045539780337,1.0
0.6756756756756754,0.7666666666666666,0.28,0.30434782608695654,0.5,0.21052631578947367,1.0,0.2857142857142857,0.36538461538461564,0.0,0.34967483741870936,0.15777262180974477,0.03749999999999999,0.88,0.2222222222222222,0.0,0.4347826086956522,0.09999999999999999,0.1951219512195122,0.20537547996249664,0.0
0.7837837837837838,0.6666666666666665,0.0,0.6086956521739131,0.5,0.631578947368421,1.0,0.2857142857142857,0.7211538461538465,1.0,0.34467233616808407,0.35034802784222735,0.0,0.86,0.4444444444444444,0.25,0.0,0.0,0.0,0.0,0.5
0.7027027027027026,0.7666666666666666,0.24,0.26086956521739135,0.0,0.631578947368421,1.0,0.0,0.7403846153846156,1.0,0.3396698349174587,0.24593967517401388,0.03749999999999999,0.68,0.4444444444444444,0.75,0.0,0.0,0.0,0.0,0.5
0.8108108108108105,0.7333333333333334,0.04,0.5217391304347827,0.5,0.6842105263157895,0.6666666666666666,0.35714285714285715,0.7500000000000002,1.0,0.33466733366683343,0.18793503480278423,0.9375000000000001,0.4,0.8888888888888888,0.5,0.30434782608695654,0.039999999999999994,0.12195121951219515,0.12510045539780337,1.0
0.7297297297297298,0.6999999999999997,0.12,0.4347826086956521,0.5,0.3157894736842105,1.0,0.0,0.29807692307692313,1.0,0.33466733366683343,0.19953596287703013,0.05,0.82,0.1111111111111111,0.25,0.3913043478260869,0.2,0.2682926829268293,0.2678810608090008,0.0
0.8378378378378377,0.7333333333333334,0.0,0.7391304347826086,1.0,0.631578947368421,1.0,0.2857142857142857,0.6442307692307694,1.0,0.3296648324162081,0.4315545243619489,0.03749999999999999,0.92,0.4444444444444444,0.0,0.0,0.0,0.0,0.0,0.5
0.6756756756756754,0.7666666666666666,0.28,0.26086956521739135,0.0,0.3684210526315789,0.3333333333333333,0.07142857142857142,0.14423076923076938,0.0,0.3296648324162081,0.09744779582366589,0.03749999999999999,0.58,0.5555555555555556,0.5,0.6086956521739131,0.32,0.36585365853658536,0.4018215912135012,0.45
0.7567567567567566,0.6333333333333333,0.0,0.4782608695652173,0.5,0.9473684210526315,0.0,0.7857142857142857,0.47115384615384603,0.0,0.3246623311655828,0.23433874709976793,0.05,0.8000000000000002,0.4444444444444444,0.25,0.34782608695652173,0.26,0.14634146341463417,0.24109295472810074,0.0
0.7567567567567566,0.6333333333333333,0.0,0.4782608695652173,0.5,0.7368421052631579,1.0,0.2857142857142857,0.5192307692307694,1.0,0.3196598299149575,0.2691415313225058,0.05,0.92,0.8888888888888888,0.5,0.26086956521739135,0.06,0.24390243902439027,0.1695687114920975,0.2
0.7297297297297298,0.6999999999999997,0.12,0.30434782608695654,0.5,0.3157894736842105,0.3333333333333333,0.07142857142857142,0.653846153846154,1.0,0.31465732866433216,0.16009280742459397,0.03749999999999999,0.7200000000000001,0.4444444444444444,0.5,0.3913043478260869,0.2,0.2682926829268293,0.2678810608090008,0.0
0.7027027027027026,0.7666666666666666,0.24,0.21739130434782605,0.0,0.2631578947368421,0.3333333333333333,0.9285714285714286,0.29807692307692313,1.0,0.31465732866433216,0.16705336426914152,0.03749999999999999,0.84,0.1111111111111111,1.0,0.21739130434782608,0.22,0.04878048780487806,0.1607286364854005,0.30000000000000004
0.6486486486486487,0.7666666666666666,0.32,0.21739130434782605,0.0,0.5789473684210527,1.0,0.0,0.45192307692307687,0.0,0.31465732866433216,0.12064965197215775,0.024999999999999994,0.7400000000000001,0.4444444444444444,0.25,0.08695652173913043,0.08,0.024390243902439025,0.06241628716849719,0.9500000000000001
0.7297297297297298,0.6333333333333333,0.04,0.4347826086956521,0.5,0.8947368421052632,0.0,1.0,0.47115384615384603,1.0,0.30965482741370687,0.25754060324825984,0.05,0.7200000000000001,0.2222222222222222,0.5,0.17391304347826086,0.14,0.07317073170731708,0.12510045539780337,0.1
0.7567567567567566,0.6666666666666665,0.04,0.4782608695652173,0.5,0.10526315789473684,1.0,0.14285714285714285,0.3749999999999998,0.0,0.3046523261630815,0.25754060324825984,0.06250000000000001,0.8000000000000002,0.2222222222222222,0.5,0.13043478260869565,0.12000000000000001,0.3170731707317073,0.1963568175729976,0.35000000000000003
0.7027027027027026,0.6999999999999997,0.16,0.34782608695652173,0.5,0.0,0.0,1.0,0.528846153846154,1.0,0.3046523261630815,0.13921113689095127,0.03749999999999999,0.7000000000000001,0.4444444444444444,0.25,0.4782608695652174,0.27999999999999997,0.5121951219512195,0.4106616662201982,0.0
0.7297297297297298,0.6333333333333333,0.04,0.4782608695652173,0.5,0.8947368421052632,0.0,1.0,0.28846153846153855,1.0,0.29964982491245623,0.25754060324825984,0.03749999999999999,0.82,0.4444444444444444,0.5,0.17391304347826086,0.14,0.07317073170731708,0.12510045539780337,0.1
0.7027027027027026,0.6999999999999997,0.16,0.30434782608695654,0.5,0.5789473684210527,1.0,0.2857142857142857,0.3749999999999998,1.0,0.29964982491245623,0.16937354988399073,0.024999999999999994,0.84,1.0,0.5,0.08695652173913043,0.08,0.024390243902439025,0.06241628716849719,0.9500000000000001
0.7297297297297298,0.6333333333333333,0.04,0.4782608695652173,0.5,0.8947368421052632,1.0,0.2857142857142857,0.27884615384615397,1.0,0.29464732366183094,0.23433874709976793,0.05,0.9,0.2222222222222222,0.5,0.17391304347826086,0.14,0.07317073170731708,0.12510045539780337,0.1
0.7027027027027026,0.6666666666666665,0.12,0.34782608695652173,0.5,0.15789473684210525,1.0,0.0,0.7307692307692311,0.0,0.2896448224112056,0.15313225058004637,0.075,0.84,0.4444444444444444,1.0,0.6521739130434783,0.16,0.2926829268292683,0.3126171979641039,0.0
0.7027027027027026,0.7333333333333334,0.2,0.34782608695652173,0.5,0.21052631578947367,1.0,0.14285714285714285,0.3942307692307694,1.0,0.2896448224112056,0.16009280742459397,0.03749999999999999,0.84,0.2222222222222222,0.5,0.4347826086956522,0.09999999999999999,0.1951219512195122,0.20537547996249664,0.0
0.6486486486486487,0.7333333333333334,0.28,0.21739130434782605,0.0,0.6842105263157895,0.0,1.0,0.3557692307692306,0.0,0.2896448224112056,0.14617169373549882,0.03749999999999999,0.66,0.5555555555555556,0.5,0.30434782608695654,0.039999999999999994,0.12195121951219515,0.12510045539780337,1.0
0.6486486486486487,0.7999999999999998,0.36,0.13043478260869568,0.0,0.6842105263157895,1.0,0.0,0.6153846153846156,1.0,0.2846423211605803,0.111368909512761,0.03749999999999999,0.86,0.1111111111111111,0.25,0.30434782608695654,0.039999999999999994,0.12195121951219515,0.12510045539780337,1.0
0.6486486486486487,0.7333333333333334,0.28,0.30434782608695654,0.5,0.6842105263157895,1.0,0.0,0.5673076923076923,1.0,0.2846423211605803,0.17169373549883987,0.03749999999999999,0.7200000000000001,0.8888888888888888,0.0,0.30434782608695654,0.039999999999999994,0.12195121951219515,0.12510045539780337,1.0
0.7297297297297298,0.6000000000000001,0.0,0.4782608695652173,0.5,0.05263157894736842,0.0,0.8571428571428571,0.5576923076923077,1.0,0.27963981990995496,0.29234338747099764,0.03749999999999999,0.8000000000000002,1.0,0.75,0.043478260869565216,0.02,0.0975609756097561,0.053576212161800155,0.65
0.7297297297297298,0.6000000000000001,0.0,0.4347826086956521,0.5,0.10526315789473684,0.0,0.5714285714285714,0.6057692307692311,0.0,0.27963981990995496,0.24593967517401388,0.06250000000000001,0.7600000000000001,0.1111111111111111,1.0,0.13043478260869565,0.12000000000000001,0.3170731707317073,0.1963568175729976,0.35000000000000003
0.7297297297297298,0.6000000000000001,0.0,0.4347826086956521,0.5,0.9473684210526315,0.0,0.5,0.40384615384615397,0.0,0.27963981990995496,0.21113689095127608,0.05,0.9,0.4444444444444444,0.0,0.34782608695652173,0.26,0.14634146341463417,0.24109295472810074,0.0
0.7297297297297298,0.6000000000000001,0.0,0.4347826086956521,0.5,0.6842105263157895,0.0,0.21428571428571427,0.21153846153846168,1.0,0.27963981990995496,0.23433874709976793,0.05,0.7400000000000001,1.0,0.5,0.30434782608695654,0.039999999999999994,0.12195121951219515,0.12510045539780337,1.0
0.7567567567567566,0.6333333333333333,0.0,0.5217391304347827,0.5,0.6842105263157895,0.3333333333333333,0.42857142857142855,0.47115384615384603,0.0,0.27463731865932967,0.25754060324825984,0.03749999999999999,0.9,0.7777777777777778,0.25,0.30434782608695654,0.039999999999999994,0.12195121951219515,0.12510045539780337,1.0
0.7297297297297298,0.6000000000000001,0.0,0.4782608695652173,0.5,0.21052631578947367,0.0,0.5,0.42307692307692313,1.0,0.27463731865932967,0.21113689095127608,0.05,0.8000000000000002,0.1111111111111111,1.0,0.4347826086956522,0.09999999999999999,0.1951219512195122,0.20537547996249664,0.0
0.7297297297297298,0.6333333333333333,0.04,0.4347826086956521,0.5,0.6842105263157895,0.3333333333333333,0.7142857142857143,0.13461538461538458,1.0,0.27463731865932967,0.22273781902552203,0.05,0.86,0.1111111111111111,0.5,0.30434782608695654,0.039999999999999994,0.12195121951219515,0.12510045539780337,1.0
0.6486486486486487,0.7666666666666666,0.32,0.08695652173913038,0.0,0.6842105263157895,0.3333333333333333,0.07142857142857142,0.2692307692307694,1.0,0.27463731865932967,0.10208816705336426,0.05,0.64,0.2222222222222222,0.5,0.30434782608695654,0.039999999999999994,0.12195121951219515,0.12510045539780337,1.0
0.6756756756756754,0.6999999999999997,0.2,0.26086956521739135,0.0,0.2631578947368421,1.0,0.0,0.44230769230769273,0.0,0.2696348174087044,0.19953596287703013,0.03749999999999999,0.7400000000000001,0.1111111111111111,1.0,0.21739130434782608,0.22,0.04878048780487806,0.1607286364854005,0.30000000000000004
0.6486486486486487,0.7333333333333334,0.28,0.21739130434782605,0.0,0.7368421052631579,0.3333333333333333,0.9285714285714286,0.3557692307692306,1.0,0.2696348174087044,0.12993039443155452,0.05,0.7800000000000001,0.4444444444444444,0.25,0.26086956521739135,0.06,0.24390243902439027,0.1695687114920975,0.2
0.7297297297297298,0.6333333333333333,0.04,0.4347826086956521,0.5,0.10526315789473684,0.3333333333333333,0.07142857142857142,0.48076923076923106,1.0,0.26463231615807903,0.23433874709976793,0.05,0.7800000000000001,0.1111111111111111,0.5,0.13043478260869565,0.12000000000000001,0.3170731707317073,0.1963568175729976,0.35000000000000003
0.7027027027027026,0.6333333333333333,0.08,0.3913043478260869,0.5,1.0,1.0,0.0,0.45192307692307687,1.0,0.26463231615807903,0.14849187935034802,0.03749999999999999,0.8000000000000002,0.1111111111111111,0.5,0.5652173913043479,0.24000000000000002,0.21951219512195122,0.30359853549424054,0.15000000000000002
0.6756756756756754,0.7333333333333334,0.24,0.26086956521739135,0.0,0.10526315789473684,0.3333333333333333,0.42857142857142855,0.0,0.0,0.26463231615807903,0.17633410672853828,0.05,0.84,0.1111111111111111,1.0,0.13043478260869565,0.12000000000000001,0.3170731707317073,0.1963568175729976,0.35000000000000003
0.6756756756756754,0.6999999999999997,0.2,0.30434782608695654,0.5,0.8947368421052632,0.0,0.7857142857142857,0.29807692307692313,1.0,0.26463231615807903,0.18793503480278423,0.03749999999999999,0.7200000000000001,0.2222222222222222,0.0,0.17391304347826086,0.14,0.07317073170731708,0.12510045539780337,0.1
0.6756756756756754,0.7333333333333334,0.24,0.30434782608695654,0.5,1.0,0.3333333333333333,0.42857142857142855,0.3461538461538465,0.0,0.25962981490745374,0.1136890951276102,0.06250000000000001,0.82,0.1111111111111111,1.0,0.5652173913043479,0.24000000000000002,0.21951219512195122,0.30359853549424054,0.15000000000000002
0.6756756756756754,0.7333333333333334,0.24,0.21739130434782605,0.0,0.8947368421052632,1.0,0.2857142857142857,0.2596153846153846,1.0,0.25962981490745374,0.13457076566125287,0.03749999999999999,0.82,0.1111111111111111,0.5,0.17391304347826086,0.14,0.07317073170731708,0.12510045539780337,0.1
0.6486486486486487,0.7333333333333334,0.28,0.13043478260869568,0.0,0.631578947368421,0.3333333333333333,0.9285714285714286,0.6250000000000002,1.0,0.25962981490745374,0.13921113689095127,0.05,0.7600000000000001,0.0,0.75,0.0,0.0,0.0,0.0,0.5
0.6486486486486487,0.7333333333333334,0.28,0.17391304347826086,0.0,0.3157894736842105,1.0,0.14285714285714285,0.29807692307692313,0.0,0.25962981490745374,0.10208816705336426,0.024999999999999994,0.82,0.1111111111111111,0.25,0.3913043478260869,0.2,0.2682926829268293,0.2678810608090008,0.0
0.7837837837837838,0.6666666666666665,0.0,0.6521739130434783,1.0,0.05263157894736842,1.0,0.14285714285714285,0.4326923076923077,1.0,0.2546273136568284,0.31554524361948955,0.03749999999999999,0.86,0.2222222222222222,0.5,0.043478260869565216,0.02,0.0975609756097561,0.053576212161800155,0.65
0.7567567567567566,0.6333333333333333,0.0,0.6521739130434783,1.0,0.9473684210526315,0.0,1.0,0.528846153846154,1.0,0.2546273136568284,0.2691415313225058,0.05,0.7600000000000001,0.8888888888888888,0.5,0.34782608695652173,0.26,0.14634146341463417,0.24109295472810074,0.0
0.7297297297297298,0.6000000000000001,0.0,0.5652173913043479,0.5,0.10526315789473684,1.0,0.2857142857142857,0.33653846153846145,0.0,0.2546273136568284,0.25754060324825984,0.05,0.9400000000000001,0.7777777777777778,0.25,0.13043478260869565,0.12000000000000001,0.3170731707317073,0.1963568175729976,0.35000000000000003
0.6756756756756754,0.7333333333333334,0.24,0.21739130434782605,0.0,0.7894736842105263,0.3333333333333333,0.07142857142857142,0.49038461538461564,0.0,0.2546273136568284,0.09048723897911833,0.06250000000000001,0.7400000000000001,0.7777777777777778,0.25,0.6956521739130435,0.3,0.5609756097560976,0.48218590945620143,0.05
0.6756756756756754,0.7333333333333334,0.24,0.21739130434782605,0.0,0.2631578947368421,0.3333333333333333,0.07142857142857142,0.5480769230769231,0.0,0.2546273136568284,0.15545243619489557,0.06250000000000001,0.7400000000000001,0.2222222222222222,0.5,0.21739130434782608,0.22,0.04878048780487806,0.1607286364854005,0.30000000000000004
0.6756756756756754,0.6666666666666665,0.16,0.34782608695652173,0.5,0.2631578947368421,1.0,0.0,0.2596153846153846,0.0,0.24962481240620313,0.19953596287703013,0.024999999999999994,0.7200000000000001,1.0,0.75,0.21739130434782608,0.22,0.04878048780487806,0.1607286364854005,0.30000000000000004
0.6756756756756754,0.6999999999999997,0.2,0.34782608695652173,0.5,0.3157894736842105,1.0,0.14285714285714285,0.4326923076923077,1.0,0.2446223111555778,0.13921113689095127,0.075,0.7800000000000001,0.4444444444444444,0.0,0.3913043478260869,0.2,0.2682926829268293,0.2678810608090008,0.0
0.6756756756756754,0.6999999999999997,0.2,0.26086956521739135,0.0,0.10526315789473684,0.3333333333333333,0.07142857142857142,0.2500000000000002,1.0,0.2446223111555778,0.17633410672853828,0.03749999999999999,0.8000000000000002,0.2222222222222222,0.5,0.13043478260869565,0.12000000000000001,0.3170731707317073,0.1963568175729976,0.35000000000000003
0.7837837837837838,0.6666666666666665,0.0,0.6956521739130435,1.0,0.6842105263157895,1.0,0.14285714285714285,0.6250000000000002,1.0,0.2396198099049525,0.2807424593967517,0.075,0.86,1.0,0.0,0.30434782608695654,0.039999999999999994,0.12195121951219515,0.12510045539780337,1.0
0.7297297297297298,0.6666666666666665,0.08,0.4347826086956521,0.5,0.8421052631578947,0.6666666666666666,0.35714285714285715,0.29807692307692313,1.0,0.2396198099049525,0.08120649651972157,0.9249999999999999,0.32000000000000006,0.2222222222222222,0.0,1.0,0.38,0.3414634146341463,0.5001339405304045,0.0
0.6756756756756754,0.6333333333333333,0.12,0.34782608695652173,0.5,0.7894736842105263,1.0,0.0,0.4326923076923077,1.0,0.2396198099049525,0.12064965197215775,0.05,0.84,0.4444444444444444,0.25,0.6956521739130435,0.3,0.5609756097560976,0.48218590945620143,0.05
0.6756756756756754,0.6999999999999997,0.2,0.30434782608695654,0.5,0.2631578947368421,0.3333333333333333,0.07142857142857142,0.6057692307692311,1.0,0.2396198099049525,0.18793503480278423,0.05,0.7000000000000001,0.5555555555555556,0.5,0.21739130434782608,0.22,0.04878048780487806,0.1607286364854005,0.30000000000000004
0.7027027027027026,0.5666666666666664,0.0,0.4347826086956521,0.5,0.7368421052631579,0.0,0.21428571428571427,0.28846153846153855,1.0,0.22961480740370188,0.24593967517401388,0.012499999999999997,0.7400000000000001,0.5555555555555556,0.5,0.26086956521739135,0.06,0.24390243902439027,0.1695687114920975,0.2
0.7027027027027026,0.6333333333333333,0.08,0.4347826086956521,0.5,0.7894736842105263,0.3333333333333333,0.07142857142857142,0.5480769230769231,1.0,0.22961480740370188,0.13921113689095127,0.03749999999999999,0.66,0.5555555555555556,0.5,0.6956521739130435,0.3,0.5609756097560976,0.48218590945620143,0.05
0.7027027027027026,0.6000000000000001,0.04,0.4347826086956521,0.5,0.42105263157894735,0.3333333333333333,0.42857142857142855,0.27884615384615397,0.0,0.22461230615307656,0.17401392111368907,0.06250000000000001,0.8000000000000002,0.2222222222222222,0.5,0.5217391304347826,0.18000000000000002,0.4878048780487805,0.36619341012590406,0.0
0.6756756756756754,0.6666666666666665,0.16,0.30434782608695654,0.5,0.05263157894736842,0.3333333333333333,0.07142857142857142,0.6057692307692311,1.0,0.22461230615307656,0.18793503480278423,0.03749999999999999,0.7600000000000001,0.4444444444444444,0.25,0.043478260869565216,0.02,0.0975609756097561,0.053576212161800155,0.65
0.6756756756756754,0.6666666666666665,0.16,0.34782608695652173,0.5,0.9473684210526315,0.3333333333333333,0.07142857142857142,0.6153846153846156,1.0,0.22461230615307656,0.05336426914153132,0.03749999999999999,0.7200000000000001,0.5555555555555556,0.5,0.34782608695652173,0.26,0.14634146341463417,0.24109295472810074,0.0
0.7027027027027026,0.6000000000000001,0.04,0.4347826086956521,0.5,0.9473684210526315,0.3333333333333333,0.07142857142857142,0.27884615384615397,1.0,0.21960980490245124,0.18793503480278423,0.012499999999999997,0.8000000000000002,0.5555555555555556,0.5,0.34782608695652173,0.26,0.14634146341463417,0.24109295472810074,0.0
0.6216216216216215,0.7333333333333334,0.32,0.17391304347826086,0.0,0.2631578947368421,1.0,0.14285714285714285,0.5000000000000002,1.0,0.21960980490245124,0.12993039443155452,0.024999999999999994,0.7600000000000001,0.4444444444444444,0.0,0.21739130434782608,0.22,0.04878048780487806,0.1607286364854005,0.30000000000000004
0.7297297297297298,0.6000000000000001,0.0,0.6086956521739131,0.5,0.9473684210526315,1.0,0.14285714285714285,0.5192307692307694,1.0,0.21460730365182593,0.21113689095127608,0.06250000000000001,0.7800000000000001,0.2222222222222222,0.5,0.34782608695652173,0.26,0.14634146341463417,0.24109295472810074,0.0
0.7027027027027026,0.6000000000000001,0.04,0.4782608695652173,0.5,0.8947368421052632,1.0,0.14285714285714285,0.528846153846154,1.0,0.21460730365182593,0.19953596287703013,0.03749999999999999,0.88,0.1111111111111111,0.0,0.17391304347826086,0.14,0.07317073170731708,0.12510045539780337,0.1
0.6486486486486487,0.6666666666666665,0.2,0.21739130434782605,0.0,0.10526315789473684,1.0,0.0,0.44230769230769273,1.0,0.21460730365182593,0.14153132250580047,0.05,0.8000000000000002,0.5555555555555556,0.5,0.13043478260869565,0.12000000000000001,0.3170731707317073,0.1963568175729976,0.35000000000000003
0.7297297297297298,0.6000000000000001,0.0,0.6956521739130435,1.0,0.7368421052631579,0.0,1.0,0.23076923076923084,1.0,0.20960480240120063,0.2807424593967517,0.03749999999999999,0.7400000000000001,0.4444444444444444,0.0,0.26086956521739135,0.06,0.24390243902439027,0.1695687114920975,0.2
0.7027027027027026,0.6000000000000001,0.04,0.4782608695652173,0.5,0.5789473684210527,0.3333333333333333,0.07142857142857142,0.36538461538461564,1.0,0.20960480240120063,0.18793503480278423,0.03749999999999999,0.7000000000000001,1.0,0.5,0.08695652173913043,0.08,0.024390243902439025,0.06241628716849719,0.9500000000000001
0.6486486486486487,0.6999999999999997,0.24,0.26086956521739135,0.0,0.05263157894736842,0.3333333333333333,0.07142857142857142,0.6057692307692311,0.0,0.20960480240120063,0.16937354988399073,0.012499999999999997,0.82,0.5555555555555556,0.5,0.043478260869565216,0.02,0.0975609756097561,0.053576212161800155,0.65
0.6216216216216215,0.6999999999999997,0.28,0.17391304347826086,0.0,0.10526315789473684,0.0,1.0,0.1923076923076923,0.0,0.20960480240120063,0.14617169373549882,0.0,0.62,0.5555555555555556,0.5,0.13043478260869565,0.12000000000000001,0.3170731707317073,0.1963568175729976,0.35000000000000003
0.7567567567567566,0.6333333333333333,0.0,0.6956521739130435,1.0,0.05263157894736842,1.0,0.14285714285714285,0.33653846153846145,1.0,0.20460230115057532,0.29234338747099764,0.05,0.84,0.1111111111111111,0.0,0.043478260869565216,0.02,0.0975609756097561,0.053576212161800155,0.65
0.7567567567567566,0.6333333333333333,0.0,0.6086956521739131,0.5,0.3684210526315789,0.6666666666666666,0.35714285714285715,0.4326923076923077,0.0,0.20460230115057532,0.09280742459396751,0.9500000000000001,0.42000000000000004,0.5555555555555556,0.5,0.6086956521739131,0.32,0.36585365853658536,0.4018215912135012,0.45
0.7027027027027026,0.5666666666666664,0.0,0.5652173913043479,0.5,0.05263157894736842,0.0,0.8571428571428571,0.5096153846153848,1.0,0.20460230115057532,0.25754060324825984,0.075,0.7800000000000001,1.0,0.75,0.043478260869565216,0.02,0.0975609756097561,0.053576212161800155,0.65
0.6756756756756754,0.5666666666666664,0.04,0.4782608695652173,0.5,0.3157894736842105,0.0,1.0,0.5673076923076923,1.0,0.20460230115057532,0.18793503480278423,0.024999999999999994,0.66,0.8888888888888888,0.5,0.3913043478260869,0.2,0.2682926829268293,0.2678810608090008,0.0
0.6486486486486487,0.6999999999999997,0.24,0.17391304347826086,0.0,0.0,0.3333333333333333,0.6428571428571429,0.3749999999999998,0.0,0.20460230115057532,0.07888631090487239,0.05,0.8000000000000002,0.4444444444444444,1.0,0.4782608695652174,0.27999999999999997,0.5121951219512195,0.4106616662201982,0.0
0.7567567567567566,0.6333333333333333,0.0,0.6956521739130435,1.0,0.7368421052631579,0.3333333333333333,0.07142857142857142,0.5576923076923077,1.0,0.19959979989995,0.2691415313225058,0.05,0.86,0.5555555555555556,0.5,0.26086956521739135,0.06,0.24390243902439027,0.1695687114920975,0.2
0.6486486486486487,0.6333333333333333,0.16,0.30434782608695654,0.5,0.10526315789473684,1.0,0.0,0.40384615384615397,1.0,0.19959979989995,0.16705336426914152,0.03749999999999999,0.84,0.4444444444444444,0.25,0.13043478260869565,0.12000000000000001,0.3170731707317073,0.1963568175729976,0.35000000000000003
0.6486486486486487,0.6333333333333333,0.16,0.30434782608695654,0.5,0.7894736842105263,1.0,0.0,0.47115384615384603,1.0,0.19959979989995,0.10440835266821345,0.06250000000000001,0.7600000000000001,0.4444444444444444,1.0,0.6956521739130435,0.3,0.5609756097560976,0.48218590945620143,0.05
0.6486486486486487,0.6666666666666665,0.2,0.30434782608695654,0.5,1.0,1.0,0.14285714285714285,0.5673076923076923,1.0,0.19459729864932468,0.10208816705336426,0.06250000000000001,0.84,0.4444444444444444,0.0,0.5652173913043479,0.24000000000000002,0.21951219512195122,0.30359853549424054,0.15000000000000002
0.6216216216216215,0.6999999999999997,0.28,0.34782608695652173,0.5,0.3157894736842105,0.3333333333333333,0.07142857142857142,0.6153846153846156,1.0,0.19459729864932468,0.11600928074245938,0.05,0.66,0.5555555555555556,0.5,0.3913043478260869,0.2,0.2682926829268293,0.2678810608090008,0.0
0.6756756756756754,0.5666666666666664,0.04,0.4347826086956521,0.5,0.21052631578947367,0.3333333333333333,0.42857142857142855,0.7500000000000002,0.0,0.18959479739869936,0.17633410672853828,0.03749999999999999,0.82,0.4444444444444444,0.0,0.4347826086956522,0.09999999999999999,0.1951219512195122,0.20537547996249664,0.0
0.6756756756756754,0.5666666666666664,0.04,0.4347826086956521,0.5,0.9473684210526315,0.3333333333333333,0.7142857142857143,0.33653846153846145,1.0,0.18959479739869936,0.17633410672853828,0.012499999999999997,0.7600000000000001,1.0,0.5,0.34782608695652173,0.26,0.14634146341463417,0.24109295472810074,0.0
0.6756756756756754,0.5666666666666664,0.04,0.4347826086956521,0.5,0.10526315789473684,0.3333333333333333,0.7142857142857143,0.3461538461538465,1.0,0.18959479739869936,0.21113689095127608,0.075,0.82,0.5555555555555556,0.5,0.13043478260869565,0.12000000000000001,0.3170731707317073,0.1963568175729976,0.35000000000000003
0.6486486486486487,0.6000000000000001,0.12,0.30434782608695654,0.5,0.42105263157894735,1.0,0.0,0.3846153846153848,1.0,0.18959479739869936,0.13457076566125287,0.03749999999999999,0.7200000000000001,0.4444444444444444,0.25,0.5217391304347826,0.18000000000000002,0.4878048780487805,0.36619341012590406,0.0
0.6486486486486487,0.6000000000000001,0.12,0.34782608695652173,0.5,0.3684210526315789,1.0,0.0,0.27884615384615397,0.0,0.18959479739869936,0.09048723897911833,0.06250000000000001,0.7800000000000001,0.1111111111111111,0.0,0.6086956521739131,0.32,0.36585365853658536,0.4018215912135012,0.45
0.6756756756756754,0.5333333333333332,0.0,0.4782608695652173,0.5,0.15789473684210525,0.0,0.5714285714285714,0.5673076923076923,1.0,0.18459229614807407,0.16705336426914152,0.03749999999999999,0.68,0.1111111111111111,1.0,0.6521739130434783,0.16,0.2926829268292683,0.3126171979641039,0.0
0.6756756756756754,0.5333333333333332,0.0,0.4782608695652173,0.5,0.3157894736842105,1.0,0.0,0.3173076923076923,1.0,0.18459229614807407,0.17633410672853828,0.024999999999999994,0.7800000000000001,0.1111111111111111,0.0,0.3913043478260869,0.2,0.2682926829268293,0.2678810608090008,0.0
0.6486486486486487,0.6000000000000001,0.12,0.3913043478260869,0.5,0.2631578947368421,1.0,0.2857142857142857,0.6923076923076923,0.0,0.18459229614807407,0.19953596287703013,0.05,0.86,0.1111111111111111,0.0,0.21739130434782608,0.22,0.04878048780487806,0.1607286364854005,0.30000000000000004
0.6486486486486487,0.6000000000000001,0.12,0.3913043478260869,0.5,0.6842105263157895,1.0,0.0,0.44230769230769273,1.0,0.18459229614807407,0.17169373549883987,0.05,0.84,0.1111111111111111,0.25,0.30434782608695654,0.039999999999999994,0.12195121951219515,0.12510045539780337,1.0
0.6216216216216215,0.6999999999999997,0.28,0.26086956521739135,0.0,0.2631578947368421,0.6666666666666666,0.35714285714285715,0.49038461538461564,1.0,0.18459229614807407,0.08352668213457076,0.875,0.24,0.2222222222222222,0.0,0.21739130434782608,0.22,0.04878048780487806,0.1607286364854005,0.30000000000000004
0.6216216216216215,0.6999999999999997,0.28,0.21739130434782605,0.0,0.21052631578947367,0.6666666666666666,0.35714285714285715,0.5673076923076923,1.0,0.18459229614807407,0.03944315545243619,0.8625,0.22000000000000008,0.2222222222222222,0.5,0.4347826086956522,0.09999999999999999,0.1951219512195122,0.20537547996249664,0.0
0.7837837837837838,0.6666666666666665,0.0,0.6956521739130435,1.0,0.7368421052631579,0.6666666666666666,0.35714285714285715,0.45192307692307687,1.0,0.17958979489744875,0.18793503480278423,0.9249999999999999,0.28,0.5555555555555556,0.5,0.26086956521739135,0.06,0.24390243902439027,0.1695687114920975,0.2
0.7027027027027026,0.5666666666666664,0.0,0.6086956521739131,0.5,0.10526315789473684,0.3333333333333333,0.42857142857142855,0.5192307692307694,0.0,0.17958979489744875,0.23433874709976793,0.024999999999999994,0.9,1.0,0.0,0.13043478260869565,0.12000000000000001,0.3170731707317073,0.1963568175729976,0.35000000000000003
0.7027027027027026,0.5666666666666664,0.0,0.5217391304347827,0.5,0.42105263157894735,0.3333333333333333,0.07142857142857142,0.6153846153846156,1.0,0.17958979489744875,0.18329466357308583,0.06250000000000001,0.7600000000000001,0.5555555555555556,0.5,0.5217391304347826,0.18000000000000002,0.4878048780487805,0.36619341012590406,0.0
0.6756756756756754,0.6333333333333333,0.12,0.3913043478260869,0.5,0.5789473684210527,0.6666666666666666,0.35714285714285715,0.47115384615384603,1.0,0.17958979489744875,0.0951276102088167,0.8875000000000001,0.24,0.2222222222222222,0.5,0.08695652173913043,0.08,0.024390243902439025,0.06241628716849719,0.9500000000000001
0.6486486486486487,0.6333333333333333,0.16,0.34782608695652173,0.5,0.3157894736842105,0.3333333333333333,0.07142857142857142,0.22115384615384626,1.0,0.17958979489744875,0.16937354988399073,0.0,0.7200000000000001,0.2222222222222222,0.5,0.3913043478260869,0.2,0.2682926829268293,0.2678810608090008,0.0
0.6756756756756754,0.5333333333333332,0.0,0.5217391304347827,0.5,0.8947368421052632,0.0,0.5714285714285714,0.528846153846154,1.0,0.17458729364682343,0.12064965197215775,0.03749999999999999,0.7200000000000001,1.0,1.0,0.17391304347826086,0.14,0.07317073170731708,0.12510045539780337,0.1
0.6486486486486487,0.5666666666666664,0.08,0.3913043478260869,0.5,0.631578947368421,1.0,0.0,0.45192307692307687,1.0,0.17458729364682343,0.21113689095127608,0.06250000000000001,0.86,0.1111111111111111,0.5,0.0,0.0,0.0,0.0,0.5
0.6756756756756754,0.5333333333333332,0.0,0.5652173913043479,0.5,0.7894736842105263,1.0,0.2857142857142857,0.3942307692307694,1.0,0.16958479239619811,0.19953596287703013,0.075,0.86,0.4444444444444444,0.0,0.6956521739130435,0.3,0.5609756097560976,0.48218590945620143,0.05
0.6756756756756754,0.5333333333333332,0.0,0.4782608695652173,0.5,0.05263157894736842,1.0,0.2857142857142857,0.27884615384615397,0.0,0.16958479239619811,0.22273781902552203,0.06250000000000001,0.9,0.1111111111111111,0.25,0.043478260869565216,0.02,0.0975609756097561,0.053576212161800155,0.65
0.6756756756756754,0.5333333333333332,0.0,0.4782608695652173,0.5,0.05263157894736842,0.3333333333333333,0.42857142857142855,0.4326923076923077,0.0,0.16958479239619811,0.22273781902552203,0.06250000000000001,0.84,0.1111111111111111,0.25,0.043478260869565216,0.02,0.0975609756097561,0.053576212161800155,0.65
0.6486486486486487,0.6000000000000001,0.12,0.3913043478260869,0.5,0.05263157894736842,0.3333333333333333,0.07142857142857142,0.5576923076923077,1.0,0.16958479239619811,0.18793503480278423,0.024999999999999994,0.7000000000000001,0.2222222222222222,0.5,0.043478260869565216,0.02,0.0975609756097561,0.053576212161800155,0.65
0.6216216216216215,0.6666666666666665,0.24,0.26086956521739135,0.0,0.21052631578947367,0.0,1.0,0.29807692307692313,1.0,0.16958479239619811,0.14617169373549882,0.024999999999999994,0.64,0.1111111111111111,0.25,0.4347826086956522,0.09999999999999999,0.1951219512195122,0.20537547996249664,0.0
0.5945945945945947,0.6999999999999997,0.32,0.26086956521739135,0.0,0.9473684210526315,0.0,0.7857142857142857,0.42307692307692313,1.0,0.16958479239619811,0.12064965197215775,0.05,0.64,0.0,0.75,0.34782608695652173,0.26,0.14634146341463417,0.24109295472810074,0.0
0.5945945945945947,0.7333333333333334,0.36,0.21739130434782605,0.0,0.6842105263157895,1.0,0.0,0.42307692307692313,0.0,0.16958479239619811,0.10904872389791183,0.05,0.66,0.1111111111111111,0.75,0.30434782608695654,0.039999999999999994,0.12195121951219515,0.12510045539780337,1.0
0.5945945945945947,0.6999999999999997,0.32,0.26086956521739135,0.0,0.21052631578947367,1.0,0.0,0.5000000000000002,0.0,0.16958479239619811,0.12529002320185612,0.03749999999999999,0.7000000000000001,0.4444444444444444,0.0,0.4347826086956522,0.09999999999999999,0.1951219512195122,0.20537547996249664,0.0
0.6756756756756754,0.6000000000000001,0.08,0.4347826086956521,0.5,0.2631578947368421,0.6666666666666666,0.35714285714285715,0.5000000000000002,1.0,0.1645822911455728,0.13457076566125287,0.8875000000000001,0.30000000000000004,0.2222222222222222,0.5,0.21739130434782608,0.22,0.04878048780487806,0.1607286364854005,0.30000000000000004
0.6486486486486487,0.6000000000000001,0.12,0.4347826086956521,0.5,0.2631578947368421,0.3333333333333333,0.07142857142857142,0.5576923076923077,1.0,0.1645822911455728,0.19953596287703013,0.024999999999999994,0.64,0.5555555555555556,0.5,0.21739130434782608,0.22,0.04878048780487806,0.1607286364854005,0.30000000000000004
0.6486486486486487,0.6000000000000001,0.12,0.4347826086956521,0.5,0.2631578947368421,0.3333333333333333,0.07142857142857142,0.2692307692307694,1.0,0.1645822911455728,0.19953596287703013,0.05,0.64,0.2222222222222222,0.5,0.21739130434782608,0.22,0.04878048780487806,0.1607286364854005,0.30000000000000004
0.6216216216216215,0.6666666666666665,0.24,0.30434782608695654,0.5,0.2631578947368421,1.0,0.0,0.1826923076923077,1.0,0.1645822911455728,0.16705336426914152,0.03749999999999999,0.7000000000000001,0.4444444444444444,0.75,0.21739130434782608,0.22,0.04878048780487806,0.1607286364854005,0.30000000000000004
0.5945945945945947,0.7333333333333334,0.36,0.17391304347826086,0.0,0.5263157894736842,1.0,0.0,0.5096153846153848,0.0,0.1645822911455728,0.06960556844547564,0.012499999999999997,0.7400000000000001,0.4444444444444444,1.0,0.8695652173913043,0.33999999999999997,0.17073170731707318,0.39298151620680416,0.05
0.7567567567567566,0.6333333333333333,0.0,0.7391304347826086,1.0,0.7368421052631579,0.3333333333333333,0.7142857142857143,0.5480769230769231,1.0,0.1595797898949475,0.2691415313225058,0.05,0.92,0.4444444444444444,0.0,0.26086956521739135,0.06,0.24390243902439027,0.1695687114920975,0.2
0.6756756756756754,0.5333333333333332,0.0,0.5217391304347827,0.5,0.3157894736842105,0.3333333333333333,0.7142857142857143,0.41346153846153855,1.0,0.1595797898949475,0.17169373549883987,0.024999999999999994,0.86,0.4444444444444444,0.0,0.3913043478260869,0.2,0.2682926829268293,0.2678810608090008,0.0
0.6216216216216215,0.6333333333333333,0.2,0.26086956521739135,0.0,0.7894736842105263,0.0,0.7857142857142857,0.3942307692307694,1.0,0.1595797898949475,0.09744779582366589,0.03749999999999999,0.7000000000000001,0.1111111111111111,1.0,0.6956521739130435,0.3,0.5609756097560976,0.48218590945620143,0.05
0.6486486486486487,0.5666666666666664,0.08,0.4347826086956521,0.5,0.9473684210526315,0.3333333333333333,0.07142857142857142,0.5384615384615385,1.0,0.15457728864432219,0.15777262180974477,0.03749999999999999,0.66,0.5555555555555556,0.5,0.34782608695652173,0.26,0.14634146341463417,0.24109295472810074,0.0
0.6216216216216215,0.6666666666666665,0.24,0.21739130434782605,0.0,0.0,0.3333333333333333,0.07142857142857142,0.42307692307692313,1.0,0.15457728864432219,0.07424593967517401,0.06250000000000001,0.64,0.5555555555555556,0.5,0.4782608695652174,0.27999999999999997,0.5121951219512195,0.4106616662201982,0.0
0.6216216216216215,0.6666666666666665,0.24,0.26086956521739135,0.0,0.15789473684210525,0.3333333333333333,0.07142857142857142,0.5384615384615385,1.0,0.15457728864432219,0.10208816705336426,0.05,0.66,0.5555555555555556,0.5,0.6521739130434783,0.16,0.2926829268292683,0.3126171979641039,0.0
0.5945945945945947,0.6999999999999997,0.32,0.17391304347826086,0.0,0.5789473684210527,0.3333333333333333,0.9285714285714286,0.3557692307692306,1.0,0.15457728864432219,0.09280742459396751,0.03749999999999999,0.7600000000000001,0.1111111111111111,0.25,0.08695652173913043,0.08,0.024390243902439025,0.06241628716849719,0.9500000000000001
0.7567567567567566,0.6333333333333333,0.0,0.6956521739130435,1.0,0.42105263157894735,0.6666666666666666,0.35714285714285715,0.5000000000000002,1.0,0.14957478739369687,0.13457076566125287,0.9249999999999999,0.30000000000000004,0.5555555555555556,0.5,0.5217391304347826,0.18000000000000002,0.4878048780487805,0.36619341012590406,0.0
0.7027027027027026,0.5666666666666664,0.0,0.6521739130434783,1.0,0.5789473684210527,1.0,0.14285714285714285,0.6057692307692311,1.0,0.14957478739369687,0.19953596287703013,0.024999999999999994,0.82,0.4444444444444444,0.25,0.08695652173913043,0.08,0.024390243902439025,0.06241628716849719,0.9500000000000001
0.6756756756756754,0.5333333333333332,0.0,0.5652173913043479,0.5,0.3157894736842105,1.0,0.14285714285714285,0.36538461538461564,1.0,0.14957478739369687,0.17169373549883987,0.05,0.88,0.4444444444444444,0.0,0.3913043478260869,0.2,0.2682926829268293,0.2678810608090008,0.0
0.6756756756756754,0.5666666666666664,0.04,0.4782608695652173,0.5,0.3157894736842105,0.6666666666666666,0.35714285714285715,0.5769230769230773,1.0,0.14957478739369687,0.09744779582366589,0.8875000000000001,0.26,0.5555555555555556,0.0,0.3913043478260869,0.2,0.2682926829268293,0.2678810608090008,0.0
0.6756756756756754,0.5333333333333332,0.0,0.5652173913043479,0.5,0.9473684210526315,1.0,0.14285714285714285,0.5096153846153848,1.0,0.14957478739369687,0.18561484918793503,0.024999999999999994,0.82,0.2222222222222222,0.5,0.34782608695652173,0.26,0.14634146341463417,0.24109295472810074,0.0
0.6216216216216215,0.6000000000000001,0.16,0.34782608695652173,0.5,0.0,0.0,1.0,0.49038461538461564,1.0,0.14957478739369687,0.09744779582366589,0.05,0.68,0.8888888888888888,0.5,0.4782608695652174,0.27999999999999997,0.5121951219512195,0.4106616662201982,0.0
0.6216216216216215,0.6000000000000001,0.16,0.34782608695652173,0.5,0.7368421052631579,1.0,0.0,0.24038461538461542,1.0,0.14957478739369687,0.15545243619489557,0.024999999999999994,0.82,0.2222222222222222,0.5,0.26086956521739135,0.06,0.24390243902439027,0.1695687114920975,0.2
0.5945945945945947,0.6666666666666665,0.28,0.26086956521739135,0.0,0.21052631578947367,1.0,0.0,0.40384615384615397,1.0,0.14957478739369687,0.12064965197215775,0.03749999999999999,0.62,0.1111111111111111,0.75,0.4347826086956522,0.09999999999999999,0.1951219512195122,0.20537547996249664,0.0
0.7027027027027026,0.5666666666666664,0.0,0.6521739130434783,1.0,0.3684210526315789,0.3333333333333333,0.07142857142857142,0.47115384615384603,1.0,0.14457228614307155,0.12993039443155452,0.03749999999999999,0.68,0.8888888888888888,0.5,0.6086956521739131,0.32,0.36585365853658536,0.4018215912135012,0.45
0.7027027027027026,0.5666666666666664,0.0,0.6521739130434783,1.0,0.6842105263157895,0.3333333333333333,0.07142857142857142,0.8461538461538465,1.0,0.14457228614307155,0.21113689095127608,0.06250000000000001,0.7200000000000001,0.8888888888888888,0.0,0.30434782608695654,0.039999999999999994,0.12195121951219515,0.12510045539780337,1.0
0.6756756756756754,0.5333333333333332,0.0,0.6086956521739131,0.5,1.0,1.0,0.14285714285714285,0.6826923076923082,1.0,0.14457228614307155,0.14385150812064962,0.06250000000000001,0.88,0.4444444444444444,0.5,0.5652173913043479,0.24000000000000002,0.21951219512195122,0.30359853549424054,0.15000000000000002
0.6486486486486487,0.5333333333333332,0.04,0.4782608695652173,0.5,0.0,1.0,0.14285714285714285,0.5000000000000002,1.0,0.14457228614307155,0.11600928074245938,0.06250000000000001,0.8000000000000002,0.4444444444444444,0.0,0.4782608695652174,0.27999999999999997,0.5121951219512195,0.4106616662201982,0.0
0.6216216216216215,0.5666666666666664,0.12,0.34782608695652173,0.5,0.7894736842105263,0.0,0.7857142857142857,0.5769230769230773,1.0,0.14457228614307155,0.09744779582366589,0.03749999999999999,0.7200000000000001,0.4444444444444444,1.0,0.6956521739130435,0.3,0.5609756097560976,0.48218590945620143,0.05
0.6216216216216215,0.6333333333333333,0.2,0.30434782608695654,0.5,0.2631578947368421,0.3333333333333333,0.07142857142857142,0.1826923076923077,0.0,0.14457228614307155,0.15777262180974477,0.024999999999999994,0.66,0.5555555555555556,0.5,0.21739130434782608,0.22,0.04878048780487806,0.1607286364854005,0.30000000000000004
0.6486486486486487,0.5,0.0,0.5217391304347827,0.5,0.42105263157894735,1.0,0.0,0.2692307692307694,1.0,0.13956978489244623,0.16473317865429232,0.05,0.88,0.4444444444444444,0.25,0.5217391304347826,0.18000000000000002,0.4878048780487805,0.36619341012590406,0.0
0.6486486486486487,0.5,0.0,0.5217391304347827,0.5,0.42105263157894735,0.0,0.5,0.49038461538461564,1.0,0.13956978489244623,0.16241299303944312,0.06250000000000001,0.7600000000000001,0.4444444444444444,0.0,0.5217391304347826,0.18000000000000002,0.4878048780487805,0.36619341012590406,0.0
0.6486486486486487,0.5,0.0,0.5652173913043479,0.5,0.21052631578947367,0.0,0.7857142857142857,0.5576923076923077,0.0,0.13956978489244623,0.17401392111368907,0.05,0.8000000000000002,0.1111111111111111,0.25,0.4347826086956522,0.09999999999999999,0.1951219512195122,0.20537547996249664,0.0
0.6486486486486487,0.5333333333333332,0.04,0.4782608695652173,0.5,0.0,0.3333333333333333,0.07142857142857142,0.3749999999999998,0.0,0.13956978489244623,0.11600928074245938,0.03749999999999999,0.7000000000000001,0.5555555555555556,0.5,0.4782608695652174,0.27999999999999997,0.5121951219512195,0.4106616662201982,0.0
0.6216216216216215,0.5666666666666664,0.12,0.3913043478260869,0.5,0.0,1.0,0.0,0.44230769230769273,1.0,0.13956978489244623,0.111368909512761,0.024999999999999994,0.7200000000000001,0.4444444444444444,0.75,0.4782608695652174,0.27999999999999997,0.5121951219512195,0.4106616662201982,0.0
0.6216216216216215,0.6333333333333333,0.2,0.3913043478260869,0.5,1.0,0.3333333333333333,0.07142857142857142,0.29807692307692313,1.0,0.13956978489244623,0.10672853828306263,0.024999999999999994,0.5599999999999999,0.2222222222222222,0.5,0.5652173913043479,0.24000000000000002,0.21951219512195122,0.30359853549424054,0.15000000000000002
0.7837837837837838,0.6666666666666665,0.0,0.7826086956521738,1.0,0.631578947368421,0.3333333333333333,0.7142857142857143,0.653846153846154,1.0,0.13456728364182094,0.3387470997679814,0.05,0.92,1.0,0.5,0.0,0.0,0.0,0.0,0.5
0.7297297297297298,0.6000000000000001,0.0,0.6521739130434783,1.0,0.631578947368421,0.6666666666666666,0.35714285714285715,0.7403846153846156,1.0,0.13456728364182094,0.17865429234338748,0.9249999999999999,0.36,0.5555555555555556,0.5,0.0,0.0,0.0,0.0,0.5
0.6486486486486487,0.5,0.0,0.4782608695652173,0.5,0.2631578947368421,0.3333333333333333,0.42857142857142855,0.528846153846154,0.0,0.13456728364182094,0.19953596287703013,0.03749999999999999,0.84,0.4444444444444444,0.0,0.21739130434782608,0.22,0.04878048780487806,0.1607286364854005,0.30000000000000004
0.6486486486486487,0.5,0.0,0.6086956521739131,0.5,0.10526315789473684,1.0,0.2857142857142857,0.3846153846153848,1.0,0.13456728364182094,0.19953596287703013,0.03749999999999999,0.8000000000000002,0.5555555555555556,0.5,0.13043478260869565,0.12000000000000001,0.3170731707317073,0.1963568175729976,0.35000000000000003
0.6216216216216215,0.5666666666666664,0.12,0.34782608695652173,0.5,0.3157894736842105,0.3333333333333333,0.42857142857142855,0.3461538461538465,0.0,0.13456728364182094,0.11600928074245938,0.05,0.7000000000000001,0.1111111111111111,0.25,0.3913043478260869,0.2,0.2682926829268293,0.2678810608090008,0.0
0.6216216216216215,0.5666666666666664,0.12,0.34782608695652173,0.5,0.8421052631578947,0.3333333333333333,0.7142857142857143,0.33653846153846145,1.0,0.13456728364182094,0.08352668213457076,0.03749999999999999,0.8000000000000002,0.1111111111111111,1.0,1.0,0.38,0.3414634146341463,0.5001339405304045,0.0
0.6486486486486487,0.5,0.0,0.4782608695652173,0.5,0.5263157894736842,1.0,0.14285714285714285,0.3942307692307694,1.0,0.12956478239119562,0.10208816705336426,0.05,0.82,0.1111111111111111,0.5,0.8695652173913043,0.33999999999999997,0.17073170731707318,0.39298151620680416,0.05
0.6216216216216215,0.5666666666666664,0.12,0.30434782608695654,0.5,0.5263157894736842,1.0,0.14285714285714285,0.47115384615384603,1.0,0.12956478239119562,0.07888631090487239,0.012499999999999997,0.7000000000000001,0.4444444444444444,0.0,0.8695652173913043,0.33999999999999997,0.17073170731707318,0.39298151620680416,0.05
0.6216216216216215,0.5333333333333332,0.08,0.3913043478260869,0.5,0.0,0.0,0.5,0.3942307692307694,0.0,0.12956478239119562,0.10904872389791183,0.03749999999999999,0.7800000000000001,0.4444444444444444,0.25,0.4782608695652174,0.27999999999999997,0.5121951219512195,0.4106616662201982,0.0
0.6216216216216215,0.5666666666666664,0.12,0.3913043478260869,0.5,0.3684210526315789,0.3333333333333333,0.42857142857142855,0.3749999999999998,0.0,0.12956478239119562,0.09048723897911833,0.05,0.7000000000000001,0.4444444444444444,0.0,0.6086956521739131,0.32,0.36585365853658536,0.4018215912135012,0.45
0.6216216216216215,0.6333333333333333,0.2,0.30434782608695654,0.5,0.5263157894736842,0.6666666666666666,0.35714285714285715,0.5480769230769231,1.0,0.12956478239119562,0.037122969837587005,0.8875000000000001,0.26,0.5555555555555556,0.0,0.8695652173913043,0.33999999999999997,0.17073170731707318,0.39298151620680416,0.05
0.6756756756756754,0.5333333333333332,0.0,0.6521739130434783,1.0,0.7894736842105263,0.3333333333333333,0.42857142857142855,0.3076923076923077,0.0,0.12456228114057029,0.21113689095127608,0.05,0.86,0.4444444444444444,1.0,0.6956521739130435,0.3,0.5609756097560976,0.48218590945620143,0.05
0.6486486486486487,0.5,0.0,0.5652173913043479,0.5,0.9473684210526315,0.3333333333333333,0.42857142857142855,0.7211538461538465,0.0,0.12456228114057029,0.16705336426914152,0.03749999999999999,0.84,0.1111111111111111,0.25,0.34782608695652173,0.26,0.14634146341463417,0.24109295472810074,0.0
0.6486486486486487,0.5,0.0,0.5217391304347827,0.5,0.5789473684210527,0.3333333333333333,0.42857142857142855,0.5769230769230773,0.0,0.12456228114057029,0.16705336426914152,0.03749999999999999,0.82,0.4444444444444444,0.0,0.08695652173913043,0.08,0.024390243902439025,0.06241628716849719,0.9500000000000001
0.6216216216216215,0.5,0.04,0.4782608695652173,0.5,0.0,0.0,1.0,0.41346153846153855,1.0,0.12456228114057029,0.12529002320185612,0.05,0.7400000000000001,0.2222222222222222,0.5,0.4782608695652174,0.27999999999999997,0.5121951219512195,0.4106616662201982,0.0
0.5675675675675675,0.7333333333333334,0.4,0.17391304347826086,0.0,0.5263157894736842,1.0,0.0,0.3461538461538465,1.0,0.12456228114057029,0.060324825986078884,0.05,0.62,0.1111111111111111,0.25,0.8695652173913043,0.33999999999999997,0.17073170731707318,0.39298151620680416,0.05
0.6756756756756754,0.5333333333333332,0.0,0.6521739130434783,1.0,0.10526315789473684,0.3333333333333333,0.07142857142857142,0.4615384615384619,1.0,0.11955977988994497,0.21113689095127608,0.03749999999999999,0.7000000000000001,0.8888888888888888,0.5,0.13043478260869565,0.12000000000000001,0.3170731707317073,0.1963568175729976,0.35000000000000003
0.6756756756756754,0.5333333333333332,0.0,0.6521739130434783,1.0,0.10526315789473684,0.3333333333333333,0.07142857142857142,0.1923076923076923,0.0,0.11955977988994497,0.21113689095127608,0.03749999999999999,0.68,0.5555555555555556,0.5,0.13043478260869565,0.12000000000000001,0.3170731707317073,0.1963568175729976,0.35000000000000003
0.6486486486486487,0.5,0.0,0.6086956521739131,0.5,1.0,0.3333333333333333,0.7142857142857143,0.3846153846153848,1.0,0.11955977988994497,0.12761020881670532,0.075,0.7800000000000001,1.0,0.25,0.5652173913043479,0.24000000000000002,0.21951219512195122,0.30359853549424054,0.15000000000000002
0.6486486486486487,0.5,0.0,0.5652173913043479,0.5,0.6842105263157895,1.0,0.14285714285714285,0.47115384615384603,1.0,0.11955977988994497,0.18097447795823662,0.03749999999999999,0.7600000000000001,0.2222222222222222,0.5,0.30434782608695654,0.039999999999999994,0.12195121951219515,0.12510045539780337,1.0
0.6216216216216215,0.5333333333333332,0.08,0.3913043478260869,0.5,0.0,1.0,0.14285714285714285,0.528846153846154,1.0,0.11955977988994497,0.10208816705336426,0.024999999999999994,0.7600000000000001,0.4444444444444444,0.25,0.4782608695652174,0.27999999999999997,0.5121951219512195,0.4106616662201982,0.0
0.6216216216216215,0.5,0.04,0.4782608695652173,0.5,0.9473684210526315,1.0,0.0,0.528846153846154,1.0,0.11955977988994497,0.13225058004640372,0.03749999999999999,0.86,0.4444444444444444,0.25,0.34782608695652173,0.26,0.14634146341463417,0.24109295472810074,0.0
0.6216216216216215,0.5666666666666664,0.12,0.4347826086956521,0.5,0.21052631578947367,0.3333333333333333,0.07142857142857142,0.6250000000000002,0.0,0.11955977988994497,0.14617169373549882,0.05,0.62,0.8888888888888888,0.5,0.4347826086956522,0.09999999999999999,0.1951219512195122,0.20537547996249664,0.0
0.6216216216216215,0.5666666666666664,0.12,0.4782608695652173,0.5,0.9473684210526315,0.3333333333333333,0.07142857142857142,0.5384615384615385,0.0,0.11955977988994497,0.14617169373549882,0.03749999999999999,0.64,0.5555555555555556,0.5,0.34782608695652173,0.26,0.14634146341463417,0.24109295472810074,0.0
0.5945945945945947,0.6333333333333333,0.24,0.21739130434782605,0.0,0.7894736842105263,1.0,0.0,0.40384615384615397,1.0,0.11955977988994497,0.07192575406032482,0.012499999999999997,0.82,0.4444444444444444,0.0,0.6956521739130435,0.3,0.5609756097560976,0.48218590945620143,0.05
0.5945945945945947,0.6333333333333333,0.24,0.30434782608695654,0.5,0.15789473684210525,0.0,1.0,0.5865384615384619,1.0,0.11955977988994497,0.111368909512761,0.06250000000000001,0.62,0.8888888888888888,0.5,0.6521739130434783,0.16,0.2926829268292683,0.3126171979641039,0.0
0.5945945945945947,0.6333333333333333,0.24,0.34782608695652173,0.5,1.0,0.0,1.0,0.28846153846153855,1.0,0.11955977988994497,0.037122969837587005,0.03749999999999999,0.62,0.2222222222222222,0.5,0.5652173913043479,0.24000000000000002,0.21951219512195122,0.30359853549424054,0.15000000000000002
0.5675675675675675,0.6666666666666665,0.32,0.13043478260869568,0.0,0.5263157894736842,1.0,0.0,0.36538461538461564,0.0,0.11955977988994497,0.08816705336426914,0.024999999999999994,0.6,0.1111111111111111,0.25,0.8695652173913043,0.33999999999999997,0.17073170731707318,0.39298151620680416,0.05
0.5675675675675675,0.7333333333333334,0.4,0.13043478260869568,0.0,0.8421052631578947,1.0,0.0,0.45192307692307687,1.0,0.11955977988994497,0.058004640371229696,0.0,0.7400000000000001,0.4444444444444444,0.25,1.0,0.38,0.3414634146341463,0.5001339405304045,0.0
0.5675675675675675,0.6666666666666665,0.32,0.21739130434782605,0.0,0.5789473684210527,0.3333333333333333,0.07142857142857142,0.40384615384615397,1.0,0.11955977988994497,0.08816705336426914,0.024999999999999994,0.64,0.2222222222222222,0.5,0.08695652173913043,0.08,0.024390243902439025,0.06241628716849719,0.9500000000000001
0.6756756756756754,0.5333333333333332,0.0,0.6956521739130435,1.0,0.21052631578947367,0.3333333333333333,0.07142857142857142,0.5673076923076923,1.0,0.11455727863931967,0.18561484918793503,0.06250000000000001,0.7000000000000001,0.5555555555555556,0.0,0.4347826086956522,0.09999999999999999,0.1951219512195122,0.20537547996249664,0.0
0.6486486486486487,0.5,0.0,0.6956521739130435,1.0,0.7894736842105263,0.0,1.0,0.6923076923076923,1.0,0.11455727863931967,0.14153132250580047,0.08750000000000001,0.66,0.5555555555555556,0.5,0.6956521739130435,0.3,0.5609756097560976,0.48218590945620143,0.05
0.6216216216216215,0.5,0.04,0.4347826086956521,0.5,0.15789473684210525,0.3333333333333333,0.42857142857142855,0.4615384615384619,0.0,0.11455727863931967,0.12064965197215775,0.05,0.7200000000000001,0.0,0.75,0.6521739130434783,0.16,0.2926829268292683,0.3126171979641039,0.0
0.6216216216216215,0.5333333333333332,0.08,0.4347826086956521,0.5,0.7894736842105263,0.3333333333333333,0.07142857142857142,0.29807692307692313,1.0,0.11455727863931967,0.10904872389791183,0.024999999999999994,0.8000000000000002,0.2222222222222222,0.5,0.6956521739130435,0.3,0.5609756097560976,0.48218590945620143,0.05
0.5945945945945947,0.6333333333333333,0.24,0.26086956521739135,0.0,0.15789473684210525,0.3333333333333333,0.9285714285714286,0.28846153846153855,1.0,0.11455727863931967,0.09280742459396751,0.05,0.7400000000000001,0.2222222222222222,0.0,0.6521739130434783,0.16,0.2926829268292683,0.3126171979641039,0.0
0.5675675675675675,0.6333333333333333,0.28,0.26086956521739135,0.0,0.8421052631578947,0.0,1.0,0.5000000000000002,1.0,0.11455727863931967,0.08584686774941995,0.024999999999999994,0.6,0.4444444444444444,0.25,1.0,0.38,0.3414634146341463,0.5001339405304045,0.0
0.5675675675675675,0.6333333333333333,0.28,0.26086956521739135,0.0,0.10526315789473684,1.0,0.0,0.27884615384615397,1.0,0.11455727863931967,0.13457076566125287,0.024999999999999994,0.64,0.1111111111111111,1.0,0.13043478260869565,0.12000000000000001,0.3170731707317073,0.1963568175729976,0.35000000000000003
0.5675675675675675,0.6999999999999997,0.36,0.13043478260869568,0.0,0.7368421052631579,0.3333333333333333,0.6428571428571429,0.40384615384615397,0.0,0.11455727863931967,0.09744779582366589,0.05,0.8000000000000002,0.4444444444444444,0.25,0.26086956521739135,0.06,0.24390243902439027,0.1695687114920975,0.2
0.5675675675675675,0.6999999999999997,0.36,0.17391304347826086,0.0,0.21052631578947367,1.0,0.14285714285714285,0.5192307692307694,0.0,0.11455727863931967,0.08816705336426914,0.03749999999999999,0.7800000000000001,0.4444444444444444,0.25,0.4347826086956522,0.09999999999999999,0.1951219512195122,0.20537547996249664,0.0
0.7027027027027026,0.5666666666666664,0.0,0.6521739130434783,1.0,0.9473684210526315,0.6666666666666666,0.35714285714285715,0.6442307692307694,1.0,0.10955477738869435,0.12064965197215775,0.8875000000000001,0.3400000000000001,1.0,0.5,0.34782608695652173,0.26,0.14634146341463417,0.24109295472810074,0.0
0.6486486486486487,0.5,0.0,0.6956521739130435,1.0,0.6842105263157895,1.0,0.2857142857142857,0.47115384615384603,1.0,0.10955477738869435,0.18793503480278423,0.024999999999999994,0.7000000000000001,1.0,0.0,0.30434782608695654,0.039999999999999994,0.12195121951219515,0.12510045539780337,1.0
0.6216216216216215,0.46666666666666634,0.0,0.4782608695652173,0.5,0.10526315789473684,1.0,0.0,0.6057692307692311,1.0,0.10955477738869435,0.18097447795823662,0.03749999999999999,0.84,0.7777777777777778,0.25,0.13043478260869565,0.12000000000000001,0.3170731707317073,0.1963568175729976,0.35000000000000003
0.6216216216216215,0.46666666666666634,0.0,0.5217391304347827,0.5,1.0,0.0,1.0,0.6346153846153848,1.0,0.10955477738869435,0.13689095127610207,0.05,0.7200000000000001,0.4444444444444444,1.0,0.5652173913043479,0.24000000000000002,0.21951219512195122,0.30359853549424054,0.15000000000000002
0.6216216216216215,0.5,0.04,0.4782608695652173,0.5,0.8947368421052632,0.3333333333333333,0.42857142857142855,0.33653846153846145,0.0,0.10955477738869435,0.16009280742459397,0.03749999999999999,0.8000000000000002,0.1111111111111111,1.0,0.17391304347826086,0.14,0.07317073170731708,0.12510045539780337,0.1
0.6216216216216215,0.5,0.04,0.4347826086956521,0.5,0.7894736842105263,1.0,0.14285714285714285,0.4615384615384619,1.0,0.10955477738869435,0.10904872389791183,0.012499999999999997,0.82,0.1111111111111111,0.25,0.6956521739130435,0.3,0.5609756097560976,0.48218590945620143,0.05
0.5945945945945947,0.5666666666666664,0.16,0.34782608695652173,0.5,0.6842105263157895,1.0,0.0,0.3173076923076923,0.0,0.10955477738869435,0.13225058004640372,0.05,0.7200000000000001,0.1111111111111111,0.75,0.30434782608695654,0.039999999999999994,0.12195121951219515,0.12510045539780337,1.0
0.5945945945945947,0.5666666666666664,0.16,0.34782608695652173,0.5,0.3684210526315789,1.0,0.0,0.3461538461538465,1.0,0.10955477738869435,0.0765661252900232,0.024999999999999994,0.68,0.1111111111111111,1.0,0.6086956521739131,0.32,0.36585365853658536,0.4018215912135012,0.45
0.5945945945945947,0.6333333333333333,0.24,0.34782608695652173,0.5,0.05263157894736842,0.3333333333333333,0.07142857142857142,0.28846153846153855,0.0,0.10955477738869435,0.14617169373549882,0.024999999999999994,0.66,0.2222222222222222,0.5,0.043478260869565216,0.02,0.0975609756097561,0.053576212161800155,0.65
0.5945945945945947,0.6333333333333333,0.24,0.34782608695652173,0.5,0.21052631578947367,0.3333333333333333,0.07142857142857142,0.3942307692307694,1.0,0.10955477738869435,0.1136890951276102,0.012499999999999997,0.66,0.2222222222222222,0.5,0.4347826086956522,0.09999999999999999,0.1951219512195122,0.20537547996249664,0.0
0.5945945945945947,0.6333333333333333,0.24,0.30434782608695654,0.5,0.7894736842105263,0.3333333333333333,0.07142857142857142,0.5673076923076923,0.0,0.10955477738869435,0.08352668213457076,0.03749999999999999,0.6,0.5555555555555556,0.5,0.6956521739130435,0.3,0.5609756097560976,0.48218590945620143,0.05
0.6216216216216215,0.46666666666666634,0.0,0.5217391304347827,0.5,0.15789473684210525,1.0,0.2857142857142857,0.28846153846153855,1.0,0.10455227613806904,0.13457076566125287,0.03749999999999999,0.8000000000000002,0.1111111111111111,0.0,0.6521739130434783,0.16,0.2926829268292683,0.3126171979641039,0.0
0.5945945945945947,0.5666666666666664,0.16,0.3913043478260869,0.5,0.3157894736842105,0.0,1.0,0.4326923076923077,1.0,0.10455227613806904,0.13921113689095127,0.024999999999999994,0.58,0.4444444444444444,1.0,0.3913043478260869,0.2,0.2682926829268293,0.2678810608090008,0.0
0.5945945945945947,0.6000000000000001,0.2,0.34782608695652173,0.5,0.47368421052631576,0.3333333333333333,0.6428571428571429,0.29807692307692313,0.0,0.10455227613806904,0.0765661252900232,0.03749999999999999,0.8000000000000002,0.4444444444444444,0.25,0.9130434782608696,1.0,1.0,1.0,0.05
0.5675675675675675,0.6333333333333333,0.28,0.26086956521739135,0.0,1.0,1.0,0.14285714285714285,0.6346153846153848,1.0,0.10455227613806904,0.08120649651972157,0.012499999999999997,0.68,0.4444444444444444,0.0,0.5652173913043479,0.24000000000000002,0.21951219512195122,0.30359853549424054,0.15000000000000002
0.5675675675675675,0.6333333333333333,0.28,0.26086956521739135,0.0,0.8421052631578947,0.3333333333333333,0.07142857142857142,0.2596153846153846,1.0,0.10455227613806904,0.07192575406032482,0.03749999999999999,0.64,0.5555555555555556,0.5,1.0,0.38,0.3414634146341463,0.5001339405304045,0.0
0.5675675675675675,0.6333333333333333,0.28,0.26086956521739135,0.0,0.8947368421052632,0.3333333333333333,0.07142857142857142,0.3749999999999998,1.0,0.10455227613806904,0.11832946635730858,0.05,0.62,0.5555555555555556,0.5,0.17391304347826086,0.14,0.07317073170731708,0.12510045539780337,0.1
0.6216216216216215,0.46666666666666634,0.0,0.6086956521739131,0.5,0.7368421052631579,0.0,0.8571428571428571,0.49038461538461564,0.0,0.09954977488744372,0.19953596287703013,0.05,0.7800000000000001,0.1111111111111111,0.75,0.26086956521739135,0.06,0.24390243902439027,0.1695687114920975,0.2
0.6216216216216215,0.46666666666666634,0.0,0.4782608695652173,0.5,0.7894736842105263,0.3333333333333333,0.7142857142857143,0.5961538461538465,1.0,0.09954977488744372,0.10904872389791183,0.03749999999999999,0.8000000000000002,0.4444444444444444,0.0,0.6956521739130435,0.3,0.5609756097560976,0.48218590945620143,0.05
0.5945945945945947,0.5666666666666664,0.16,0.34782608695652173,0.5,0.6842105263157895,0.3333333333333333,0.42857142857142855,0.528846153846154,0.0,0.09954977488744372,0.12529002320185612,0.024999999999999994,0.7600000000000001,0.3333333333333333,0.25,0.30434782608695654,0.039999999999999994,0.12195121951219515,0.12510045539780337,1.0
0.5945945945945947,0.5333333333333332,0.12,0.34782608695652173,0.5,0.42105263157894735,1.0,0.0,0.47115384615384603,1.0,0.09954977488744372,0.15545243619489557,0.06250000000000001,0.64,0.1111111111111111,0.75,0.5217391304347826,0.18000000000000002,0.4878048780487805,0.36619341012590406,0.0
0.5945945945945947,0.5666666666666664,0.16,0.30434782608695654,0.5,0.7894736842105263,1.0,0.14285714285714285,0.41346153846153855,0.0,0.09954977488744372,0.08352668213457076,0.012499999999999997,0.7600000000000001,0.1111111111111111,0.0,0.6956521739130435,0.3,0.5609756097560976,0.48218590945620143,0.05
0.5945945945945947,0.5666666666666664,0.16,0.30434782608695654,0.5,0.7894736842105263,0.3333333333333333,0.7142857142857143,0.33653846153846145,1.0,0.09954977488744372,0.08352668213457076,0.05,0.7200000000000001,0.1111111111111111,0.0,0.6956521739130435,0.3,0.5609756097560976,0.48218590945620143,0.05
0.5945945945945947,0.6000000000000001,0.2,0.3913043478260869,0.5,1.0,0.3333333333333333,0.07142857142857142,0.2500000000000002,0.0,0.09954977488744372,0.09744779582366589,0.024999999999999994,0.7200000000000001,0.5555555555555556,0.5,0.5652173913043479,0.24000000000000002,0.21951219512195122,0.30359853549424054,0.15000000000000002
0.5405405405405403,0.7666666666666666,0.48,0.13043478260869568,0.0,0.21052631578947367,0.0,0.5,0.2019230769230771,0.0,0.09954977488744372,0.07888631090487239,0.024999999999999994,0.64,0.1111111111111111,1.0,0.4347826086956522,0.09999999999999999,0.1951219512195122,0.20537547996249664,0.0
0.6486486486486487,0.5,0.0,0.5652173913043479,0.5,0.0,0.6666666666666666,0.35714285714285715,0.5576923076923077,1.0,0.0945472736368184,0.12993039443155452,0.8875000000000001,0.28,0.2222222222222222,0.0,0.4782608695652174,0.27999999999999997,0.5121951219512195,0.4106616662201982,0.0
0.6486486486486487,0.5,0.0,0.6521739130434783,1.0,0.15789473684210525,0.3333333333333333,0.07142857142857142,0.28846153846153855,0.0,0.0945472736368184,0.13689095127610207,0.012499999999999997,0.62,0.2222222222222222,0.5,0.6521739130434783,0.16,0.2926829268292683,0.3126171979641039,0.0
0.6216216216216215,0.46666666666666634,0.0,0.5217391304347827,0.5,0.42105263157894735,0.3333333333333333,0.7142857142857143,0.3749999999999998,1.0,0.0945472736368184,0.14385150812064962,0.03749999999999999,0.7400000000000001,0.4444444444444444,0.25,0.5217391304347826,0.18000000000000002,0.4878048780487805,0.36619341012590406,0.0
0.5945945945945947,0.5,0.08,0.3913043478260869,0.5,0.0,1.0,0.0,0.22115384615384626,1.0,0.0945472736368184,0.09976798143851508,0.06250000000000001,0.7400000000000001,0.4444444444444444,0.75,0.4782608695652174,0.27999999999999997,0.5121951219512195,0.4106616662201982,0.0
0.5945945945945947,0.5333333333333332,0.12,0.4347826086956521,0.5,0.3684210526315789,1.0,0.2857142857142857,0.6923076923076923,1.0,0.0945472736368184,0.07424593967517401,0.0,0.7800000000000001,0.4444444444444444,0.0,0.6086956521739131,0.32,0.36585365853658536,0.4018215912135012,0.45
0.5945945945945947,0.5666666666666664,0.16,0.34782608695652173,0.5,0.42105263157894735,0.3333333333333333,0.07142857142857142,0.7403846153846156,0.0,0.0945472736368184,0.10672853828306263,0.0,0.7200000000000001,0.5555555555555556,0.5,0.5217391304347826,0.18000000000000002,0.4878048780487805,0.36619341012590406,0.0
0.5945945945945947,0.5666666666666664,0.16,0.34782608695652173,0.5,0.3157894736842105,0.3333333333333333,0.07142857142857142,0.6346153846153848,1.0,0.0945472736368184,0.10672853828306263,0.024999999999999994,0.58,0.2222222222222222,0.5,0.3913043478260869,0.2,0.2682926829268293,0.2678810608090008,0.0
0.5405405405405403,0.6666666666666665,0.36,0.21739130434782605,0.0,0.15789473684210525,1.0,0.0,0.33653846153846145,1.0,0.0945472736368184,0.07192575406032482,0.024999999999999994,0.62,0.0,0.75,0.6521739130434783,0.16,0.2926829268292683,0.3126171979641039,0.0
0.5405405405405403,0.6333333333333333,0.32,0.26086956521739135,0.0,1.0,1.0,0.2857142857142857,0.6442307692307694,1.0,0.0945472736368184,0.07888631090487239,0.05,0.7600000000000001,0.1111111111111111,0.0,0.5652173913043479,0.24000000000000002,0.21951219512195122,0.30359853549424054,0.15000000000000002
0.5405405405405403,0.6666666666666665,0.36,0.17391304347826086,0.0,0.47368421052631576,1.0,0.0,0.33653846153846145,0.0,0.0945472736368184,0.05568445475638051,0.012499999999999997,0.7200000000000001,0.1111111111111111,0.75,0.9130434782608696,1.0,1.0,1.0,0.05
0.5405405405405403,0.7333333333333334,0.44,0.17391304347826086,0.0,0.21052631578947367,0.0,0.5,0.3942307692307694,0.0,0.0945472736368184,0.08816705336426914,0.03749999999999999,0.66,0.4444444444444444,1.0,0.4347826086956522,0.09999999999999999,0.1951219512195122,0.20537547996249664,0.0
0.5405405405405403,0.6666666666666665,0.36,0.21739130434782605,0.0,0.47368421052631576,0.0,1.0,0.49038461538461564,1.0,0.0945472736368184,0.06496519721577726,0.03749999999999999,0.6,0.8888888888888888,0.5,0.9130434782608696,1.0,1.0,1.0,0.05
0.6486486486486487,0.5,0.0,0.6956521739130435,1.0,0.7368421052631579,0.3333333333333333,0.07142857142857142,0.40384615384615397,0.0,0.0895447723861931,0.19953596287703013,0.05,0.62,0.2222222222222222,0.0,0.26086956521739135,0.06,0.24390243902439027,0.1695687114920975,0.2
0.6216216216216215,0.46666666666666634,0.0,0.6086956521739131,0.5,0.5263157894736842,0.3333333333333333,0.7142857142857143,0.47115384615384603,1.0,0.0895447723861931,0.09976798143851508,0.075,0.84,1.0,0.25,0.8695652173913043,0.33999999999999997,0.17073170731707318,0.39298151620680416,0.05
0.6216216216216215,0.46666666666666634,0.0,0.5652173913043479,0.5,0.0,1.0,0.14285714285714285,0.6634615384615385,0.0,0.0895447723861931,0.1136890951276102,0.03749999999999999,0.86,0.1111111111111111,0.25,0.4782608695652174,0.27999999999999997,0.5121951219512195,0.4106616662201982,0.0
0.6216216216216215,0.46666666666666634,0.0,0.6086956521739131,0.5,0.15789473684210525,1.0,0.14285714285714285,0.3846153846153848,1.0,0.0895447723861931,0.12761020881670532,0.06250000000000001,0.7600000000000001,0.2222222222222222,0.5,0.6521739130434783,0.16,0.2926829268292683,0.3126171979641039,0.0
0.5945945945945947,0.46666666666666634,0.04,0.4347826086956521,0.5,0.5263157894736842,0.0,1.0,0.32692307692307687,1.0,0.0895447723861931,0.09280742459396751,0.024999999999999994,0.66,0.1111111111111111,0.0,0.8695652173913043,0.33999999999999997,0.17073170731707318,0.39298151620680416,0.05
0.5945945945945947,0.46666666666666634,0.04,0.4347826086956521,0.5,0.7894736842105263,0.0,1.0,0.6826923076923082,1.0,0.0895447723861931,0.11600928074245938,0.024999999999999994,0.6,0.7777777777777778,0.5,0.6956521739130435,0.3,0.5609756097560976,0.48218590945620143,0.05
0.5945945945945947,0.5,0.08,0.4347826086956521,0.5,0.15789473684210525,1.0,0.14285714285714285,0.5096153846153848,0.0,0.0895447723861931,0.11832946635730858,0.012499999999999997,0.8000000000000002,0.1111111111111111,0.5,0.6521739130434783,0.16,0.2926829268292683,0.3126171979641039,0.0
0.5945945945945947,0.46666666666666634,0.04,0.4347826086956521,0.5,0.3157894736842105,0.0,0.8571428571428571,0.24038461538461542,1.0,0.0895447723861931,0.14385150812064962,0.03749999999999999,0.64,0.2222222222222222,0.5,0.3913043478260869,0.2,0.2682926829268293,0.2678810608090008,0.0
0.5945945945945947,0.46666666666666634,0.04,0.4782608695652173,0.5,0.3684210526315789,0.0,1.0,0.22115384615384626,1.0,0.0895447723861931,0.10208816705336426,0.03749999999999999,0.66,1.0,0.5,0.6086956521739131,0.32,0.36585365853658536,0.4018215912135012,0.45
0.5945945945945947,0.46666666666666634,0.04,0.4347826086956521,0.5,0.7368421052631579,1.0,0.2857142857142857,0.3076923076923077,1.0,0.0895447723861931,0.16705336426914152,0.05,0.7600000000000001,0.2222222222222222,0.5,0.26086956521739135,0.06,0.24390243902439027,0.1695687114920975,0.2
0.5945945945945947,0.46666666666666634,0.04,0.4347826086956521,0.5,0.42105263157894735,1.0,0.14285714285714285,0.6923076923076923,1.0,0.0895447723861931,0.13225058004640372,0.03749999999999999,0.7600000000000001,0.5555555555555556,0.5,0.5217391304347826,0.18000000000000002,0.4878048780487805,0.36619341012590406,0.0
0.5675675675675675,0.6000000000000001,0.24,0.30434782608695654,0.5,0.3684210526315789,1.0,0.2857142857142857,0.5961538461538465,1.0,0.0895447723861931,0.07192575406032482,0.012499999999999997,0.7800000000000001,0.1111111111111111,0.5,0.6086956521739131,0.32,0.36585365853658536,0.4018215912135012,0.45
0.5675675675675675,0.6000000000000001,0.24,0.30434782608695654,0.5,0.42105263157894735,0.0,1.0,0.5192307692307694,1.0,0.0895447723861931,0.11832946635730858,0.06250000000000001,0.66,0.5555555555555556,0.5,0.5217391304347826,0.18000000000000002,0.4878048780487805,0.36619341012590406,0.0
0.5405405405405403,0.6333333333333333,0.32,0.26086956521739135,0.0,0.0,0.3333333333333333,0.9285714285714286,0.47115384615384603,1.0,0.0895447723861931,0.07192575406032482,0.05,0.66,0.1111111111111111,0.25,0.4782608695652174,0.27999999999999997,0.5121951219512195,0.4106616662201982,0.0
0.5405405405405403,0.6999999999999997,0.4,0.17391304347826086,0.0,0.0,1.0,0.0,0.33653846153846145,1.0,0.0895447723861931,0.060324825986078884,0.05,0.7800000000000001,0.1111111111111111,0.25,0.4782608695652174,0.27999999999999997,0.5121951219512195,0.4106616662201982,0.0
0.5405405405405403,0.6666666666666665,0.36,0.17391304347826086,0.0,0.2631578947368421,1.0,0.14285714285714285,0.6153846153846156,0.0,0.0895447723861931,0.10208816705336426,0.05,0.82,0.5555555555555556,0.5,0.21739130434782608,0.22,0.04878048780487806,0.1607286364854005,0.30000000000000004
0.5945945945945947,0.4333333333333331,0.0,0.4347826086956521,0.5,0.3684210526315789,0.0,1.0,0.5192307692307694,1.0,0.08454227113556778,0.10208816705336426,0.05,0.6,0.2222222222222222,0.5,0.6086956521739131,0.32,0.36585365853658536,0.4018215912135012,0.45
0.5945945945945947,0.4333333333333331,0.0,0.4347826086956521,0.5,1.0,0.0,1.0,0.4326923076923077,1.0,0.08454227113556778,0.12064965197215775,0.05,0.62,1.0,0.5,0.5652173913043479,0.24000000000000002,0.21951219512195122,0.30359853549424054,0.15000000000000002
0.5675675675675675,0.6000000000000001,0.24,0.21739130434782605,0.0,0.5263157894736842,0.3333333333333333,0.6428571428571429,0.528846153846154,0.0,0.08454227113556778,0.05336426914153132,0.024999999999999994,0.7400000000000001,0.4444444444444444,0.0,0.8695652173913043,0.33999999999999997,0.17073170731707318,0.39298151620680416,0.05
0.5675675675675675,0.5666666666666664,0.2,0.34782608695652173,0.5,0.3684210526315789,1.0,0.0,0.09615384615384626,1.0,0.08454227113556778,0.13457076566125287,0.06250000000000001,0.68,0.1111111111111111,1.0,0.6086956521739131,0.32,0.36585365853658536,0.4018215912135012,0.45
0.5405405405405403,0.6000000000000001,0.28,0.26086956521739135,0.0,0.0,0.0,0.5,0.45192307692307687,0.0,0.08454227113556778,0.0765661252900232,0.03749999999999999,0.68,0.1111111111111111,1.0,0.4782608695652174,0.27999999999999997,0.5121951219512195,0.4106616662201982,0.0
0.5945945945945947,0.4333333333333331,0.0,0.4782608695652173,0.5,0.3684210526315789,0.0,0.7857142857142857,0.47115384615384603,0.0,0.07953976988494248,0.09744779582366589,0.024999999999999994,0.7200000000000001,0.4444444444444444,1.0,0.6086956521739131,0.32,0.36585365853658536,0.4018215912135012,0.45
0.5945945945945947,0.4333333333333331,0.0,0.4782608695652173,0.5,1.0,0.0,1.0,0.3076923076923077,1.0,0.07953976988494248,0.12064965197215775,0.03749999999999999,0.7200000000000001,0.4444444444444444,0.25,0.5652173913043479,0.24000000000000002,0.21951219512195122,0.30359853549424054,0.15000000000000002
0.5945945945945947,0.46666666666666634,0.04,0.4347826086956521,0.5,0.5263157894736842,0.3333333333333333,0.7142857142857143,0.5673076923076923,1.0,0.07953976988494248,0.08584686774941995,0.024999999999999994,0.7400000000000001,0.4444444444444444,0.0,0.8695652173913043,0.33999999999999997,0.17073170731707318,0.39298151620680416,0.05
0.5945945945945947,0.46666666666666634,0.04,0.4347826086956521,0.5,0.7894736842105263,0.3333333333333333,0.07142857142857142,0.5865384615384619,1.0,0.07953976988494248,0.09976798143851508,0.012499999999999997,0.7400000000000001,0.5555555555555556,0.5,0.6956521739130435,0.3,0.5609756097560976,0.48218590945620143,0.05
0.5945945945945947,0.5,0.08,0.4347826086956521,0.5,0.15789473684210525,0.3333333333333333,0.07142857142857142,0.3749999999999998,1.0,0.07953976988494248,0.111368909512761,0.03749999999999999,0.7000000000000001,0.5555555555555556,0.5,0.6521739130434783,0.16,0.2926829268292683,0.3126171979641039,0.0
0.5675675675675675,0.5333333333333332,0.16,0.30434782608695654,0.5,0.15789473684210525,1.0,0.0,0.3461538461538465,1.0,0.07953976988494248,0.0951276102088167,0.03749999999999999,0.7800000000000001,0.1111111111111111,1.0,0.6521739130434783,0.16,0.2926829268292683,0.3126171979641039,0.0
0.5675675675675675,0.6000000000000001,0.24,0.30434782608695654,0.5,0.47368421052631576,0.3333333333333333,0.07142857142857142,0.49038461538461564,0.0,0.07953976988494248,0.07192575406032482,0.03749999999999999,0.66,0.5555555555555556,0.5,0.9130434782608696,1.0,1.0,1.0,0.05
0.5675675675675675,0.6000000000000001,0.24,0.30434782608695654,0.5,0.3684210526315789,0.3333333333333333,0.07142857142857142,0.3461538461538465,1.0,0.07953976988494248,0.06728538283062645,0.05,0.6,0.5555555555555556,0.5,0.6086956521739131,0.32,0.36585365853658536,0.4018215912135012,0.45
0.6486486486486487,0.5,0.0,0.6521739130434783,1.0,1.0,0.6666666666666666,0.35714285714285715,0.4615384615384619,1.0,0.07453726863431716,0.0765661252900232,0.8625,0.28,0.5555555555555556,0.5,0.5652173913043479,0.24000000000000002,0.21951219512195122,0.30359853549424054,0.15000000000000002
0.6486486486486487,0.5,0.0,0.6521739130434783,1.0,1.0,0.6666666666666666,0.35714285714285715,0.4615384615384619,1.0,0.07453726863431716,0.0765661252900232,0.875,0.24,0.5555555555555556,0.0,0.5652173913043479,0.24000000000000002,0.21951219512195122,0.30359853549424054,0.15000000000000002
0.6486486486486487,0.5,0.0,0.6521739130434783,1.0,0.15789473684210525,0.6666666666666666,0.35714285714285715,0.47115384615384603,1.0,0.07453726863431716,0.08352668213457076,0.8875000000000001,0.22000000000000008,0.5555555555555556,0.0,0.6521739130434783,0.16,0.2926829268292683,0.3126171979641039,0.0
0.6216216216216215,0.46666666666666634,0.0,0.6521739130434783,1.0,0.9473684210526315,0.3333333333333333,0.7142857142857143,0.653846153846154,1.0,0.07453726863431716,0.15545243619489557,0.05,0.8000000000000002,0.4444444444444444,0.0,0.34782608695652173,0.26,0.14634146341463417,0.24109295472810074,0.0
0.6216216216216215,0.46666666666666634,0.0,0.6956521739130435,1.0,0.21052631578947367,0.3333333333333333,0.07142857142857142,0.40384615384615397,1.0,0.07453726863431716,0.15545243619489557,0.024999999999999994,0.7000000000000001,0.4444444444444444,0.5,0.4347826086956522,0.09999999999999999,0.1951219512195122,0.20537547996249664,0.0
0.5945945945945947,0.4333333333333331,0.0,0.5217391304347827,0.5,0.42105263157894735,0.0,0.7857142857142857,0.8750000000000002,1.0,0.07453726863431716,0.13921113689095127,0.03749999999999999,0.68,1.0,1.0,0.5217391304347826,0.18000000000000002,0.4878048780487805,0.36619341012590406,0.0
0.5945945945945947,0.4333333333333331,0.0,0.5652173913043479,0.5,0.7368421052631579,0.0,0.8571428571428571,0.49038461538461564,1.0,0.07453726863431716,0.18793503480278423,0.06250000000000001,0.7800000000000001,0.4444444444444444,0.25,0.26086956521739135,0.06,0.24390243902439027,0.1695687114920975,0.2
0.5945945945945947,0.46666666666666634,0.04,0.4782608695652173,0.5,0.42105263157894735,0.3333333333333333,0.07142857142857142,0.6153846153846156,1.0,0.07453726863431716,0.12529002320185612,0.024999999999999994,0.5599999999999999,0.2222222222222222,0.5,0.5217391304347826,0.18000000000000002,0.4878048780487805,0.36619341012590406,0.0
0.5945945945945947,0.4333333333333331,0.0,0.5217391304347827,0.5,0.0,1.0,0.2857142857142857,0.2500000000000002,0.0,0.07453726863431716,0.111368909512761,0.05,0.8000000000000002,0.2222222222222222,0.5,0.4782608695652174,0.27999999999999997,0.5121951219512195,0.4106616662201982,0.0
0.5675675675675675,0.5,0.12,0.4347826086956521,0.5,1.0,1.0,0.0,0.5961538461538465,1.0,0.07453726863431716,0.10208816705336426,0.06250000000000001,0.82,0.3333333333333333,1.0,0.5652173913043479,0.24000000000000002,0.21951219512195122,0.30359853549424054,0.15000000000000002
0.5675675675675675,0.5,0.12,0.34782608695652173,0.5,0.7894736842105263,0.0,0.7857142857142857,0.5192307692307694,1.0,0.07453726863431716,0.08352668213457076,0.024999999999999994,0.64,0.4444444444444444,1.0,0.6956521739130435,0.3,0.5609756097560976,0.48218590945620143,0.05
0.5675675675675675,0.5666666666666664,0.2,0.30434782608695654,0.5,0.15789473684210525,0.3333333333333333,0.07142857142857142,0.3557692307692306,1.0,0.07453726863431716,0.08816705336426914,0.024999999999999994,0.5400000000000001,0.5555555555555556,0.5,0.6521739130434783,0.16,0.2926829268292683,0.3126171979641039,0.0
0.5135135135135134,0.7333333333333334,0.48,0.13043478260869568,0.0,0.21052631578947367,0.0,1.0,0.3942307692307694,1.0,0.07453726863431716,0.08352668213457076,0.05,0.5599999999999999,0.5555555555555556,0.5,0.4347826086956522,0.09999999999999999,0.1951219512195122,0.20537547996249664,0.0
0.6486486486486487,0.5,0.0,0.6956521739130435,1.0,0.7894736842105263,0.6666666666666666,0.35714285714285715,0.3076923076923077,1.0,0.06953476738369184,0.07424593967517401,0.8875000000000001,0.26,0.5555555555555556,0.0,0.6956521739130435,0.3,0.5609756097560976,0.48218590945620143,0.05
0.5945945945945947,0.4333333333333331,0.0,0.4782608695652173,0.5,0.8421052631578947,0.3333333333333333,0.7142857142857143,0.2596153846153846,1.0,0.06953476738369184,0.09280742459396751,0.024999999999999994,0.7000000000000001,1.0,0.25,1.0,0.38,0.3414634146341463,0.5001339405304045,0.0
0.5945945945945947,0.46666666666666634,0.04,0.5217391304347827,0.5,0.5263157894736842,1.0,0.2857142857142857,0.28846153846153855,1.0,0.06953476738369184,0.09280742459396751,0.05,0.7800000000000001,0.4444444444444444,0.0,0.8695652173913043,0.33999999999999997,0.17073170731707318,0.39298151620680416,0.05
0.5945945945945947,0.4333333333333331,0.0,0.4782608695652173,0.5,0.42105263157894735,1.0,0.14285714285714285,0.48076923076923106,1.0,0.06953476738369184,0.12529002320185612,0.03749999999999999,0.8000000000000002,0.1111111111111111,0.5,0.5217391304347826,0.18000000000000002,0.4878048780487805,0.36619341012590406,0.0
0.5945945945945947,0.4333333333333331,0.0,0.5217391304347827,0.5,0.42105263157894735,0.3333333333333333,0.7142857142857143,0.5192307692307694,1.0,0.06953476738369184,0.13225058004640372,0.075,0.7400000000000001,0.2222222222222222,0.0,0.5217391304347826,0.18000000000000002,0.4878048780487805,0.36619341012590406,0.0
0.5945945945945947,0.5,0.08,0.4347826086956521,0.5,0.6842105263157895,0.6666666666666666,0.35714285714285715,0.42307692307692313,1.0,0.06953476738369184,0.08816705336426914,0.8625,0.18000000000000005,0.2222222222222222,0.0,0.30434782608695654,0.039999999999999994,0.12195121951219515,0.12510045539780337,1.0
0.5675675675675675,0.46666666666666634,0.08,0.4347826086956521,0.5,0.5263157894736842,0.0,1.0,0.5480769230769231,1.0,0.06953476738369184,0.13921113689095127,0.03749999999999999,0.68,0.2222222222222222,0.5,0.8695652173913043,0.33999999999999997,0.17073170731707318,0.39298151620680416,0.05
0.6216216216216215,0.46666666666666634,0.0,0.7391304347826086,1.0,0.21052631578947367,0.0,1.0,0.3173076923076923,1.0,0.06453226613306653,0.17633410672853828,0.05,0.7000000000000001,0.5555555555555556,0.5,0.4347826086956522,0.09999999999999999,0.1951219512195122,0.20537547996249664,0.0
0.5945945945945947,0.4333333333333331,0.0,0.5217391304347827,0.5,0.47368421052631576,1.0,0.14285714285714285,0.45192307692307687,1.0,0.06453226613306653,0.18793503480278423,0.03749999999999999,0.8000000000000002,0.7777777777777778,0.0,0.9130434782608696,1.0,1.0,1.0,0.05
0.5945945945945947,0.4333333333333331,0.0,0.5652173913043479,0.5,0.21052631578947367,0.3333333333333333,0.07142857142857142,0.2500000000000002,1.0,0.06453226613306653,0.14385150812064962,0.03749999999999999,0.58,0.5555555555555556,0.5,0.4347826086956522,0.09999999999999999,0.1951219512195122,0.20537547996249664,0.0
0.5675675675675675,0.4333333333333331,0.04,0.4782608695652173,0.5,0.47368421052631576,1.0,0.0,0.6153846153846156,0.0,0.06453226613306653,0.09280742459396751,0.075,0.7600000000000001,0.0,0.75,0.9130434782608696,1.0,1.0,1.0,0.05
0.5675675675675675,0.5,0.12,0.3913043478260869,0.5,0.8421052631578947,1.0,0.14285714285714285,0.32692307692307687,1.0,0.06453226613306653,0.08120649651972157,0.05,0.7400000000000001,0.1111111111111111,0.5,1.0,0.38,0.3414634146341463,0.5001339405304045,0.0
0.5675675675675675,0.5,0.12,0.3913043478260869,0.5,0.5263157894736842,1.0,0.2857142857142857,0.5000000000000002,1.0,0.06453226613306653,0.0765661252900232,0.024999999999999994,0.7400000000000001,0.2222222222222222,0.5,0.8695652173913043,0.33999999999999997,0.17073170731707318,0.39298151620680416,0.05
0.5675675675675675,0.5,0.12,0.3913043478260869,0.5,0.7368421052631579,0.3333333333333333,0.07142857142857142,0.5576923076923077,0.0,0.06453226613306653,0.14385150812064962,0.024999999999999994,0.66,0.2222222222222222,0.5,0.26086956521739135,0.06,0.24390243902439027,0.1695687114920975,0.2
0.5675675675675675,0.5666666666666664,0.2,0.3913043478260869,0.5,0.47368421052631576,0.6666666666666666,0.35714285714285715,0.6250000000000002,1.0,0.06453226613306653,0.04408352668213457,0.8625,0.26,0.5555555555555556,0.5,0.9130434782608696,1.0,1.0,1.0,0.05
0.5405405405405403,0.5333333333333332,0.2,0.30434782608695654,0.5,0.15789473684210525,0.0,0.5714285714285714,0.5000000000000002,1.0,0.06453226613306653,0.09280742459396751,0.05,0.68,0.0,0.75,0.6521739130434783,0.16,0.2926829268292683,0.3126171979641039,0.0
0.5405405405405403,0.5666666666666664,0.24,0.30434782608695654,0.5,0.47368421052631576,1.0,0.0,0.44230769230769273,1.0,0.06453226613306653,0.06960556844547564,0.024999999999999994,0.64,0.1111111111111111,1.0,0.9130434782608696,1.0,1.0,1.0,0.05
0.5135135135135134,0.6999999999999997,0.44,0.17391304347826086,0.0,0.21052631578947367,1.0,0.0,0.32692307692307687,1.0,0.06453226613306653,0.07888631090487239,0.03749999999999999,0.6,0.1111111111111111,0.25,0.4347826086956522,0.09999999999999999,0.1951219512195122,0.20537547996249664,0.0
0.5135135135135134,0.6999999999999997,0.44,0.13043478260869568,0.0,0.8947368421052632,1.0,0.0,0.44230769230769273,1.0,0.06453226613306653,0.07888631090487239,0.024999999999999994,0.5400000000000001,0.1111111111111111,1.0,0.17391304347826086,0.14,0.07317073170731708,0.12510045539780337,0.1
0.5135135135135134,0.7999999999999998,0.56,0.08695652173913038,0.0,0.8947368421052632,1.0,0.2857142857142857,0.1923076923076923,1.0,0.06453226613306653,0.06728538283062645,0.03749999999999999,0.7600000000000001,0.2222222222222222,0.0,0.17391304347826086,0.14,0.07317073170731708,0.12510045539780337,0.1
0.5135135135135134,0.6666666666666665,0.4,0.17391304347826086,0.0,0.8421052631578947,1.0,0.14285714285714285,0.5865384615384619,1.0,0.06453226613306653,0.09280742459396751,0.05,0.7000000000000001,0.5555555555555556,0.5,1.0,0.38,0.3414634146341463,0.5001339405304045,0.0
0.5135135135135134,0.6333333333333333,0.36,0.26086956521739135,0.0,0.5263157894736842,0.3333333333333333,0.07142857142857142,0.6634615384615385,1.0,0.06453226613306653,0.05568445475638051,0.03749999999999999,0.5200000000000001,0.5555555555555556,0.5,0.8695652173913043,0.33999999999999997,0.17073170731707318,0.39298151620680416,0.05
0.5945945945945947,0.4333333333333331,0.0,0.6956521739130435,1.0,1.0,1.0,0.0,0.49038461538461564,0.0,0.05952976488244122,0.11600928074245938,0.06250000000000001,0.7800000000000001,0.1111111111111111,0.0,0.5652173913043479,0.24000000000000002,0.21951219512195122,0.30359853549424054,0.15000000000000002
0.5675675675675675,0.3999999999999999,0.0,0.4782608695652173,0.5,0.8421052631578947,0.0,1.0,0.5096153846153848,1.0,0.05952976488244122,0.10208816705336426,0.05,0.68,0.4444444444444444,1.0,1.0,0.38,0.3414634146341463,0.5001339405304045,0.0
0.5675675675675675,0.3999999999999999,0.0,0.4782608695652173,0.5,0.42105263157894735,0.0,0.7857142857142857,0.5192307692307694,0.0,0.05952976488244122,0.12529002320185612,0.03749999999999999,0.7400000000000001,0.4444444444444444,0.25,0.5217391304347826,0.18000000000000002,0.4878048780487805,0.36619341012590406,0.0
0.5675675675675675,0.3999999999999999,0.0,0.4782608695652173,0.5,0.8421052631578947,0.0,0.5714285714285714,0.33653846153846145,0.0,0.05952976488244122,0.13457076566125287,0.06250000000000001,0.84,0.1111111111111111,0.25,1.0,0.38,0.3414634146341463,0.5001339405304045,0.0
0.5675675675675675,0.4333333333333331,0.04,0.4347826086956521,0.5,0.5263157894736842,0.3333333333333333,0.07142857142857142,0.5192307692307694,1.0,0.05952976488244122,0.08120649651972157,0.024999999999999994,0.58,0.5555555555555556,0.5,0.8695652173913043,0.33999999999999997,0.17073170731707318,0.39298151620680416,0.05
0.5405405405405403,0.5333333333333332,0.2,0.34782608695652173,0.5,0.42105263157894735,0.0,0.5,0.3942307692307694,0.0,0.05952976488244122,0.09048723897911833,0.012499999999999997,0.7600000000000001,0.1111111111111111,0.25,0.5217391304347826,0.18000000000000002,0.4878048780487805,0.36619341012590406,0.0
0.5405405405405403,0.5666666666666664,0.24,0.34782608695652173,0.5,0.42105263157894735,0.3333333333333333,0.07142857142857142,0.2692307692307694,0.0,0.05952976488244122,0.09048723897911833,0.05,0.58,0.2222222222222222,0.0,0.5217391304347826,0.18000000000000002,0.4878048780487805,0.36619341012590406,0.0
0.5135135135135134,0.6333333333333333,0.36,0.26086956521739135,0.0,0.8421052631578947,0.6666666666666666,0.35714285714285715,0.36538461538461564,1.0,0.05952976488244122,0.025522041763341066,0.8250000000000001,0.16000000000000003,0.2222222222222222,0.0,1.0,0.38,0.3414634146341463,0.5001339405304045,0.0
0.5135135135135134,0.5666666666666664,0.28,0.26086956521739135,0.0,0.3684210526315789,0.0,1.0,0.4615384615384619,1.0,0.05952976488244122,0.13457076566125287,0.03749999999999999,0.5599999999999999,0.5555555555555556,0.5,0.6086956521739131,0.32,0.36585365853658536,0.4018215912135012,0.45
0.5675675675675675,0.3999999999999999,0.0,0.5217391304347827,0.5,0.47368421052631576,1.0,0.0,0.5480769230769231,1.0,0.05452726363181591,0.09744779582366589,0.06250000000000001,0.7600000000000001,0.6666666666666666,0.75,0.9130434782608696,1.0,1.0,1.0,0.05
0.5675675675675675,0.3999999999999999,0.0,0.6086956521739131,0.5,0.8421052631578947,0.0,1.0,0.6057692307692311,1.0,0.05452726363181591,0.10672853828306263,0.03749999999999999,0.62,0.5555555555555556,0.5,1.0,0.38,0.3414634146341463,0.5001339405304045,0.0
0.5405405405405403,0.46666666666666634,0.12,0.30434782608695654,0.5,0.21052631578947367,0.3333333333333333,0.9285714285714286,0.5096153846153848,1.0,0.05452726363181591,0.09744779582366589,0.06250000000000001,0.68,0.0,0.75,0.4347826086956522,0.09999999999999999,0.1951219512195122,0.20537547996249664,0.0
0.5405405405405403,0.46666666666666634,0.12,0.3913043478260869,0.5,0.5263157894736842,0.0,1.0,0.3076923076923077,1.0,0.05452726363181591,0.08352668213457076,0.012499999999999997,0.6,0.4444444444444444,0.5,0.8695652173913043,0.33999999999999997,0.17073170731707318,0.39298151620680416,0.05
0.5405405405405403,0.5,0.16,0.34782608695652173,0.5,0.47368421052631576,1.0,0.2857142857142857,0.36538461538461564,1.0,0.05452726363181591,0.1136890951276102,0.024999999999999994,0.7400000000000001,0.2222222222222222,0.0,0.9130434782608696,1.0,1.0,1.0,0.05
0.4864864864864864,0.7333333333333334,0.52,0.17391304347826086,0.0,0.631578947368421,1.0,0.0,0.5865384615384619,0.0,0.05452726363181591,0.11600928074245938,0.05,0.5599999999999999,0.4444444444444444,0.75,0.0,0.0,0.0,0.0,0.5
0.4864864864864864,0.5666666666666664,0.32,0.26086956521739135,0.0,0.15789473684210525,0.0,0.5714285714285714,0.3461538461538465,1.0,0.05452726363181591,0.08120649651972157,0.03749999999999999,0.5599999999999999,0.2222222222222222,0.0,0.6521739130434783,0.16,0.2926829268292683,0.3126171979641039,0.0
0.4864864864864864,0.7666666666666666,0.56,0.08695652173913038,0.0,0.7368421052631579,1.0,0.2857142857142857,0.09615384615384626,1.0,0.05452726363181591,0.0765661252900232,0.024999999999999994,0.7000000000000001,0.2222222222222222,0.0,0.26086956521739135,0.06,0.24390243902439027,0.1695687114920975,0.2
0.6216216216216215,0.46666666666666634,0.0,0.7826086956521738,1.0,0.9473684210526315,0.0,1.0,0.7019230769230773,1.0,0.0495247623811906,0.17633410672853828,0.05,0.8000000000000002,0.7777777777777778,0.25,0.34782608695652173,0.26,0.14634146341463417,0.24109295472810074,0.0
0.5945945945945947,0.4333333333333331,0.0,0.6956521739130435,1.0,0.47368421052631576,1.0,0.14285714285714285,0.6250000000000002,1.0,0.0495247623811906,0.09744779582366589,0.06250000000000001,0.7400000000000001,0.7777777777777778,0.0,0.9130434782608696,1.0,1.0,1.0,0.05
0.5945945945945947,0.4333333333333331,0.0,0.6521739130434783,1.0,0.8947368421052632,0.3333333333333333,0.07142857142857142,0.5000000000000002,0.0,0.0495247623811906,0.15545243619489557,0.024999999999999994,0.7600000000000001,0.4444444444444444,0.5,0.17391304347826086,0.14,0.07317073170731708,0.12510045539780337,0.1
0.5405405405405403,0.46666666666666634,0.12,0.3913043478260869,0.5,0.47368421052631576,0.3333333333333333,0.07142857142857142,0.27884615384615397,1.0,0.0495247623811906,0.07424593967517401,0.024999999999999994,0.58,0.5555555555555556,0.5,0.9130434782608696,1.0,1.0,1.0,0.05
0.4864864864864864,0.6333333333333333,0.4,0.17391304347826086,0.0,1.0,1.0,0.0,0.3749999999999998,1.0,0.0495247623811906,0.06264501160092807,0.05,0.64,0.1111111111111111,0.75,0.5652173913043479,0.24000000000000002,0.21951219512195122,0.30359853549424054,0.15000000000000002
0.4864864864864864,0.6000000000000001,0.36,0.21739130434782605,0.0,0.5789473684210527,1.0,0.2857142857142857,0.48076923076923106,1.0,0.0495247623811906,0.06960556844547564,0.05,0.7600000000000001,0.1111111111111111,0.0,0.08695652173913043,0.08,0.024390243902439025,0.06241628716849719,0.9500000000000001
0.4864864864864864,0.6333333333333333,0.4,0.17391304347826086,0.0,0.2631578947368421,1.0,0.0,0.3846153846153848,1.0,0.0495247623811906,0.09976798143851508,0.05,0.66,0.2222222222222222,0.5,0.21739130434782608,0.22,0.04878048780487806,0.1607286364854005,0.30000000000000004
0.4864864864864864,0.6333333333333333,0.4,0.21739130434782605,0.0,0.2631578947368421,1.0,0.0,0.27884615384615397,1.0,0.0495247623811906,0.09744779582366589,0.03749999999999999,0.7800000000000001,0.5555555555555556,0.0,0.21739130434782608,0.22,0.04878048780487806,0.1607286364854005,0.30000000000000004
0.4864864864864864,0.6000000000000001,0.36,0.21739130434782605,0.0,0.3157894736842105,0.3333333333333333,0.07142857142857142,0.3461538461538465,0.0,0.04852426213106554,0.06264501160092807,0.03749999999999999,0.5400000000000001,0.5555555555555556,0.5,0.3913043478260869,0.2,0.2682926829268293,0.2678810608090008,0.0
0.4864864864864864,0.6666666666666665,0.44,0.13043478260869568,0.0,0.21052631578947367,1.0,0.14285714285714285,0.44230769230769273,1.0,0.04752376188094047,0.06264501160092807,0.012499999999999997,0.7600000000000001,0.1111111111111111,0.5,0.4347826086956522,0.09999999999999999,0.1951219512195122,0.20537547996249664,0.0
0.5675675675675675,0.3999999999999999,0.0,0.6521739130434783,1.0,0.5263157894736842,0.0,0.7857142857142857,0.528846153846154,1.0,0.04652326163081541,0.09048723897911833,0.03749999999999999,0.7800000000000001,0.0,0.25,0.8695652173913043,0.33999999999999997,0.17073170731707318,0.39298151620680416,0.05
0.5675675675675675,0.3999999999999999,0.0,0.6521739130434783,1.0,0.3684210526315789,1.0,0.0,0.42307692307692313,1.0,0.04652326163081541,0.09280742459396751,0.08750000000000001,0.86,1.0,0.5,0.6086956521739131,0.32,0.36585365853658536,0.4018215912135012,0.45
0.5675675675675675,0.3999999999999999,0.0,0.6086956521739131,0.5,0.7368421052631579,0.3333333333333333,0.07142857142857142,0.528846153846154,1.0,0.04552276138069035,0.16009280742459397,0.05,0.5000000000000001,0.8888888888888888,0.0,0.26086956521739135,0.06,0.24390243902439027,0.1695687114920975,0.2
0.5405405405405403,0.3666666666666667,0.0,0.4347826086956521,0.5,0.0,0.0,0.7857142857142857,0.17307692307692313,0.0,0.04552276138069035,0.09048723897911833,0.03749999999999999,0.68,0.1111111111111111,0.0,0.4782608695652174,0.27999999999999997,0.5121951219512195,0.4106616662201982,0.0
0.5675675675675675,0.3999999999999999,0.0,0.6956521739130435,1.0,0.5263157894736842,0.0,0.7857142857142857,0.6250000000000002,1.0,0.04452226113056529,0.09048723897911833,0.024999999999999994,0.7800000000000001,0.4444444444444444,0.25,0.8695652173913043,0.33999999999999997,0.17073170731707318,0.39298151620680416,0.05
0.5405405405405403,0.3666666666666667,0.0,0.4782608695652173,0.5,0.47368421052631576,0.0,0.7857142857142857,0.47115384615384603,1.0,0.04452226113056529,0.08352668213457076,0.05,0.7800000000000001,0.4444444444444444,0.0,0.9130434782608696,1.0,1.0,1.0,0.05
0.5135135135135134,0.5333333333333332,0.24,0.26086956521739135,0.0,0.8421052631578947,0.3333333333333333,0.07142857142857142,0.5865384615384619,1.0,0.04352176088044023,0.058004640371229696,0.03749999999999999,0.5000000000000001,0.8888888888888888,0.5,1.0,0.38,0.3414634146341463,0.5001339405304045,0.0
0.4864864864864864,0.5333333333333332,0.28,0.30434782608695654,0.5,1.0,0.3333333333333333,0.07142857142857142,0.5576923076923077,1.0,0.04352176088044023,0.06264501160092807,0.012499999999999997,0.5400000000000001,0.5555555555555556,0.5,0.5652173913043479,0.24000000000000002,0.21951219512195122,0.30359853549424054,0.15000000000000002
0.45945945945945943,0.7666666666666666,0.6,0.08695652173913038,0.0,0.9473684210526315,0.0,0.5,0.5000000000000002,0.0,0.04352176088044023,0.06264501160092807,0.05,0.58,0.4444444444444444,0.25,0.34782608695652173,0.26,0.14634146341463417,0.24109295472810074,0.0
0.5135135135135134,0.5,0.2,0.34782608695652173,0.5,0.0,0.3333333333333333,0.9285714285714286,0.5384615384615385,1.0,0.04252126063031516,0.06264501160092807,0.024999999999999994,0.68,0.4444444444444444,1.0,0.4782608695652174,0.27999999999999997,0.5121951219512195,0.4106616662201982,0.0
0.5135135135135134,0.5,0.2,0.34782608695652173,0.5,0.47368421052631576,0.3333333333333333,0.7142857142857143,0.3173076923076923,1.0,0.04252126063031516,0.058004640371229696,0.05,0.66,0.4444444444444444,0.0,0.9130434782608696,1.0,1.0,1.0,0.05
0.5135135135135134,0.46666666666666634,0.16,0.34782608695652173,0.5,0.8421052631578947,1.0,0.2857142857142857,0.42307692307692313,1.0,0.04252126063031516,0.06264501160092807,0.024999999999999994,0.7400000000000001,0.1111111111111111,0.0,1.0,0.38,0.3414634146341463,0.5001339405304045,0.0
0.45945945945945943,0.6333333333333333,0.44,0.17391304347826086,0.0,0.3684210526315789,0.0,1.0,0.3846153846153848,1.0,0.04052026013006504,0.05104408352668213,0.024999999999999994,0.5200000000000001,0.2222222222222222,0.5,0.6086956521739131,0.32,0.36585365853658536,0.4018215912135012,0.45
0.5135135135135134,0.4333333333333331,0.12,0.3913043478260869,0.5,0.8421052631578947,0.0,1.0,0.3076923076923077,1.0,0.03951975987993998,0.07192575406032482,0.05,0.7000000000000001,0.5555555555555556,0.5,1.0,0.38,0.3414634146341463,0.5001339405304045,0.0
0.45945945945945943,0.5666666666666664,0.36,0.26086956521739135,0.0,1.0,1.0,0.14285714285714285,0.1923076923076923,1.0,0.03951975987993998,0.06264501160092807,0.06250000000000001,0.7000000000000001,0.1111111111111111,0.0,0.5652173913043479,0.24000000000000002,0.21951219512195122,0.30359853549424054,0.15000000000000002
0.45945945945945943,0.5666666666666664,0.36,0.21739130434782605,0.0,0.3684210526315789,1.0,0.14285714285714285,0.27884615384615397,1.0,0.03951975987993998,0.03944315545243619,0.03749999999999999,0.68,0.1111111111111111,0.5,0.6086956521739131,0.32,0.36585365853658536,0.4018215912135012,0.45
0.5675675675675675,0.3999999999999999,0.0,0.6521739130434783,1.0,0.3684210526315789,0.3333333333333333,0.07142857142857142,0.4326923076923077,1.0,0.03751875937968985,0.08584686774941995,0.05,0.6,0.5555555555555556,0.5,0.6086956521739131,0.32,0.36585365853658536,0.4018215912135012,0.45
0.5675675675675675,0.3999999999999999,0.0,0.6521739130434783,1.0,0.5263157894736842,0.3333333333333333,0.07142857142857142,0.5961538461538465,1.0,0.03751875937968985,0.08584686774941995,0.075,0.6,0.2222222222222222,0.0,0.8695652173913043,0.33999999999999997,0.17073170731707318,0.39298151620680416,0.05
0.5405405405405403,0.3666666666666667,0.0,0.5217391304347827,0.5,0.8421052631578947,0.3333333333333333,0.42857142857142855,0.5865384615384619,0.0,0.03751875937968985,0.08352668213457076,0.05,0.7800000000000001,0.4444444444444444,0.25,1.0,0.38,0.3414634146341463,0.5001339405304045,0.0
0.5405405405405403,0.3666666666666667,0.0,0.5217391304347827,0.5,0.7368421052631579,0.3333333333333333,0.42857142857142855,0.27884615384615397,0.0,0.03751875937968985,0.14617169373549882,0.06250000000000001,0.7200000000000001,0.4444444444444444,0.0,0.26086956521739135,0.06,0.24390243902439027,0.1695687114920975,0.2
0.5135135135135134,0.3999999999999999,0.08,0.3913043478260869,0.5,0.15789473684210525,1.0,0.0,0.40384615384615397,0.0,0.03751875937968985,0.08584686774941995,0.05,0.7800000000000001,0.4444444444444444,0.5,0.6521739130434783,0.16,0.2926829268292683,0.3126171979641039,0.0
0.5135135135135134,0.46666666666666634,0.16,0.3913043478260869,0.5,0.47368421052631576,0.3333333333333333,0.07142857142857142,0.33653846153846145,1.0,0.03751875937968985,0.06728538283062645,0.012499999999999997,0.62,0.5555555555555556,0.5,0.9130434782608696,1.0,1.0,1.0,0.05
0.45945945945945943,0.5,0.28,0.26086956521739135,0.0,0.5263157894736842,1.0,0.0,0.32692307692307687,1.0,0.03751875937968985,0.060324825986078884,0.012499999999999997,0.68,0.1111111111111111,1.0,0.8695652173913043,0.33999999999999997,0.17073170731707318,0.39298151620680416,0.05
0.5135135135135134,0.4333333333333331,0.12,0.3913043478260869,0.5,0.15789473684210525,0.3333333333333333,0.9285714285714286,0.17307692307692313,1.0,0.03651825912956479,0.08120649651972157,0.06250000000000001,0.68,0.1111111111111111,0.0,0.6521739130434783,0.16,0.2926829268292683,0.3126171979641039,0.0
0.6216216216216215,0.46666666666666634,0.0,0.9130434782608696,1.0,0.5263157894736842,0.0,1.0,0.49038461538461564,1.0,0.035517758879439726,0.08352668213457076,0.06250000000000001,0.7600000000000001,1.0,0.25,0.8695652173913043,0.33999999999999997,0.17073170731707318,0.39298151620680416,0.05
0.5945945945945947,0.4333333333333331,0.0,0.7391304347826086,1.0,0.7894736842105263,0.3333333333333333,0.07142857142857142,0.7211538461538465,1.0,0.035517758879439726,0.10440835266821345,0.03749999999999999,0.5400000000000001,0.5555555555555556,0.0,0.6956521739130435,0.3,0.5609756097560976,0.48218590945620143,0.05
0.5675675675675675,0.3999999999999999,0.0,0.7391304347826086,1.0,0.42105263157894735,0.0,1.0,0.42307692307692313,1.0,0.035517758879439726,0.14385150812064962,0.05,0.7200000000000001,0.5555555555555556,0.5,0.5217391304347826,0.18000000000000002,0.4878048780487805,0.36619341012590406,0.0
0.5405405405405403,0.3666666666666667,0.0,0.5652173913043479,0.5,0.42105263157894735,1.0,0.14285714285714285,0.5673076923076923,1.0,0.035517758879439726,0.1136890951276102,0.05,0.7600000000000001,0.4444444444444444,0.0,0.5217391304347826,0.18000000000000002,0.4878048780487805,0.36619341012590406,0.0
0.5405405405405403,0.3666666666666667,0.0,0.6521739130434783,1.0,0.9473684210526315,0.0,1.0,0.48076923076923106,1.0,0.035517758879439726,0.14153132250580047,0.05,0.68,0.4444444444444444,0.0,0.34782608695652173,0.26,0.14634146341463417,0.24109295472810074,0.0
0.5405405405405403,0.3666666666666667,0.0,0.5652173913043479,0.5,0.3157894736842105,1.0,0.14285714285714285,0.3461538461538465,0.0,0.035517758879439726,0.1136890951276102,0.05,0.7400000000000001,0.2222222222222222,0.0,0.3913043478260869,0.2,0.2682926829268293,0.2678810608090008,0.0
0.5405405405405403,0.3666666666666667,0.0,0.5217391304347827,0.5,0.8421052631578947,0.3333333333333333,0.07142857142857142,0.3461538461538465,1.0,0.035517758879439726,0.08352668213457076,0.05,0.5000000000000001,0.5555555555555556,0.5,1.0,0.38,0.3414634146341463,0.5001339405304045,0.0
0.5135135135135134,0.5,0.2,0.3913043478260869,0.5,0.7894736842105263,0.6666666666666666,0.35714285714285715,0.49038461538461564,0.0,0.035517758879439726,0.037122969837587005,0.8125,0.040000000000000036,0.2222222222222222,0.0,0.6956521739130435,0.3,0.5609756097560976,0.48218590945620143,0.05
0.43243243243243246,0.5666666666666664,0.4,0.21739130434782605,0.0,0.631578947368421,1.0,0.0,0.40384615384615397,0.0,0.035517758879439726,0.10208816705336426,0.024999999999999994,0.58,0.1111111111111111,0.25,0.0,0.0,0.0,0.0,0.5
0.5675675675675675,0.3999999999999999,0.0,0.7391304347826086,1.0,0.42105263157894735,1.0,0.2857142857142857,0.6250000000000002,0.0,0.03451725862931466,0.13225058004640372,0.024999999999999994,0.7600000000000001,0.5555555555555556,0.0,0.5217391304347826,0.18000000000000002,0.4878048780487805,0.36619341012590406,0.0
0.4864864864864864,0.5,0.24,0.30434782608695654,0.5,0.8947368421052632,0.3333333333333333,0.9285714285714286,0.28846153846153855,1.0,0.03451725862931466,0.0951276102088167,0.024999999999999994,0.62,0.1111111111111111,0.0,0.17391304347826086,0.14,0.07317073170731708,0.12510045539780337,0.1
0.45945945945945943,0.5,0.28,0.26086956521739135,0.0,0.7894736842105263,0.3333333333333333,0.07142857142857142,0.27884615384615397,1.0,0.03451725862931466,0.060324825986078884,0.012499999999999997,0.5000000000000001,0.5555555555555556,0.5,0.6956521739130435,0.3,0.5609756097560976,0.48218590945620143,0.05
0.43243243243243246,0.6000000000000001,0.44,0.17391304347826086,0.0,1.0,0.0,0.5,0.22115384615384626,0.0,0.03451725862931466,0.0,0.0,0.58,0.0,0.75,0.5652173913043479,0.24000000000000002,0.21951219512195122,0.30359853549424054,0.15000000000000002
0.40540540540540526,0.7999999999999998,0.72,0.08695652173913038,0.0,0.8947368421052632,1.0,0.0,0.32692307692307687,1.0,0.03451725862931466,0.058004640371229696,0.03749999999999999,0.66,0.5555555555555556,0.5,0.17391304347826086,0.14,0.07317073170731708,0.12510045539780337,0.1
0.6216216216216215,0.46666666666666634,0.0,0.7826086956521738,1.0,0.15789473684210525,0.3333333333333333,0.07142857142857142,0.7019230769230773,0.0,0.0335167583791896,0.12761020881670532,0.06250000000000001,0.62,0.4444444444444444,0.0,0.6521739130434783,0.16,0.2926829268292683,0.3126171979641039,0.0
0.40540540540540526,0.6999999999999997,0.6,0.17391304347826086,0.0,0.3157894736842105,0.0,0.7857142857142857,0.17307692307692313,1.0,0.0335167583791896,0.058004640371229696,0.06250000000000001,0.62,0.1111111111111111,0.5,0.3913043478260869,0.2,0.2682926829268293,0.2678810608090008,0.0
0.5135135135135134,0.3666666666666667,0.04,0.4347826086956521,0.5,0.47368421052631576,0.3333333333333333,0.07142857142857142,0.3749999999999998,1.0,0.032516258129064536,0.07192575406032482,0.024999999999999994,0.66,0.5555555555555556,0.5,0.9130434782608696,1.0,1.0,1.0,0.05
0.5135135135135134,0.46666666666666634,0.16,0.3913043478260869,0.5,0.0,0.6666666666666666,0.35714285714285715,0.4326923076923077,1.0,0.032516258129064536,0.037122969837587005,0.8125,0.20000000000000007,0.5555555555555556,0.0,0.4782608695652174,0.27999999999999997,0.5121951219512195,0.4106616662201982,0.0
0.40540540540540526,0.6333333333333333,0.52,0.13043478260869568,0.0,0.2631578947368421,0.0,1.0,0.27884615384615397,1.0,0.032516258129064536,0.08584686774941995,0.05,0.5599999999999999,0.2222222222222222,0.5,0.21739130434782608,0.22,0.04878048780487806,0.1607286364854005,0.30000000000000004
0.40540540540540526,0.6999999999999997,0.6,0.08695652173913038,0.0,0.2631578947368421,0.0,1.0,0.5192307692307694,1.0,0.032516258129064536,0.08120649651972157,0.024999999999999994,0.5200000000000001,0.5555555555555556,0.5,0.21739130434782608,0.22,0.04878048780487806,0.1607286364854005,0.30000000000000004
0.5135135135135134,0.33333333333333304,0.0,0.4782608695652173,0.5,0.8421052631578947,1.0,0.2857142857142857,0.45192307692307687,0.0,0.031515757878939475,0.07424593967517401,0.03749999999999999,0.8000000000000002,0.4444444444444444,0.0,1.0,0.38,0.3414634146341463,0.5001339405304045,0.0
0.5135135135135134,0.33333333333333304,0.0,0.5652173913043479,0.5,0.42105263157894735,0.0,1.0,0.528846153846154,0.0,0.029514757378689346,0.12064965197215775,0.05,0.62,0.5555555555555556,0.5,0.5217391304347826,0.18000000000000002,0.4878048780487805,0.36619341012590406,0.0
0.45945945945945943,0.46666666666666634,0.24,0.26086956521739135,0.0,0.8421052631578947,0.0,0.7857142857142857,0.47115384615384603,1.0,0.029514757378689346,0.058004640371229696,0.03749999999999999,0.58,0.4444444444444444,0.75,1.0,0.38,0.3414634146341463,0.5001339405304045,0.0
0.4864864864864864,0.3666666666666667,0.08,0.3913043478260869,0.5,0.21052631578947367,1.0,0.2857142857142857,0.3942307692307694,1.0,0.028514257128564285,0.10208816705336426,0.06250000000000001,0.7600000000000001,0.2222222222222222,0.5,0.4347826086956522,0.09999999999999999,0.1951219512195122,0.20537547996249664,0.0
0.40540540540540526,0.5,0.36,0.26086956521739135,0.0,0.0,0.3333333333333333,0.07142857142857142,0.3461538461538465,1.0,0.028514257128564285,0.05104408352668213,0.024999999999999994,0.5599999999999999,0.1111111111111111,0.5,0.4782608695652174,0.27999999999999997,0.5121951219512195,0.4106616662201982,0.0
0.40540540540540526,0.5,0.36,0.26086956521739135,0.0,0.8421052631578947,0.3333333333333333,0.07142857142857142,0.3076923076923077,1.0,0.028514257128564285,0.04640371229698376,0.06250000000000001,0.4800000000000001,0.5555555555555556,0.5,1.0,0.38,0.3414634146341463,0.5001339405304045,0.0
0.3783783783783783,0.5666666666666664,0.48,0.17391304347826086,0.0,0.15789473684210525,1.0,0.0,0.40384615384615397,1.0,0.028514257128564285,0.048723897911832945,0.012499999999999997,0.6,0.4444444444444444,0.0,0.6521739130434783,0.16,0.2926829268292683,0.3126171979641039,0.0
0.5405405405405403,0.3666666666666667,0.0,0.6086956521739131,0.5,0.7368421052631579,0.6666666666666666,0.35714285714285715,0.42307692307692313,1.0,0.02751375687843922,0.08816705336426914,0.8125,0.22000000000000008,0.5555555555555556,0.5,0.26086956521739135,0.06,0.24390243902439027,0.1695687114920975,0.2
0.5405405405405403,0.3666666666666667,0.0,0.6086956521739131,0.5,0.3157894736842105,0.6666666666666666,0.35714285714285715,0.3557692307692306,1.0,0.02751375687843922,0.05104408352668213,0.8125,0.18000000000000005,0.2222222222222222,0.0,0.3913043478260869,0.2,0.2682926829268293,0.2678810608090008,0.0
0.4864864864864864,0.33333333333333304,0.04,0.4347826086956521,0.5,0.47368421052631576,0.0,0.5,0.48076923076923106,1.0,0.02751375687843922,0.07192575406032482,0.012499999999999997,0.64,0.1111111111111111,0.25,0.9130434782608696,1.0,1.0,1.0,0.05
0.45945945945945943,0.46666666666666634,0.24,0.26086956521739135,0.0,0.3684210526315789,0.3333333333333333,0.7142857142857143,0.5673076923076923,1.0,0.02751375687843922,0.05104408352668213,0.024999999999999994,0.66,0.1111111111111111,0.5,0.6086956521739131,0.32,0.36585365853658536,0.4018215912135012,0.45
0.45945945945945943,0.4333333333333331,0.2,0.34782608695652173,0.5,0.9473684210526315,1.0,0.2857142857142857,0.3461538461538465,0.0,0.02751375687843922,0.09048723897911833,0.06250000000000001,0.7600000000000001,0.2222222222222222,0.5,0.34782608695652173,0.26,0.14634146341463417,0.24109295472810074,0.0
0.45945945945945943,0.4333333333333331,0.2,0.3913043478260869,0.5,0.47368421052631576,0.0,1.0,0.40384615384615397,1.0,0.02751375687843922,0.07424593967517401,0.06250000000000001,0.62,0.5555555555555556,0.5,0.9130434782608696,1.0,1.0,1.0,0.05
0.3783783783783783,0.5666666666666664,0.48,0.21739130434782605,0.0,0.8421052631578947,0.3333333333333333,0.07142857142857142,0.528846153846154,1.0,0.02751375687843922,0.03480278422273782,0.024999999999999994,0.5400000000000001,0.4444444444444444,0.0,1.0,0.38,0.3414634146341463,0.5001339405304045,0.0
0.5135135135135134,0.33333333333333304,0.0,0.5652173913043479,0.5,0.7368421052631579,0.3333333333333333,0.7142857142857143,0.6250000000000002,1.0,0.02651325662831416,0.13225058004640372,0.05,0.7200000000000001,0.4444444444444444,0.5,0.26086956521739135,0.06,0.24390243902439027,0.1695687114920975,0.2
0.3783783783783783,0.6666666666666665,0.6,0.08695652173913038,0.0,1.0,0.0,0.7857142857142857,0.0,1.0,0.02651325662831416,0.03248259860788863,0.03749999999999999,0.64,0.1111111111111111,1.0,0.5652173913043479,0.24000000000000002,0.21951219512195122,0.30359853549424054,0.15000000000000002
0.3783783783783783,0.6000000000000001,0.52,0.08695652173913038,0.0,0.10526315789473684,0.3333333333333333,0.9285714285714286,0.3173076923076923,1.0,0.02651325662831416,0.05568445475638051,0.024999999999999994,0.6,0.1111111111111111,0.0,0.13043478260869565,0.12000000000000001,0.3170731707317073,0.1963568175729976,0.35000000000000003
0.3783783783783783,0.6666666666666665,0.6,0.13043478260869568,0.0,0.0,0.3333333333333333,0.07142857142857142,0.3942307692307694,1.0,0.02651325662831416,0.03480278422273782,0.05,0.6,0.2222222222222222,0.5,0.4782608695652174,0.27999999999999997,0.5121951219512195,0.4106616662201982,0.0
0.5945945945945947,0.4333333333333331,0.0,0.7826086956521738,1.0,0.3684210526315789,1.0,0.14285714285714285,0.36538461538461564,1.0,0.025512756378189096,0.09280742459396751,0.024999999999999994,0.7600000000000001,0.1111111111111111,0.0,0.6086956521739131,0.32,0.36585365853658536,0.4018215912135012,0.45
0.5135135135135134,0.33333333333333304,0.0,0.5217391304347827,0.5,0.3157894736842105,0.3333333333333333,0.07142857142857142,0.28846153846153855,1.0,0.025512756378189096,0.10440835266821345,0.06250000000000001,0.5599999999999999,0.2222222222222222,0.5,0.3913043478260869,0.2,0.2682926829268293,0.2678810608090008,0.0
0.5135135135135134,0.33333333333333304,0.0,0.5217391304347827,0.5,0.47368421052631576,0.3333333333333333,0.07142857142857142,0.33653846153846145,0.0,0.025512756378189096,0.07424593967517401,0.06250000000000001,0.5599999999999999,0.5555555555555556,0.5,0.9130434782608696,1.0,1.0,1.0,0.05
0.5135135135135134,0.33333333333333304,0.0,0.6086956521739131,0.5,0.8421052631578947,0.3333333333333333,0.07142857142857142,0.3749999999999998,1.0,0.024512256128064035,0.07424593967517401,0.05,0.62,0.5555555555555556,0.0,1.0,0.38,0.3414634146341463,0.5001339405304045,0.0
0.4864864864864864,0.33333333333333304,0.04,0.4347826086956521,0.5,0.5263157894736842,0.3333333333333333,0.07142857142857142,0.21153846153846168,1.0,0.024512256128064035,0.06496519721577726,0.03749999999999999,0.7000000000000001,0.1111111111111111,0.0,0.8695652173913043,0.33999999999999997,0.17073170731707318,0.39298151620680416,0.05
0.3783783783783783,0.46666666666666634,0.36,0.26086956521739135,0.0,0.9473684210526315,0.3333333333333333,0.07142857142857142,0.47115384615384603,0.0,0.024512256128064035,0.06960556844547564,0.03749999999999999,0.5200000000000001,0.5555555555555556,0.5,0.34782608695652173,0.26,0.14634146341463417,0.24109295472810074,0.0
0.6486486486486487,0.5,0.0,0.7826086956521738,1.0,0.05263157894736842,0.6666666666666666,0.35714285714285715,0.48076923076923106,1.0,0.02351175587793897,0.07424593967517401,0.875,0.26,0.2222222222222222,0.0,0.043478260869565216,0.02,0.0975609756097561,0.053576212161800155,0.65
0.5945945945945947,0.4333333333333331,0.0,0.7826086956521738,1.0,1.0,0.3333333333333333,0.07142857142857142,0.5769230769230773,1.0,0.02351175587793897,0.10904872389791183,0.0,0.58,0.5555555555555556,0.0,0.5652173913043479,0.24000000000000002,0.21951219512195122,0.30359853549424054,0.15000000000000002
0.3513513513513513,0.5666666666666664,0.52,0.21739130434782605,0.0,0.631578947368421,0.3333333333333333,0.6428571428571429,0.28846153846153855,0.0,0.02351175587793897,0.0765661252900232,0.024999999999999994,0.6,0.4444444444444444,1.0,0.0,0.0,0.0,0.0,0.5
0.4864864864864864,0.2999999999999998,0.0,0.6086956521739131,0.5,0.8421052631578947,0.0,0.5,0.7980769230769236,1.0,0.02251125562781391,0.0765661252900232,0.06250000000000001,0.7000000000000001,0.6666666666666666,0.75,1.0,0.38,0.3414634146341463,0.5001339405304045,0.0
0.4864864864864864,0.2999999999999998,0.0,0.5652173913043479,0.5,0.47368421052631576,0.0,0.7857142857142857,0.3076923076923077,1.0,0.02251125562781391,0.0765661252900232,0.03749999999999999,0.7600000000000001,0.4444444444444444,1.0,0.9130434782608696,1.0,1.0,1.0,0.05
0.45945945945945943,0.4333333333333331,0.2,0.34782608695652173,0.5,0.3684210526315789,0.6666666666666666,0.35714285714285715,0.4615384615384619,0.0,0.02251125562781391,0.02088167053364269,0.7875,0.10000000000000009,0.5555555555555556,0.0,0.6086956521739131,0.32,0.36585365853658536,0.4018215912135012,0.45
0.3783783783783783,0.46666666666666634,0.36,0.26086956521739135,0.0,0.5789473684210527,0.6666666666666666,0.35714285714285715,0.528846153846154,1.0,0.02251125562781391,0.03248259860788863,0.7625000000000001,0.20000000000000007,0.5555555555555556,0.0,0.08695652173913043,0.08,0.024390243902439025,0.06241628716849719,0.9500000000000001
0.3783783783783783,0.5,0.4,0.26086956521739135,0.0,0.15789473684210525,0.6666666666666666,0.35714285714285715,0.5192307692307694,1.0,0.02251125562781391,0.02320185614849188,0.75,0.12,0.2222222222222222,0.0,0.6521739130434783,0.16,0.2926829268292683,0.3126171979641039,0.0
0.3513513513513513,0.3999999999999999,0.32,0.30434782608695654,0.5,0.15789473684210525,1.0,0.0,0.5192307692307694,1.0,0.02251125562781391,0.058004640371229696,0.03749999999999999,0.66,0.1111111111111111,0.25,0.6521739130434783,0.16,0.2926829268292683,0.3126171979641039,0.0
0.3513513513513513,0.5,0.44,0.17391304347826086,0.0,0.7368421052631579,0.0,1.0,0.3846153846153848,1.0,0.02251125562781391,0.08120649651972157,0.024999999999999994,0.42000000000000004,0.2222222222222222,0.5,0.26086956521739135,0.06,0.24390243902439027,0.1695687114920975,0.2
0.3243243243243241,0.7666666666666666,0.8,0.04347826086956519,0.0,0.05263157894736842,1.0,0.0,0.44230769230769273,0.0,0.02251125562781391,0.048723897911832945,0.05,0.5400000000000001,0.4444444444444444,0.25,0.043478260869565216,0.02,0.0975609756097561,0.053576212161800155,0.65
0.3243243243243241,0.7666666666666666,0.8,0.0,0.0,0.8947368421052632,1.0,0.0,0.4615384615384619,1.0,0.02251125562781391,0.03944315545243619,0.012499999999999997,0.5200000000000001,0.1111111111111111,0.25,0.17391304347826086,0.14,0.07317073170731708,0.12510045539780337,0.1
0.5405405405405403,0.3666666666666667,0.0,0.7391304347826086,1.0,0.3157894736842105,0.3333333333333333,0.7142857142857143,0.3749999999999998,1.0,0.02151075537768885,0.1136890951276102,0.05,0.7600000000000001,0.4444444444444444,0.0,0.3913043478260869,0.2,0.2682926829268293,0.2678810608090008,0.0
0.3243243243243241,0.6333333333333333,0.64,0.08695652173913038,0.0,0.15789473684210525,0.0,0.5714285714285714,0.3557692307692306,1.0,0.02151075537768885,0.04408352668213457,0.05,0.5000000000000001,0.4444444444444444,0.75,0.6521739130434783,0.16,0.2926829268292683,0.3126171979641039,0.0
0.3243243243243241,0.6333333333333333,0.64,0.08695652173913038,0.0,0.8421052631578947,0.0,0.5,0.4615384615384619,0.0,0.02151075537768885,0.030162412993039442,0.08750000000000001,0.5599999999999999,0.2222222222222222,0.5,1.0,0.38,0.3414634146341463,0.5001339405304045,0.0
0.5135135135135134,0.33333333333333304,0.0,0.6521739130434783,1.0,0.47368421052631576,1.0,0.14285714285714285,0.6250000000000002,1.0,0.020510255127563784,0.07424593967517401,0.05,0.7600000000000001,0.4444444444444444,0.0,0.9130434782608696,1.0,1.0,1.0,0.05
0.5135135135135134,0.33333333333333304,0.0,0.6956521739130435,1.0,1.0,0.3333333333333333,0.7142857142857143,0.5192307692307694,1.0,0.020510255127563784,0.08352668213457076,0.05,0.7600000000000001,0.5555555555555556,0.5,0.5652173913043479,0.24000000000000002,0.21951219512195122,0.30359853549424054,0.15000000000000002
0.5135135135135134,0.33333333333333304,0.0,0.6521739130434783,1.0,0.5263157894736842,1.0,0.14285714285714285,0.49038461538461564,1.0,0.020510255127563784,0.06960556844547564,0.05,0.7000000000000001,0.5555555555555556,0.5,0.8695652173913043,0.33999999999999997,0.17073170731707318,0.39298151620680416,0.05
0.4864864864864864,0.2999999999999998,0.0,0.5217391304347827,0.5,0.7894736842105263,0.3333333333333333,0.42857142857142855,0.3076923076923077,0.0,0.020510255127563784,0.07888631090487239,0.08750000000000001,0.7200000000000001,0.4444444444444444,0.0,0.6956521739130435,0.3,0.5609756097560976,0.48218590945620143,0.05
0.40540540540540526,0.3999999999999999,0.24,0.30434782608695654,0.5,0.47368421052631576,0.3333333333333333,0.07142857142857142,0.6442307692307694,1.0,0.020510255127563784,0.04640371229698376,0.05,0.7000000000000001,0.4444444444444444,0.25,0.9130434782608696,1.0,1.0,1.0,0.05
0.3783783783783783,0.3999999999999999,0.28,0.30434782608695654,0.5,0.10526315789473684,0.6666666666666666,0.35714285714285715,0.49038461538461564,1.0,0.020510255127563784,0.03944315545243619,0.7375,0.06000000000000005,0.5555555555555556,0.0,0.13043478260869565,0.12000000000000001,0.3170731707317073,0.1963568175729976,0.35000000000000003
0.3243243243243241,0.5,0.48,0.17391304347826086,0.0,0.21052631578947367,1.0,0.0,0.5096153846153848,1.0,0.020510255127563784,0.058004640371229696,0.03749999999999999,0.58,0.1111111111111111,0.0,0.4347826086956522,0.09999999999999999,0.1951219512195122,0.20537547996249664,0.0
0.4864864864864864,0.2999999999999998,0.0,0.6086956521739131,0.5,0.8421052631578947,0.3333333333333333,0.42857142857142855,0.24038461538461542,0.0,0.019509754877438723,0.07192575406032482,0.05,0.7200000000000001,0.5555555555555556,0.5,1.0,0.38,0.3414634146341463,0.5001339405304045,0.0
0.4864864864864864,0.2999999999999998,0.0,0.5217391304347827,0.5,0.10526315789473684,0.3333333333333333,0.07142857142857142,0.29807692307692313,0.0,0.019509754877438723,0.12761020881670532,0.08750000000000001,0.5599999999999999,0.8888888888888888,0.5,0.13043478260869565,0.12000000000000001,0.3170731707317073,0.1963568175729976,0.35000000000000003
0.45945945945945943,0.2666666666666666,0.0,0.4347826086956521,0.5,0.7894736842105263,0.0,1.0,0.3749999999999998,1.0,0.019509754877438723,0.0765661252900232,0.05,0.66,1.0,1.0,0.6956521739130435,0.3,0.5609756097560976,0.48218590945620143,0.05
0.45945945945945943,0.2666666666666666,0.0,0.4782608695652173,0.5,0.8421052631578947,0.0,1.0,0.47115384615384603,1.0,0.019509754877438723,0.07888631090487239,0.05,0.5599999999999999,0.2222222222222222,0.5,1.0,0.38,0.3414634146341463,0.5001339405304045,0.0
0.4864864864864864,0.2999999999999998,0.0,0.6521739130434783,1.0,0.3157894736842105,0.0,0.5714285714285714,0.45192307692307687,0.0,0.01850925462731366,0.1136890951276102,0.024999999999999994,0.7800000000000001,0.7777777777777778,0.25,0.3913043478260869,0.2,0.2682926829268293,0.2678810608090008,0.0
0.43243243243243246,0.2999999999999998,0.08,0.30434782608695654,0.5,0.5263157894736842,0.3333333333333333,0.42857142857142855,0.3557692307692306,0.0,0.01850925462731366,0.04640371229698376,0.03749999999999999,0.64,0.1111111111111111,0.25,0.8695652173913043,0.33999999999999997,0.17073170731707318,0.39298151620680416,0.05
0.3243243243243241,0.5,0.48,0.08695652173913038,0.0,0.631578947368421,0.3333333333333333,0.07142857142857142,0.5576923076923077,1.0,0.01850925462731366,0.06264501160092807,0.024999999999999994,0.4600000000000001,0.5555555555555556,0.5,0.0,0.0,0.0,0.0,0.5
0.5675675675675675,0.3999999999999999,0.0,0.9565217391304348,1.0,0.21052631578947367,1.0,0.14285714285714285,0.47115384615384603,1.0,0.017508754377188598,0.10208816705336426,0.024999999999999994,0.84,0.7777777777777778,0.0,0.4347826086956522,0.09999999999999999,0.1951219512195122,0.20537547996249664,0.0
0.45945945945945943,0.33333333333333304,0.08,0.4347826086956521,0.5,0.5263157894736842,0.6666666666666666,0.35714285714285715,0.33653846153846145,1.0,0.017508754377188598,0.03248259860788863,0.7875,0.24,0.5555555555555556,0.5,0.8695652173913043,0.33999999999999997,0.17073170731707318,0.39298151620680416,0.05
0.3243243243243241,0.4333333333333331,0.4,0.17391304347826086,0.0,0.10526315789473684,0.3333333333333333,0.07142857142857142,0.27884615384615397,1.0,0.017508754377188598,0.06496519721577726,0.05,0.6,0.4444444444444444,0.5,0.13043478260869565,0.12000000000000001,0.3170731707317073,0.1963568175729976,0.35000000000000003
0.3243243243243241,0.33333333333333304,0.28,0.26086956521739135,0.0,0.5263157894736842,0.0,1.0,0.5096153846153848,1.0,0.017508754377188598,0.048723897911832945,0.03749999999999999,0.5000000000000001,0.1111111111111111,0.5,0.8695652173913043,0.33999999999999997,0.17073170731707318,0.39298151620680416,0.05
0.3243243243243241,0.33333333333333304,0.28,0.26086956521739135,0.0,0.47368421052631576,0.0,1.0,0.3557692307692306,1.0,0.017508754377188598,0.05104408352668213,0.012499999999999997,0.44000000000000006,0.5555555555555556,0.5,0.9130434782608696,1.0,1.0,1.0,0.05
0.29729729729729715,0.6000000000000001,0.64,0.13043478260869568,0.0,0.2631578947368421,1.0,0.14285714285714285,0.3749999999999998,1.0,0.017508754377188598,0.06728538283062645,0.024999999999999994,0.7000000000000001,0.4444444444444444,0.25,0.21739130434782608,0.22,0.04878048780487806,0.1607286364854005,0.30000000000000004
0.29729729729729715,0.6333333333333333,0.68,0.08695652173913038,0.0,0.3157894736842105,0.0,0.5714285714285714,0.3846153846153848,1.0,0.017508754377188598,0.048723897911832945,0.03749999999999999,0.5000000000000001,0.4444444444444444,1.0,0.3913043478260869,0.2,0.2682926829268293,0.2678810608090008,0.0
0.43243243243243246,0.2666666666666666,0.04,0.4347826086956521,0.5,0.8421052631578947,0.3333333333333333,0.7142857142857143,0.5192307692307694,1.0,0.016508254127063533,0.060324825986078884,0.05,0.66,0.4444444444444444,0.0,1.0,0.38,0.3414634146341463,0.5001339405304045,0.0
0.3243243243243241,0.33333333333333304,0.28,0.26086956521739135,0.0,1.0,1.0,0.0,0.33653846153846145,1.0,0.016508254127063533,0.05104408352668213,0.03749999999999999,0.58,0.0,0.25,0.5652173913043479,0.24000000000000002,0.21951219512195122,0.30359853549424054,0.15000000000000002
0.29729729729729715,0.5333333333333332,0.56,0.17391304347826086,0.0,0.2631578947368421,1.0,0.0,0.5000000000000002,0.0,0.016508254127063533,0.07424593967517401,0.075,0.64,0.1111111111111111,0.25,0.21739130434782608,0.22,0.04878048780487806,0.1607286364854005,0.30000000000000004
0.5135135135135134,0.33333333333333304,0.0,0.7391304347826086,1.0,0.0,0.3333333333333333,0.7142857142857143,0.5865384615384619,1.0,0.015507753876938472,0.08120649651972157,0.024999999999999994,0.7400000000000001,0.1111111111111111,0.0,0.4782608695652174,0.27999999999999997,0.5121951219512195,0.4106616662201982,0.0
0.4864864864864864,0.2999999999999998,0.0,0.6086956521739131,0.5,1.0,0.6666666666666666,0.35714285714285715,0.2596153846153846,1.0,0.015507753876938472,0.04640371229698376,0.8,0.22000000000000008,0.5555555555555556,0.5,0.5652173913043479,0.24000000000000002,0.21951219512195122,0.30359853549424054,0.15000000000000002
0.45945945945945943,0.2666666666666666,0.0,0.5652173913043479,0.5,0.7368421052631579,1.0,0.14285714285714285,0.44230769230769273,1.0,0.015507753876938472,0.12529002320185612,0.03749999999999999,0.66,0.5555555555555556,0.5,0.26086956521739135,0.06,0.24390243902439027,0.1695687114920975,0.2
0.3783783783783783,0.33333333333333304,0.2,0.4347826086956521,0.5,0.47368421052631576,1.0,0.2857142857142857,0.24038461538461542,1.0,0.015507753876938472,0.05568445475638051,0.06250000000000001,0.7200000000000001,0.2222222222222222,0.0,0.9130434782608696,1.0,1.0,1.0,0.05
0.2702702702702702,0.6999999999999997,0.8,0.08695652173913038,0.0,0.2631578947368421,1.0,0.0,0.2019230769230771,1.0,0.015507753876938472,0.060324825986078884,0.012499999999999997,0.5000000000000001,0.1111111111111111,1.0,0.21739130434782608,0.22,0.04878048780487806,0.1607286364854005,0.30000000000000004
0.5405405405405403,0.3666666666666667,0.0,0.7826086956521738,1.0,0.9473684210526315,0.3333333333333333,0.42857142857142855,0.3461538461538465,0.0,0.014507253626813408,0.12296983758700696,0.03749999999999999,0.7800000000000001,0.4444444444444444,0.0,0.34782608695652173,0.26,0.14634146341463417,0.24109295472810074,0.0
0.29729729729729715,0.5,0.52,0.21739130434782605,0.0,0.15789473684210525,0.6666666666666666,0.35714285714285715,0.41346153846153855,1.0,0.014507253626813408,0.009280742459396751,0.725,0.040000000000000036,0.4444444444444444,0.0,0.6521739130434783,0.16,0.2926829268292683,0.3126171979641039,0.0
0.2702702702702702,0.6666666666666665,0.76,0.08695652173913038,0.0,0.6842105263157895,0.0,1.0,0.47115384615384603,1.0,0.014507253626813408,0.060324825986078884,0.03749999999999999,0.4600000000000001,0.5555555555555556,0.0,0.30434782608695654,0.039999999999999994,0.12195121951219515,0.12510045539780337,1.0
0.5405405405405403,0.3666666666666667,0.0,0.8695652173913042,1.0,0.8421052631578947,1.0,0.0,0.6442307692307694,1.0,0.013506753376688344,0.06264501160092807,0.05,0.7600000000000001,0.1111111111111111,0.0,1.0,0.38,0.3414634146341463,0.5001339405304045,0.0
0.5405405405405403,0.3666666666666667,0.0,0.7391304347826086,1.0,0.21052631578947367,0.6666666666666666,0.35714285714285715,0.42307692307692313,1.0,0.013506753376688344,0.07424593967517401,0.85,0.24,0.5555555555555556,0.0,0.4347826086956522,0.09999999999999999,0.1951219512195122,0.20537547996249664,0.0
0.45945945945945943,0.2666666666666666,0.0,0.6521739130434783,1.0,0.47368421052631576,0.3333333333333333,0.42857142857142855,0.36538461538461564,0.0,0.013506753376688344,0.06960556844547564,0.012499999999999997,0.66,0.1111111111111111,0.0,0.9130434782608696,1.0,1.0,1.0,0.05
0.2702702702702702,0.5,0.56,0.13043478260869568,0.0,0.7368421052631579,0.0,0.7857142857142857,0.40384615384615397,1.0,0.013506753376688344,0.06960556844547564,0.03749999999999999,0.42000000000000004,0.1111111111111111,1.0,0.26086956521739135,0.06,0.24390243902439027,0.1695687114920975,0.2
0.2702702702702702,0.6000000000000001,0.68,0.17391304347826086,0.0,0.7368421052631579,0.3333333333333333,0.07142857142857142,0.33653846153846145,0.0,0.013506753376688344,0.060324825986078884,0.03749999999999999,0.5000000000000001,0.5555555555555556,0.5,0.26086956521739135,0.06,0.24390243902439027,0.1695687114920975,0.2
0.5405405405405403,0.3666666666666667,0.0,0.826086956521739,1.0,0.3684210526315789,0.3333333333333333,0.7142857142857143,0.6346153846153848,1.0,0.012506253126563283,0.05336426914153132,0.03749999999999999,0.7800000000000001,0.4444444444444444,0.0,0.6086956521739131,0.32,0.36585365853658536,0.4018215912135012,0.45
0.2702702702702702,0.3666666666666667,0.4,0.21739130434782605,0.0,0.42105263157894735,0.0,0.7857142857142857,0.32692307692307687,1.0,0.012506253126563283,0.048723897911832945,0.03749999999999999,0.5000000000000001,0.0,1.0,0.5217391304347826,0.18000000000000002,0.4878048780487805,0.36619341012590406,0.0
0.2432432432432432,0.6666666666666665,0.8,0.08695652173913038,0.0,0.2631578947368421,0.3333333333333333,0.07142857142857142,0.40384615384615397,1.0,0.012506253126563283,0.05336426914153132,0.03749999999999999,0.5400000000000001,0.1111111111111111,0.0,0.21739130434782608,0.22,0.04878048780487806,0.1607286364854005,0.30000000000000004
0.6216216216216215,0.46666666666666634,0.0,1.0,1.0,0.9473684210526315,0.6666666666666666,0.35714285714285715,0.48076923076923106,1.0,0.011505752876438218,0.03248259860788863,0.85,0.24,0.5555555555555556,0.5,0.34782608695652173,0.26,0.14634146341463417,0.24109295472810074,0.0
0.4864864864864864,0.2999999999999998,0.0,0.6521739130434783,1.0,0.5263157894736842,0.6666666666666666,0.35714285714285715,0.5865384615384619,1.0,0.011505752876438218,0.037122969837587005,0.8,0.20000000000000007,0.2222222222222222,0.0,0.8695652173913043,0.33999999999999997,0.17073170731707318,0.39298151620680416,0.05
0.3513513513513513,0.2999999999999998,0.2,0.30434782608695654,0.5,0.0,0.6666666666666666,0.35714285714285715,0.42307692307692313,1.0,0.011505752876438218,0.018561484918793503,0.75,0.06000000000000005,0.8888888888888888,0.0,0.4782608695652174,0.27999999999999997,0.5121951219512195,0.4106616662201982,0.0
0.2702702702702702,0.3999999999999999,0.44,0.17391304347826086,0.0,0.6842105263157895,1.0,0.14285714285714285,0.2019230769230771,1.0,0.011505752876438218,0.05568445475638051,0.05,0.58,0.1111111111111111,0.0,0.30434782608695654,0.039999999999999994,0.12195121951219515,0.12510045539780337,1.0
0.2702702702702702,0.3999999999999999,0.44,0.21739130434782605,0.0,0.21052631578947367,0.3333333333333333,0.07142857142857142,0.47115384615384603,0.0,0.011505752876438218,0.05104408352668213,0.06250000000000001,0.44000000000000006,0.4444444444444444,0.5,0.4347826086956522,0.09999999999999999,0.1951219512195122,0.20537547996249664,0.0
0.2432432432432432,0.6000000000000001,0.72,0.13043478260869568,0.0,1.0,1.0,0.0,0.5961538461538465,0.0,0.011505752876438218,0.03944315545243619,0.05,0.4600000000000001,0.3333333333333333,1.0,0.5652173913043479,0.24000000000000002,0.21951219512195122,0.30359853549424054,0.15000000000000002
0.2432432432432432,0.5333333333333332,0.64,0.13043478260869568,0.0,0.5263157894736842,1.0,0.0,0.49038461538461564,1.0,0.011505752876438218,0.027842227378190254,0.012499999999999997,0.5000000000000001,0.1111111111111111,0.0,0.8695652173913043,0.33999999999999997,0.17073170731707318,0.39298151620680416,0.05
0.2432432432432432,0.6000000000000001,0.72,0.08695652173913038,0.0,0.5789473684210527,0.0,1.0,0.3173076923076923,1.0,0.011505752876438218,0.05336426914153132,0.024999999999999994,0.44000000000000006,0.2222222222222222,0.0,0.08695652173913043,0.08,0.024390243902439025,0.06241628716849719,0.9500000000000001
0.21621621621621623,0.6999999999999997,0.88,0.04347826086956519,0.0,0.5789473684210527,1.0,0.0,0.23076923076923084,1.0,0.011505752876438218,0.030162412993039442,0.012499999999999997,0.5000000000000001,0.1111111111111111,0.0,0.08695652173913043,0.08,0.024390243902439025,0.06241628716849719,0.9500000000000001
0.5135135135135134,0.33333333333333304,0.0,0.7826086956521738,1.0,0.3157894736842105,0.3333333333333333,0.07142857142857142,0.528846153846154,1.0,0.010505252626313157,0.10440835266821345,0.024999999999999994,0.66,0.2222222222222222,0.5,0.3913043478260869,0.2,0.2682926829268293,0.2678810608090008,0.0
0.43243243243243246,0.2333333333333334,0.0,0.5652173913043479,0.5,0.8421052631578947,0.6666666666666666,0.35714285714285715,0.1923076923076923,1.0,0.010505252626313157,0.03480278422273782,0.7875,0.22000000000000008,0.2222222222222222,0.5,1.0,0.38,0.3414634146341463,0.5001339405304045,0.0
0.2432432432432432,0.5,0.6,0.13043478260869568,0.0,0.3157894736842105,0.0,1.0,0.45192307692307687,0.0,0.010505252626313157,0.03944315545243619,0.06250000000000001,0.64,0.1111111111111111,0.25,0.3913043478260869,0.2,0.2682926829268293,0.2678810608090008,0.0
0.2432432432432432,0.46666666666666634,0.56,0.13043478260869568,0.0,0.5789473684210527,1.0,0.2857142857142857,0.40384615384615397,1.0,0.010505252626313157,0.048723897911832945,0.03749999999999999,0.5400000000000001,0.1111111111111111,0.0,0.08695652173913043,0.08,0.024390243902439025,0.06241628716849719,0.9500000000000001
0.21621621621621623,0.6333333333333333,0.8,0.04347826086956519,0.0,0.2631578947368421,1.0,0.14285714285714285,0.24038461538461542,1.0,0.010505252626313157,0.04176334106728538,0.024999999999999994,0.6,0.1111111111111111,0.25,0.21739130434782608,0.22,0.04878048780487806,0.1607286364854005,0.30000000000000004
0.5135135135135134,0.33333333333333304,0.0,0.7391304347826086,1.0,0.9473684210526315,0.6666666666666666,0.35714285714285715,0.3749999999999998,0.0,0.009504752376188096,0.06496519721577726,0.8250000000000001,0.26,0.5555555555555556,0.5,0.34782608695652173,0.26,0.14634146341463417,0.24109295472810074,0.0
0.3783783783783783,0.2333333333333334,0.08,0.5217391304347827,0.5,0.47368421052631576,0.6666666666666666,0.35714285714285715,0.08653846153846145,0.0,0.009504752376188096,0.030162412993039442,0.75,0.16000000000000003,0.2222222222222222,0.0,0.9130434782608696,1.0,1.0,1.0,0.05
0.3513513513513513,0.2333333333333334,0.12,0.3913043478260869,0.5,0.42105263157894735,0.6666666666666666,0.35714285714285715,0.6153846153846156,1.0,0.009504752376188096,0.037122969837587005,0.7375,0.040000000000000036,0.5555555555555556,0.0,0.5217391304347826,0.18000000000000002,0.4878048780487805,0.36619341012590406,0.0
0.3243243243243241,0.2666666666666666,0.2,0.30434782608695654,0.5,0.5263157894736842,0.6666666666666666,0.35714285714285715,0.28846153846153855,1.0,0.009504752376188096,0.013921113689095127,0.75,0.08000000000000007,0.2222222222222222,0.0,0.8695652173913043,0.33999999999999997,0.17073170731707318,0.39298151620680416,0.05
0.21621621621621623,0.6333333333333333,0.8,0.08695652173913038,0.0,0.631578947368421,1.0,0.0,0.5192307692307694,1.0,0.009504752376188096,0.058004640371229696,0.03749999999999999,0.5599999999999999,0.1111111111111111,0.0,0.0,0.0,0.0,0.0,0.5
0.21621621621621623,0.6000000000000001,0.76,0.08695652173913038,0.0,0.5263157894736842,1.0,0.0,0.1826923076923077,1.0,0.009504752376188096,0.02320185614849188,0.03749999999999999,0.6,0.1111111111111111,0.0,0.8695652173913043,0.33999999999999997,0.17073170731707318,0.39298151620680416,0.05
0.21621621621621623,0.5666666666666664,0.72,0.08695652173913038,0.0,0.2631578947368421,1.0,0.0,0.14423076923076938,0.0,0.009504752376188096,0.060324825986078884,0.05,0.5400000000000001,0.2222222222222222,0.0,0.21739130434782608,0.22,0.04878048780487806,0.1607286364854005,0.30000000000000004
0.18918918918918903,0.6333333333333333,0.84,0.04347826086956519,0.0,0.3684210526315789,1.0,0.2857142857142857,0.24038461538461542,1.0,0.009504752376188096,0.013921113689095127,0.03749999999999999,0.5200000000000001,0.2222222222222222,0.0,0.6086956521739131,0.32,0.36585365853658536,0.4018215912135012,0.45
0.21621621621621623,0.3666666666666667,0.48,0.17391304347826086,0.0,0.3684210526315789,1.0,0.0,0.3461538461538465,1.0,0.009004502251125562,0.030162412993039442,0.012499999999999997,0.4600000000000001,0.4444444444444444,0.0,0.6086956521739131,0.32,0.36585365853658536,0.4018215912135012,0.45
0.2432432432432432,0.33333333333333304,0.4,0.21739130434782605,0.0,0.2631578947368421,0.6666666666666666,0.35714285714285715,0.14423076923076938,1.0,0.008754377188594297,0.02320185614849188,0.6875,0.06000000000000005,0.2222222222222222,0.0,0.21739130434782608,0.22,0.04878048780487806,0.1607286364854005,0.30000000000000004
0.21621621621621623,0.3666666666666667,0.48,0.13043478260869568,0.0,0.3684210526315789,0.3333333333333333,0.7142857142857143,0.528846153846154,1.0,0.008504252126063032,0.02320185614849188,0.06250000000000001,0.4800000000000001,0.3333333333333333,0.25,0.6086956521739131,0.32,0.36585365853658536,0.4018215912135012,0.45
0.21621621621621623,0.4333333333333331,0.56,0.13043478260869568,0.0,0.15789473684210525,0.3333333333333333,0.07142857142857142,0.17307692307692313,1.0,0.008254127063531767,0.03248259860788863,0.024999999999999994,0.32000000000000006,0.2222222222222222,0.5,0.6521739130434783,0.16,0.2926829268292683,0.3126171979641039,0.0
0.18918918918918903,0.5,0.68,0.13043478260869568,0.0,0.6842105263157895,1.0,0.0,0.3557692307692306,1.0,0.008004002001000501,0.05104408352668213,0.03749999999999999,0.5400000000000001,0.1111111111111111,0.25,0.30434782608695654,0.039999999999999994,0.12195121951219515,0.12510045539780337,1.0
0.18918918918918903,0.6000000000000001,0.8,0.08695652173913038,0.0,1.0,0.3333333333333333,0.07142857142857142,0.3749999999999998,0.0,0.008004002001000501,0.025522041763341066,0.012499999999999997,0.4,0.2222222222222222,0.5,0.5652173913043479,0.24000000000000002,0.21951219512195122,0.30359853549424054,0.15000000000000002
0.18918918918918903,0.5666666666666664,0.76,0.13043478260869568,0.0,0.631578947368421,1.0,0.0,0.3846153846153848,0.0,0.008004002001000501,0.06960556844547564,0.024999999999999994,0.5000000000000001,0.5555555555555556,0.0,0.0,0.0,0.0,0.0,0.5
0.5945945945945947,0.4333333333333331,0.0,0.826086956521739,1.0,0.7368421052631579,0.6666666666666666,0.35714285714285715,0.40384615384615397,1.0,0.007753876938469235,0.05336426914153132,0.8625,0.26,0.5555555555555556,0.0,0.26086956521739135,0.06,0.24390243902439027,0.1695687114920975,0.2
0.21621621621621623,0.33333333333333304,0.44,0.17391304347826086,0.0,0.0,0.3333333333333333,0.07142857142857142,0.41346153846153855,1.0,0.007753876938469235,0.03248259860788863,0.06250000000000001,0.42000000000000004,0.5555555555555556,0.5,0.4782608695652174,0.27999999999999997,0.5121951219512195,0.4106616662201982,0.0
0.18918918918918903,0.5333333333333332,0.72,0.04347826086956519,0.0,0.8421052631578947,0.0,0.5,0.29807692307692313,0.0,0.007753876938469235,0.016241299303944315,0.024999999999999994,0.4,0.1111111111111111,0.25,1.0,0.38,0.3414634146341463,0.5001339405304045,0.0
0.18918918918918903,0.5666666666666664,0.76,0.08695652173913038,0.0,0.7894736842105263,0.0,0.7857142857142857,0.5961538461538465,1.0,0.007753876938469235,0.027842227378190254,0.05,0.5000000000000001,0.4444444444444444,0.0,0.6956521739130435,0.3,0.5609756097560976,0.48218590945620143,0.05
0.43243243243243246,0.2333333333333334,0.0,0.6956521739130435,1.0,0.2631578947368421,0.6666666666666666,0.35714285714285715,0.3846153846153848,1.0,0.00750375187593797,0.07424593967517401,0.7875,0.16000000000000003,0.5555555555555556,0.0,0.21739130434782608,0.22,0.04878048780487806,0.1607286364854005,0.30000000000000004
0.18918918918918903,0.5666666666666664,0.76,0.13043478260869568,0.0,0.631578947368421,1.0,0.14285714285714285,0.5000000000000002,1.0,0.00750375187593797,0.060324825986078884,0.05,0.5599999999999999,0.1111111111111111,0.0,0.0,0.0,0.0,0.0,0.5
0.18918918918918903,0.3999999999999999,0.56,0.21739130434782605,0.0,0.15789473684210525,1.0,0.0,0.42307692307692313,1.0,0.00750375187593797,0.03944315545243619,0.012499999999999997,0.5200000000000001,0.1111111111111111,0.0,0.6521739130434783,0.16,0.2926829268292683,0.3126171979641039,0.0
0.18918918918918903,0.46666666666666634,0.64,0.04347826086956519,0.0,0.3157894736842105,0.0,1.0,0.5000000000000002,1.0,0.007253626813406704,0.02320185614849188,0.03749999999999999,0.58,0.6666666666666666,0.25,0.3913043478260869,0.2,0.2682926829268293,0.2678810608090008,0.0
0.5405405405405403,0.3666666666666667,0.0,0.8695652173913042,1.0,0.6842105263157895,0.3333333333333333,0.07142857142857142,0.36538461538461564,1.0,0.007003501750875438,0.0951276102088167,0.075,0.5400000000000001,0.2222222222222222,0.0,0.30434782608695654,0.039999999999999994,0.12195121951219515,0.12510045539780337,1.0
0.16216216216216206,0.7333333333333334,1.0,0.04347826086956519,0.0,0.6842105263157895,0.3333333333333333,0.42857142857142855,0.5480769230769231,0.0,0.007003501750875438,0.027842227378190254,0.06250000000000001,0.44000000000000006,0.1111111111111111,0.25,0.30434782608695654,0.039999999999999994,0.12195121951219515,0.12510045539780337,1.0
0.5405405405405403,0.3666666666666667,0.0,0.7826086956521738,1.0,0.10526315789473684,0.6666666666666666,0.35714285714285715,0.45192307692307687,1.0,0.006753376688344173,0.08816705336426914,0.8375,0.22000000000000008,0.5555555555555556,0.0,0.13043478260869565,0.12000000000000001,0.3170731707317073,0.1963568175729976,0.35000000000000003
0.18918918918918903,0.33333333333333304,0.48,0.17391304347826086,0.0,0.5789473684210527,0.6666666666666666,0.35714285714285715,0.44230769230769273,0.0,0.0065032516258129065,0.013921113689095127,0.6625,0.0,0.5555555555555556,0.0,0.08695652173913043,0.08,0.024390243902439025,0.06241628716849719,0.9500000000000001
0.1351351351351351,0.6333333333333333,0.92,0.04347826086956519,0.0,0.05263157894736842,1.0,0.0,0.3557692307692306,0.0,0.0065032516258129065,0.03944315545243619,0.03749999999999999,0.5200000000000001,0.4444444444444444,0.0,0.043478260869565216,0.02,0.0975609756097561,0.053576212161800155,0.65
0.1351351351351351,0.6666666666666665,0.96,0.04347826086956519,0.0,0.42105263157894735,1.0,0.0,0.3942307692307694,1.0,0.0065032516258129065,0.025522041763341066,0.024999999999999994,0.5200000000000001,0.1111111111111111,0.0,0.5217391304347826,0.18000000000000002,0.4878048780487805,0.36619341012590406,0.0
0.5135135135135134,0.33333333333333304,0.0,0.9565217391304348,1.0,0.3684210526315789,0.3333333333333333,0.7142857142857143,0.3076923076923077,1.0,0.006253126563281641,0.04640371229698376,0.08750000000000001,0.84,0.1111111111111111,0.0,0.6086956521739131,0.32,0.36585365853658536,0.4018215912135012,0.45
0.2702702702702702,0.16666666666666652,0.16,0.3913043478260869,0.5,0.8947368421052632,0.6666666666666666,0.35714285714285715,0.36538461538461564,1.0,0.006003001500750375,0.04176334106728538,0.7000000000000001,0.06000000000000005,0.2222222222222222,0.0,0.17391304347826086,0.14,0.07317073170731708,0.12510045539780337,0.1
0.1351351351351351,0.5333333333333332,0.8,0.13043478260869568,0.0,0.8947368421052632,0.0,1.0,0.5576923076923077,1.0,0.00575287643821911,0.058004640371229696,0.06250000000000001,0.42000000000000004,0.2222222222222222,0.0,0.17391304347826086,0.14,0.07317073170731708,0.12510045539780337,0.1
0.16216216216216206,0.2999999999999998,0.48,0.17391304347826086,0.0,0.15789473684210525,1.0,0.0,0.5480769230769231,1.0,0.005502751375687844,0.037122969837587005,0.024999999999999994,0.5200000000000001,0.1111111111111111,0.0,0.6521739130434783,0.16,0.2926829268292683,0.3126171979641039,0.0
0.16216216216216206,0.46666666666666634,0.68,0.08695652173913038,0.0,0.7894736842105263,0.3333333333333333,0.07142857142857142,0.3461538461538465,1.0,0.005502751375687844,0.02320185614849188,0.05,0.4,0.4444444444444444,0.0,0.6956521739130435,0.3,0.5609756097560976,0.48218590945620143,0.05
0.16216216216216206,0.5,0.72,0.08695652173913038,0.0,0.15789473684210525,1.0,0.14285714285714285,0.3846153846153848,1.0,0.005502751375687844,0.027842227378190254,0.075,0.4800000000000001,0.1111111111111111,0.0,0.6521739130434783,0.16,0.2926829268292683,0.3126171979641039,0.0
0.16216216216216206,0.3666666666666667,0.56,0.17391304347826086,0.0,0.3157894736842105,1.0,0.2857142857142857,0.5384615384615385,0.0,0.005502751375687844,0.04408352668213457,0.05,0.6,0.4444444444444444,0.5,0.3913043478260869,0.2,0.2682926829268293,0.2678810608090008,0.0
0.1351351351351351,0.5333333333333332,0.8,0.13043478260869568,0.0,0.8947368421052632,0.3333333333333333,0.07142857142857142,0.3076923076923077,1.0,0.005502751375687844,0.04640371229698376,0.03749999999999999,0.4,0.2222222222222222,0.5,0.17391304347826086,0.14,0.07317073170731708,0.12510045539780337,0.1
0.16216216216216206,0.3999999999999999,0.6,0.17391304347826086,0.0,0.8421052631578947,0.3333333333333333,0.42857142857142855,0.528846153846154,0.0,0.005252626313156579,0.025522041763341066,0.03749999999999999,0.4600000000000001,0.3333333333333333,0.25,1.0,0.38,0.3414634146341463,0.5001339405304045,0.0
0.2432432432432432,0.16666666666666652,0.2,0.3913043478260869,0.5,0.8947368421052632,0.6666666666666666,0.35714285714285715,0.528846153846154,1.0,0.005002501250625313,0.03944315545243619,0.7000000000000001,0.040000000000000036,0.5555555555555556,0.0,0.17391304347826086,0.14,0.07317073170731708,0.12510045539780337,0.1
0.10810810810810789,0.5,0.8,0.08695652173913038,0.0,0.42105263157894735,0.3333333333333333,0.07142857142857142,0.45192307692307687,1.0,0.004752376188094047,0.03248259860788863,0.024999999999999994,0.4,0.1111111111111111,0.0,0.5217391304347826,0.18000000000000002,0.4878048780487805,0.36619341012590406,0.0
0.1351351351351351,0.19999999999999973,0.4,0.21739130434782605,0.0,0.21052631578947367,0.0,0.7857142857142857,0.653846153846154,1.0,0.004502251125562782,0.048723897911832945,0.0,0.44000000000000006,0.1111111111111111,0.0,0.4347826086956522,0.09999999999999999,0.1951219512195122,0.20537547996249664,0.0
0.1351351351351351,0.19999999999999973,0.4,0.21739130434782605,0.0,0.47368421052631576,0.6666666666666666,0.35714285714285715,0.4326923076923077,1.0,0.004002001000500251,0.002320185614849188,0.65,0.08000000000000007,0.5555555555555556,0.0,0.9130434782608696,1.0,1.0,1.0,0.05
0.10810810810810789,0.2333333333333334,0.48,0.13043478260869568,0.0,0.3157894736842105,0.3333333333333333,0.07142857142857142,0.41346153846153855,1.0,0.004002001000500251,0.037122969837587005,0.012499999999999997,0.4800000000000001,0.2222222222222222,0.0,0.3913043478260869,0.2,0.2682926829268293,0.2678810608090008,0.0
0.08108108108108092,0.46666666666666634,0.8,0.13043478260869568,0.0,0.7368421052631579,0.0,1.0,0.16346153846153855,1.0,0.004002001000500251,0.06496519721577726,0.05,0.4,0.1111111111111111,0.0,0.26086956521739135,0.06,0.24390243902439027,0.1695687114920975,0.2
0.054054054054053946,0.5333333333333332,0.92,0.08695652173913038,0.0,1.0,0.0,1.0,0.3557692307692306,1.0,0.004002001000500251,0.03480278422273782,0.03749999999999999,0.32000000000000006,0.2222222222222222,0.0,0.5652173913043479,0.24000000000000002,0.21951219512195122,0.30359853549424054,0.15000000000000002
0.08108108108108092,0.46666666666666634,0.8,0.08695652173913038,0.0,0.15789473684210525,0.3333333333333333,0.42857142857142855,0.5000000000000002,0.0,0.0037518759379689846,0.027842227378190254,0.024999999999999994,0.42000000000000004,0.1111111111111111,0.25,0.6521739130434783,0.16,0.2926829268292683,0.3126171979641039,0.0
0.2702702702702702,0.033333333333333215,0.0,0.5652173913043479,0.5,1.0,0.6666666666666666,0.35714285714285715,0.3173076923076923,1.0,0.0035017508754377194,0.03248259860788863,0.7000000000000001,0.16000000000000003,0.5555555555555556,0.5,0.5652173913043479,0.24000000000000002,0.21951219512195122,0.30359853549424054,0.15000000000000002
0.08108108108108092,0.3666666666666667,0.68,0.13043478260869568,0.0,0.9473684210526315,0.3333333333333333,0.07142857142857142,0.24038461538461542,1.0,0.0035017508754377194,0.03944315545243619,0.06250000000000001,0.3400000000000001,0.2222222222222222,0.5,0.34782608695652173,0.26,0.14634146341463417,0.24109295472810074,0.0
0.08108108108108092,0.33333333333333304,0.64,0.17391304347826086,0.0,1.0,0.3333333333333333,0.07142857142857142,0.48076923076923106,1.0,0.0035017508754377194,0.030162412993039442,0.024999999999999994,0.30000000000000004,0.2222222222222222,0.5,0.5652173913043479,0.24000000000000002,0.21951219512195122,0.30359853549424054,0.15000000000000002
0.054054054054053946,0.2999999999999998,0.64,0.08695652173913038,0.0,0.3157894736842105,0.0,1.0,0.5673076923076923,1.0,0.0032516258129064533,0.04408352668213457,0.03749999999999999,0.36,0.4444444444444444,0.0,0.3913043478260869,0.2,0.2682926829268293,0.2678810608090008,0.0
0.5135135135135134,0.33333333333333304,0.0,0.8695652173913042,1.0,0.8947368421052632,0.6666666666666666,0.35714285714285715,0.48076923076923106,1.0,0.0030015007503751876,0.03480278422273782,0.8125,0.20000000000000007,0.5555555555555556,0.0,0.17391304347826086,0.14,0.07317073170731708,0.12510045539780337,0.1
0.29729729729729715,0.06666666666666643,0.0,0.6956521739130435,1.0,0.7368421052631579,0.6666666666666666,0.35714285714285715,0.4326923076923077,1.0,0.0030015007503751876,0.058004640371229696,0.7125,0.12,0.5555555555555556,0.0,0.26086956521739135,0.06,0.24390243902439027,0.1695687114920975,0.2
0.08108108108108092,0.2666666666666666,0.56,0.17391304347826086,0.0,0.21052631578947367,0.6666666666666666,0.35714285714285715,0.40384615384615397,1.0,0.0030015007503751876,0.01160092807424594,0.625,0.0,0.5555555555555556,0.0,0.4347826086956522,0.09999999999999999,0.1951219512195122,0.20537547996249664,0.0
0.45945945945945943,0.2666666666666666,0.0,0.7826086956521738,1.0,0.8421052631578947,0.6666666666666666,0.35714285714285715,0.3076923076923077,1.0,0.002751375687843922,0.03944315545243619,0.775,0.20000000000000007,0.2222222222222222,0.0,1.0,0.38,0.3414634146341463,0.5001339405304045,0.0
0.2432432432432432,0.0,0.0,0.6086956521739131,0.5,0.3157894736842105,0.6666666666666666,0.35714285714285715,0.3076923076923077,1.0,0.002751375687843922,0.03944315545243619,0.7000000000000001,0.16000000000000003,0.5555555555555556,0.5,0.3913043478260869,0.2,0.2682926829268293,0.2678810608090008,0.0
0.054054054054053946,0.2333333333333334,0.56,0.21739130434782605,0.0,0.21052631578947367,0.3333333333333333,0.42857142857142855,0.27884615384615397,0.0,0.002751375687843922,0.04408352668213457,0.012499999999999997,0.3400000000000001,0.2222222222222222,0.0,0.4347826086956522,0.09999999999999999,0.1951219512195122,0.20537547996249664,0.0
0.45945945945945943,0.2666666666666666,0.0,0.9130434782608696,1.0,0.7368421052631579,0.6666666666666666,0.35714285714285715,0.7692307692307694,1.0,0.0016008004002001,0.037122969837587005,0.775,0.12,0.8888888888888888,0.0,0.26086956521739135,0.06,0.24390243902439027,0.1695687114920975,0.2
0.45945945945945943,0.2666666666666666,0.0,0.9130434782608696,1.0,0.3684210526315789,0.6666666666666666,0.35714285714285715,0.7019230769230773,1.0,0.0016008004002001,0.013921113689095127,0.7875,0.18000000000000005,0.2222222222222222,0.0,0.6086956521739131,0.32,0.36585365853658536,0.4018215912135012,0.45
0.0,0.06666666666666643,0.44,0.17391304347826086,0.0,0.42105263157894735,0.6666666666666666,0.35714285714285715,0.44230769230769273,1.0,0.001500750375187594,0.009280742459396751,0.5875,0.0,0.2222222222222222,0.0,0.5217391304347826,0.18000000000000002,0.4878048780487805,0.36619341012590406,0.0
0.43243243243243246,0.2333333333333334,0.0,0.9565217391304348,1.0,0.6842105263157895,0.6666666666666666,0.35714285714285715,0.5769230769230773,1.0,0.0013006503251625813,0.030162412993039442,0.7875,0.22000000000000008,0.5555555555555556,0.0,0.30434782608695654,0.039999999999999994,0.12195121951219515,0.12510045539780337,1.0
0.2432432432432432,0.0,0.0,0.9565217391304348,1.0,0.631578947368421,0.6666666666666666,0.35714285714285715,0.6057692307692311,1.0,0.0,0.030162412993039442,0.6875,0.12,0.8888888888888888,0.0,0.0,0.0,0.0,0.0,0.5
