Source,Target,Weight
0,177,0.3333333333333333
0,746,0.3333333333333333
0,766,0.3333333333333333
1,291,0.25
1,339,0.25
1,1051,0.25
1,1159,0.25
4,10,0.01818181818181818
4,23,0.01818181818181818
4,64,0.01818181818181818
4,82,0.01818181818181818
4,96,0.01818181818181818
4,101,0.01818181818181818
4,112,0.01818181818181818
4,153,0.01818181818181818
4,171,0.01818181818181818
4,206,0.01818181818181818
4,241,0.01818181818181818
4,256,0.01818181818181818
4,286,0.01818181818181818
4,287,0.01818181818181818
4,369,0.01818181818181818
4,382,0.01818181818181818
4,388,0.01818181818181818
4,422,0.01818181818181818
4,423,0.01818181818181818
4,424,0.01818181818181818
4,432,0.01818181818181818
4,454,0.01818181818181818
4,455,0.01818181818181818
4,491,0.01818181818181818
4,544,0.01818181818181818
4,567,0.01818181818181818
4,574,0.01818181818181818
4,586,0.01818181818181818
4,632,0.01818181818181818
4,636,0.01818181818181818
4,637,0.01818181818181818
4,641,0.01818181818181818
4,646,0.01818181818181818
4,651,0.01818181818181818
4,661,0.01818181818181818
4,663,0.01818181818181818
4,698,0.01818181818181818
4,768,0.01818181818181818
4,770,0.01818181818181818
4,773,0.01818181818181818
4,789,0.01818181818181818
4,812,0.01818181818181818
4,824,0.01818181818181818
4,826,0.01818181818181818
4,827,0.01818181818181818
4,851,0.01818181818181818
4,853,0.01818181818181818
4,873,0.01818181818181818
4,923,0.01818181818181818
4,1017,0.01818181818181818
4,1050,0.01818181818181818
4,1055,0.01818181818181818
4,1110,0.01818181818181818
4,1165,0.01818181818181818
4,1166,0.01818181818181818
9,173,0.25
9,177,0.25
9,723,0.25
9,1095,0.25
10,64,0.02857142857142857
10,82,0.02857142857142857
10,83,0.02857142857142857
10,96,0.02857142857142857
10,112,0.02857142857142857
10,120,0.02857142857142857
10,153,0.02857142857142857
10,171,0.02857142857142857
10,206,0.02857142857142857
10,241,0.02857142857142857
10,369,0.02857142857142857
10,423,0.02857142857142857
10,432,0.02857142857142857
10,436,0.02857142857142857
10,475,0.02857142857142857
10,641,0.02857142857142857
10,646,0.02857142857142857
10,663,0.02857142857142857
10,698,0.02857142857142857
10,738,0.02857142857142857
10,768,0.02857142857142857
10,823,0.02857142857142857
10,826,0.02857142857142857
10,851,0.02857142857142857
10,853,0.02857142857142857
10,873,0.02857142857142857
10,923,0.02857142857142857
10,924,0.02857142857142857
10,1017,0.02857142857142857
10,1050,0.02857142857142857
10,1110,0.02857142857142857
10,1124,0.02857142857142857
10,1141,0.02857142857142857
10,1165,0.02857142857142857
10,1166,0.02857142857142857
14,234,0.16666666666666666
14,327,0.16666666666666666
14,471,0.16666666666666666
14,514,0.16666666666666666
14,820,0.16666666666666666
14,1087,0.16666666666666666
18,215,0.3333333333333333
18,997,0.3333333333333333
18,1174,0.3333333333333333
23,393,0.2
23,456,0.2
23,498,0.2
23,769,0.2
23,1155,0.2
24,4,0.02127659574468085
24,10,0.02127659574468085
24,11,0.02127659574468085
24,64,0.02127659574468085
24,82,0.02127659574468085
24,96,0.02127659574468085
24,104,0.02127659574468085
24,112,0.02127659574468085
24,153,0.02127659574468085
24,171,0.02127659574468085
24,176,0.02127659574468085
24,206,0.02127659574468085
24,224,0.02127659574468085
24,241,0.02127659574468085
24,244,0.02127659574468085
24,256,0.02127659574468085
24,275,0.02127659574468085
24,348,0.02127659574468085
24,369,0.02127659574468085
24,422,0.02127659574468085
24,423,0.02127659574468085
24,432,0.02127659574468085
24,455,0.02127659574468085
24,567,0.02127659574468085
24,641,0.02127659574468085
24,646,0.02127659574468085
24,659,0.02127659574468085
24,663,0.02127659574468085
24,692,0.02127659574468085
24,698,0.02127659574468085
24,701,0.02127659574468085
24,722,0.02127659574468085
24,768,0.02127659574468085
24,826,0.02127659574468085
24,827,0.02127659574468085
24,851,0.02127659574468085
24,853,0.02127659574468085
24,866,0.02127659574468085
24,873,0.02127659574468085
24,897,0.02127659574468085
24,923,0.02127659574468085
24,1017,0.02127659574468085
24,1050,0.02127659574468085
24,1109,0.02127659574468085
24,1110,0.02127659574468085
24,1165,0.02127659574468085
24,1166,0.02127659574468085
28,10,0.041666666666666664
28,57,0.041666666666666664
28,61,0.041666666666666664
28,151,0.041666666666666664
28,241,0.041666666666666664
28,270,0.041666666666666664
28,280,0.041666666666666664
28,292,0.041666666666666664
28,507,0.041666666666666664
28,512,0.041666666666666664
28,539,0.041666666666666664
28,542,0.041666666666666664
28,543,0.041666666666666664
28,655,0.041666666666666664
28,690,0.041666666666666664
28,858,0.041666666666666664
28,886,0.041666666666666664
28,973,0.041666666666666664
28,987,0.041666666666666664
28,995,0.041666666666666664
28,1073,0.041666666666666664
28,1091,0.041666666666666664
28,1114,0.041666666666666664
28,1119,0.041666666666666664
34,39,0.07692307692307693
34,184,0.07692307692307693
34,294,0.07692307692307693
34,386,0.07692307692307693
34,387,0.07692307692307693
34,411,0.07692307692307693
34,468,0.07692307692307693
34,474,0.07692307692307693
34,739,0.07692307692307693
34,776,0.07692307692307693
34,913,0.07692307692307693
34,919,0.07692307692307693
34,1128,0.07692307692307693
36,20,0.1
36,143,0.1
36,337,0.1
36,541,0.1
36,564,0.1
36,684,0.1
36,901,0.1
36,919,0.1
36,1048,0.1
36,1159,0.1
37,83,0.25
37,276,0.25
37,565,0.25
37,1108,0.25
38,828,0.5
38,980,0.5
43,255,0.16666666666666666
43,304,0.16666666666666666
43,619,0.16666666666666666
43,687,0.16666666666666666
43,688,0.16666666666666666
43,1039,0.16666666666666666
45,175,0.5
45,554,0.5
51,571,0.3333333333333333
51,928,0.3333333333333333
51,1148,0.3333333333333333
54,633,0.25
54,729,0.25
54,788,0.25
54,997,0.25
55,217,1.0
57,4,0.022727272727272728
57,37,0.022727272727272728
57,58,0.022727272727272728
57,61,0.022727272727272728
57,137,0.022727272727272728
57,140,0.022727272727272728
57,171,0.022727272727272728
57,194,0.022727272727272728
57,208,0.022727272727272728
57,222,0.022727272727272728
57,224,0.022727272727272728
57,272,0.022727272727272728
57,286,0.022727272727272728
57,309,0.022727272727272728
57,340,0.022727272727272728
57,408,0.022727272727272728
57,422,0.022727272727272728
57,454,0.022727272727272728
57,491,0.022727272727272728
57,511,0.022727272727272728
57,519,0.022727272727272728
57,553,0.022727272727272728
57,562,0.022727272727272728
57,586,0.022727272727272728
57,593,0.022727272727272728
57,632,0.022727272727272728
57,661,0.022727272727272728
57,672,0.022727272727272728
57,747,0.022727272727272728
57,789,0.022727272727272728
57,816,0.022727272727272728
57,827,0.022727272727272728
57,833,0.022727272727272728
57,852,0.022727272727272728
57,885,0.022727272727272728
57,935,0.022727272727272728
57,967,0.022727272727272728
57,972,0.022727272727272728
57,1034,0.022727272727272728
57,1083,0.022727272727272728
57,1108,0.022727272727272728
57,1111,0.022727272727272728
57,1133,0.022727272727272728
57,1173,0.022727272727272728
58,255,0.14285714285714285
58,304,0.14285714285714285
58,619,0.14285714285714285
58,687,0.14285714285714285
58,688,0.14285714285714285
58,1017,0.14285714285714285
58,1039,0.14285714285714285
59,15,0.25
59,25,0.25
59,88,0.25
59,160,0.25
60,1107,1.0
61,4,0.03225806451612903
61,10,0.03225806451612903
61,24,0.03225806451612903
61,113,0.03225806451612903
61,171,0.03225806451612903
61,176,0.03225806451612903
61,206,0.03225806451612903
61,224,0.03225806451612903
61,241,0.03225806451612903
61,244,0.03225806451612903
61,256,0.03225806451612903
61,280,0.03225806451612903
61,298,0.03225806451612903
61,348,0.03225806451612903
61,369,0.03225806451612903
61,422,0.03225806451612903
61,455,0.03225806451612903
61,486,0.03225806451612903
61,567,0.03225806451612903
61,632,0.03225806451612903
61,690,0.03225806451612903
61,692,0.03225806451612903
61,701,0.03225806451612903
61,722,0.03225806451612903
61,827,0.03225806451612903
61,851,0.03225806451612903
61,853,0.03225806451612903
61,897,0.03225806451612903
61,973,0.03225806451612903
61,1098,0.03225806451612903
61,1109,0.03225806451612903
62,121,0.2
62,141,0.2
62,383,0.2
62,560,0.2
62,950,0.2
64,9,0.07142857142857142
64,116,0.07142857142857142
64,159,0.07142857142857142
64,173,0.07142857142857142
64,283,0.07142857142857142
64,521,0.07142857142857142
64,572,0.07142857142857142
64,663,0.07142857142857142
64,666,0.07142857142857142
64,738,0.07142857142857142
64,794,0.07142857142857142
64,822,0.07142857142857142
64,824,0.07142857142857142
64,856,0.07142857142857142
67,81,0.3333333333333333
67,863,0.3333333333333333
67,1021,0.3333333333333333
71,105,0.5
71,383,0.5
76,260,1.0
77,62,0.125
77,141,0.125
77,152,0.125
77,294,0.125
77,392,0.125
77,513,0.125
77,894,0.125
77,1165,0.125
79,200,0.16666666666666666
79,273,0.16666666666666666
79,370,0.16666666666666666
79,468,0.16666666666666666
79,660,0.16666666666666666
79,763,0.16666666666666666
81,874,0.3333333333333333
81,919,0.3333333333333333
81,1043,0.3333333333333333
82,26,0.07142857142857142
82,64,0.07142857142857142
82,112,0.07142857142857142
82,153,0.07142857142857142
82,232,0.07142857142857142
82,423,0.07142857142857142
82,432,0.07142857142857142
82,641,0.07142857142857142
82,663,0.07142857142857142
82,698,0.07142857142857142
82,923,0.07142857142857142
82,1050,0.07142857142857142
82,1110,0.07142857142857142
82,1165,0.07142857142857142
83,738,0.25
83,823,0.25
83,1099,0.25
83,1141,0.25
84,4,0.047619047619047616
84,58,0.047619047619047616
84,140,0.047619047619047616
84,171,0.047619047619047616
84,194,0.047619047619047616
84,276,0.047619047619047616
84,286,0.047619047619047616
84,340,0.047619047619047616
84,408,0.047619047619047616
84,454,0.047619047619047616
84,491,0.047619047619047616
84,519,0.047619047619047616
84,586,0.047619047619047616
84,593,0.047619047619047616
84,632,0.047619047619047616
84,661,0.047619047619047616
84,672,0.047619047619047616
84,789,0.047619047619047616
84,816,0.047619047619047616
84,1034,0.047619047619047616
84,1133,0.047619047619047616
87,108,1.0
88,1025,1.0
89,301,0.5
89,403,0.5
94,62,0.08333333333333333
94,121,0.08333333333333333
94,141,0.08333333333333333
94,152,0.08333333333333333
94,190,0.08333333333333333
94,383,0.08333333333333333
94,513,0.08333333333333333
94,559,0.08333333333333333
94,560,0.08333333333333333
94,646,0.08333333333333333
94,694,0.08333333333333333
94,950,0.08333333333333333
95,28,0.05263157894736842
95,57,0.05263157894736842
95,61,0.05263157894736842
95,84,0.05263157894736842
95,270,0.05263157894736842
95,280,0.05263157894736842
95,292,0.05263157894736842
95,512,0.05263157894736842
95,539,0.05263157894736842
95,543,0.05263157894736842
95,655,0.05263157894736842
95,690,0.05263157894736842
95,858,0.05263157894736842
95,886,0.05263157894736842
95,973,0.05263157894736842
95,987,0.05263157894736842
95,995,0.05263157894736842
95,1093,0.05263157894736842
95,1119,0.05263157894736842
96,64,0.038461538461538464
96,68,0.038461538461538464
96,80,0.038461538461538464
96,82,0.038461538461538464
96,83,0.038461538461538464
96,109,0.038461538461538464
96,112,0.038461538461538464
96,153,0.038461538461538464
96,361,0.038461538461538464
96,374,0.038461538461538464
96,423,0.038461538461538464
96,432,0.038461538461538464
96,641,0.038461538461538464
96,663,0.038461538461538464
96,698,0.038461538461538464
96,738,0.038461538461538464
96,762,0.038461538461538464
96,823,0.038461538461538464
96,826,0.038461538461538464
96,871,0.038461538461538464
96,923,0.038461538461538464
96,940,0.038461538461538464
96,1050,0.038461538461538464
96,1110,0.038461538461538464
96,1141,0.038461538461538464
96,1165,0.038461538461538464
99,34,0.047619047619047616
99,62,0.047619047619047616
99,71,0.047619047619047616
99,94,0.047619047619047616
99,121,0.047619047619047616
99,141,0.047619047619047616
99,152,0.047619047619047616
99,190,0.047619047619047616
99,383,0.047619047619047616
99,440,0.047619047619047616
99,482,0.047619047619047616
99,513,0.047619047619047616
99,559,0.047619047619047616
99,560,0.047619047619047616
99,646,0.047619047619047616
99,694,0.047619047619047616
99,776,0.047619047619047616
99,779,0.047619047619047616
99,913,0.047619047619047616
99,950,0.047619047619047616
99,980,0.047619047619047616
101,23,0.125
101,287,0.125
101,589,0.125
101,595,0.125
101,612,0.125
101,636,0.125
101,637,0.125
101,1057,0.125
102,980,1.0
104,67,0.09090909090909091
104,102,0.09090909090909091
104,173,0.09090909090909091
104,626,0.09090909090909091
104,698,0.09090909090909091
104,822,0.09090909090909091
104,869,0.09090909090909091
104,916,0.09090909090909091
104,1110,0.09090909090909091
104,1165,0.09090909090909091
104,1171,0.09090909090909091
108,79,0.1111111111111111
108,204,0.1111111111111111
108,290,0.1111111111111111
108,391,0.1111111111111111
108,660,0.1111111111111111
108,763,0.1111111111111111
108,980,0.1111111111111111
108,985,0.1111111111111111
108,1152,0.1111111111111111
109,80,0.05
109,125,0.05
109,128,0.05
109,173,0.05
109,177,0.05
109,245,0.05
109,288,0.05
109,336,0.05
109,413,0.05
109,470,0.05
109,475,0.05
109,506,0.05
109,524,0.05
109,529,0.05
109,592,0.05
109,735,0.05
109,801,0.05
109,998,0.05
109,1032,0.05
109,1056,0.05
112,64,0.25
112,67,0.25
112,432,0.25
112,663,0.25
113,19,0.3333333333333333
113,145,0.3333333333333333
113,532,0.3333333333333333
120,83,0.2
120,96,0.2
120,738,0.2
120,823,0.2
120,1141,0.2
121,383,1.0
123,175,0.5
123,554,0.5
124,9,0.25
124,42,0.25
124,174,0.25
124,1051,0.25
125,52,0.14285714285714285
125,199,0.14285714285714285
125,331,0.14285714285714285
125,657,0.14285714285714285
125,712,0.14285714285714285
125,734,0.14285714285714285
125,905,0.14285714285714285
126,1030,1.0
127,191,0.1
127,221,0.1
127,302,0.1
127,323,0.1
127,372,0.1
127,494,0.1
127,517,0.1
127,609,0.1
127,996,0.1
127,1109,0.1
130,109,0.06666666666666667
130,125,0.06666666666666667
130,202,0.06666666666666667
130,245,0.06666666666666667
130,336,0.06666666666666667
130,413,0.06666666666666667
130,475,0.06666666666666667
130,506,0.06666666666666667
130,524,0.06666666666666667
130,592,0.06666666666666667
130,706,0.06666666666666667
130,735,0.06666666666666667
130,924,0.06666666666666667
130,974,0.06666666666666667
130,1056,0.06666666666666667
134,100,0.5
134,906,0.5
135,5,0.05263157894736842
135,36,0.05263157894736842
135,59,0.05263157894736842
135,143,0.05263157894736842
135,167,0.05263157894736842
135,219,0.05263157894736842
135,342,0.05263157894736842
135,459,0.05263157894736842
135,684,0.05263157894736842
135,724,0.05263157894736842
135,778,0.05263157894736842
135,791,0.05263157894736842
135,808,0.05263157894736842
135,834,0.05263157894736842
135,900,0.05263157894736842
135,910,0.05263157894736842
135,918,0.05263157894736842
135,1048,0.05263157894736842
135,1097,0.05263157894736842
137,160,0.5
137,651,0.5
140,34,0.03571428571428571
140,36,0.03571428571428571
140,58,0.03571428571428571
140,59,0.03571428571428571
140,135,0.03571428571428571
140,143,0.03571428571428571
140,160,0.03571428571428571
140,172,0.03571428571428571
140,194,0.03571428571428571
140,401,0.03571428571428571
140,408,0.03571428571428571
140,459,0.03571428571428571
140,476,0.03571428571428571
140,497,0.03571428571428571
140,511,0.03571428571428571
140,557,0.03571428571428571
140,593,0.03571428571428571
140,629,0.03571428571428571
140,651,0.03571428571428571
140,684,0.03571428571428571
140,719,0.03571428571428571
140,778,0.03571428571428571
140,808,0.03571428571428571
140,879,0.03571428571428571
140,1000,0.03571428571428571
140,1048,0.03571428571428571
140,1155,0.03571428571428571
140,1171,0.03571428571428571
141,105,0.2
141,121,0.2
141,383,0.2
141,560,0.2
141,950,0.2
143,154,0.25
143,499,0.25
143,665,0.25
143,861,0.25
147,290,0.16666666666666666
147,531,0.16666666666666666
147,765,0.16666666666666666
147,783,0.16666666666666666
147,889,0.16666666666666666
147,1033,0.16666666666666666
150,581,1.0
151,23,0.047619047619047616
151,51,0.047619047619047616
151,101,0.047619047619047616
151,287,0.047619047619047616
151,378,0.047619047619047616
151,382,0.047619047619047616
151,487,0.047619047619047616
151,533,0.047619047619047616
151,534,0.047619047619047616
151,537,0.047619047619047616
151,588,0.047619047619047616
151,589,0.047619047619047616
151,595,0.047619047619047616
151,636,0.047619047619047616
151,695,0.047619047619047616
151,770,0.047619047619047616
151,773,0.047619047619047616
151,781,0.047619047619047616
151,824,0.047619047619047616
151,1036,0.047619047619047616
151,1091,0.047619047619047616
152,62,0.09090909090909091
152,105,0.09090909090909091
152,121,0.09090909090909091
152,141,0.09090909090909091
152,361,0.09090909090909091
152,383,0.09090909090909091
152,529,0.09090909090909091
152,560,0.09090909090909091
152,803,0.09090909090909091
152,807,0.09090909090909091
152,950,0.09090909090909091
153,64,0.07692307692307693
153,112,0.07692307692307693
153,197,0.07692307692307693
153,371,0.07692307692307693
153,423,0.07692307692307693
153,432,0.07692307692307693
153,641,0.07692307692307693
153,663,0.07692307692307693
153,681,0.07692307692307693
153,698,0.07692307692307693
153,1050,0.07692307692307693
153,1110,0.07692307692307693
153,1165,0.07692307692307693
154,499,0.25
154,665,0.25
154,861,0.25
154,997,0.25
158,134,0.3333333333333333
158,707,0.3333333333333333
158,906,0.3333333333333333
159,27,0.0625
159,46,0.0625
159,354,0.0625
159,488,0.0625
159,490,0.0625
159,566,0.0625
159,607,0.0625
159,704,0.0625
159,708,0.0625
159,726,0.0625
159,788,0.0625
159,799,0.0625
159,961,0.0625
159,997,0.0625
159,1080,0.0625
159,1087,0.0625
160,19,0.2
160,154,0.2
160,310,0.2
160,499,0.2
160,631,0.2
171,34,0.019230769230769232
171,58,0.019230769230769232
171,81,0.019230769230769232
171,140,0.019230769230769232
171,170,0.019230769230769232
171,178,0.019230769230769232
171,184,0.019230769230769232
171,194,0.019230769230769232
171,209,0.019230769230769232
171,212,0.019230769230769232
171,252,0.019230769230769232
171,337,0.019230769230769232
171,340,0.019230769230769232
171,350,0.019230769230769232
171,408,0.019230769230769232
171,442,0.019230769230769232
171,468,0.019230769230769232
171,492,0.019230769230769232
171,505,0.019230769230769232
171,519,0.019230769230769232
171,523,0.019230769230769232
171,561,0.019230769230769232
171,574,0.019230769230769232
171,593,0.019230769230769232
171,651,0.019230769230769232
171,672,0.019230769230769232
171,760,0.019230769230769232
171,787,0.019230769230769232
171,816,0.019230769230769232
171,822,0.019230769230769232
171,826,0.019230769230769232
171,879,0.019230769230769232
171,913,0.019230769230769232
171,919,0.019230769230769232
171,944,0.019230769230769232
171,959,0.019230769230769232
171,978,0.019230769230769232
171,1009,0.019230769230769232
171,1011,0.019230769230769232
171,1012,0.019230769230769232
171,1013,0.019230769230769232
171,1034,0.019230769230769232
171,1048,0.019230769230769232
171,1057,0.019230769230769232
171,1074,0.019230769230769232
171,1109,0.019230769230769232
171,1123,0.019230769230769232
171,1125,0.019230769230769232
171,1128,0.019230769230769232
171,1133,0.019230769230769232
171,1154,0.019230769230769232
171,1164,0.019230769230769232
172,36,0.1
172,135,0.1
172,143,0.1
172,459,0.1
172,554,0.1
172,684,0.1
172,778,0.1
172,808,0.1
172,1048,0.1
172,1174,0.1
173,643,1.0
176,4,0.02857142857142857
176,10,0.02857142857142857
176,64,0.02857142857142857
176,82,0.02857142857142857
176,96,0.02857142857142857
176,112,0.02857142857142857
176,153,0.02857142857142857
176,171,0.02857142857142857
176,206,0.02857142857142857
176,241,0.02857142857142857
176,256,0.02857142857142857
176,276,0.02857142857142857
176,369,0.02857142857142857
176,412,0.02857142857142857
176,422,0.02857142857142857
176,423,0.02857142857142857
176,432,0.02857142857142857
176,567,0.02857142857142857
176,641,0.02857142857142857
176,646,0.02857142857142857
176,663,0.02857142857142857
176,698,0.02857142857142857
176,768,0.02857142857142857
176,786,0.02857142857142857
176,826,0.02857142857142857
176,827,0.02857142857142857
176,851,0.02857142857142857
176,853,0.02857142857142857
176,873,0.02857142857142857
176,923,0.02857142857142857
176,1017,0.02857142857142857
176,1050,0.02857142857142857
176,1110,0.02857142857142857
176,1165,0.02857142857142857
176,1166,0.02857142857142857
178,81,0.029411764705882353
178,170,0.029411764705882353
178,184,0.029411764705882353
178,209,0.029411764705882353
178,212,0.029411764705882353
178,337,0.029411764705882353
178,350,0.029411764705882353
178,468,0.029411764705882353
178,492,0.029411764705882353
178,505,0.029411764705882353
178,523,0.029411764705882353
178,561,0.029411764705882353
178,574,0.029411764705882353
178,651,0.029411764705882353
178,760,0.029411764705882353
178,822,0.029411764705882353
178,826,0.029411764705882353
178,879,0.029411764705882353
178,913,0.029411764705882353
178,919,0.029411764705882353
178,944,0.029411764705882353
178,959,0.029411764705882353
178,978,0.029411764705882353
178,1009,0.029411764705882353
178,1011,0.029411764705882353
178,1012,0.029411764705882353
178,1013,0.029411764705882353
178,1048,0.029411764705882353
178,1057,0.029411764705882353
178,1123,0.029411764705882353
178,1125,0.029411764705882353
178,1128,0.029411764705882353
178,1154,0.029411764705882353
178,1164,0.029411764705882353
179,613,0.5
179,1024,0.5
182,74,0.14285714285714285
182,179,0.14285714285714285
182,409,0.14285714285714285
182,483,0.14285714285714285
182,649,0.14285714285714285
182,761,0.14285714285714285
182,883,0.14285714285714285
186,125,0.125
186,282,0.125
186,576,0.125
186,582,0.125
186,604,0.125
186,621,0.125
186,838,0.125
186,1104,0.125
188,191,0.1
188,221,0.1
188,302,0.1
188,323,0.1
188,372,0.1
188,494,0.1
188,517,0.1
188,609,0.1
188,996,0.1
188,1109,0.1
189,76,0.25
189,802,0.25
189,855,0.25
189,1016,0.25
190,62,0.1
190,121,0.1
190,141,0.1
190,152,0.1
190,321,0.1
190,383,0.1
190,513,0.1
190,560,0.1
190,646,0.1
190,950,0.1
191,10,0.1111111111111111
191,120,0.1111111111111111
191,315,0.1111111111111111
191,329,0.1111111111111111
191,358,0.1111111111111111
191,758,0.1111111111111111
191,830,0.1111111111111111
191,860,0.1111111111111111
191,1163,0.1111111111111111
192,16,0.3333333333333333
192,42,0.3333333333333333
192,261,0.3333333333333333
193,22,0.1111111111111111
193,435,0.1111111111111111
193,583,0.1111111111111111
193,585,0.1111111111111111
193,592,0.1111111111111111
193,600,0.1111111111111111
193,718,0.1111111111111111
193,980,0.1111111111111111
193,1042,0.1111111111111111
194,36,0.027777777777777776
194,76,0.027777777777777776
194,135,0.027777777777777776
194,143,0.027777777777777776
194,172,0.027777777777777776
194,189,0.027777777777777776
194,212,0.027777777777777776
194,350,0.027777777777777776
194,459,0.027777777777777776
194,478,0.027777777777777776
194,511,0.027777777777777776
194,528,0.027777777777777776
194,557,0.027777777777777776
194,574,0.027777777777777776
194,606,0.027777777777777776
194,629,0.027777777777777776
194,651,0.027777777777777776
194,684,0.027777777777777776
194,719,0.027777777777777776
194,760,0.027777777777777776
194,778,0.027777777777777776
194,808,0.027777777777777776
194,822,0.027777777777777776
194,855,0.027777777777777776
194,857,0.027777777777777776
194,879,0.027777777777777776
194,904,0.027777777777777776
194,968,0.027777777777777776
194,983,0.027777777777777776
194,1016,0.027777777777777776
194,1048,0.027777777777777776
194,1084,0.027777777777777776
194,1123,0.027777777777777776
194,1154,0.027777777777777776
194,1164,0.027777777777777776
194,1171,0.027777777777777776
196,142,0.5
196,342,0.5
199,105,0.14285714285714285
199,147,0.14285714285714285
199,269,0.14285714285714285
199,610,0.14285714285714285
199,871,0.14285714285714285
199,1066,0.14285714285714285
199,1145,0.14285714285714285
202,413,0.2
202,524,0.2
202,592,0.2
202,706,0.2
202,1061,0.2
203,1086,0.5
203,1143,0.5
204,763,0.3333333333333333
204,980,0.3333333333333333
204,1152,0.3333333333333333
206,64,0.029411764705882353
206,82,0.029411764705882353
206,96,0.029411764705882353
206,112,0.029411764705882353
206,153,0.029411764705882353
206,171,0.029411764705882353
206,179,0.029411764705882353
206,182,0.029411764705882353
206,241,0.029411764705882353
206,297,0.029411764705882353
206,369,0.029411764705882353
206,409,0.029411764705882353
206,423,0.029411764705882353
206,432,0.029411764705882353
206,483,0.029411764705882353
206,641,0.029411764705882353
206,646,0.029411764705882353
206,649,0.029411764705882353
206,663,0.029411764705882353
206,698,0.029411764705882353
206,761,0.029411764705882353
206,768,0.029411764705882353
206,826,0.029411764705882353
206,853,0.029411764705882353
206,873,0.029411764705882353
206,883,0.029411764705882353
206,923,0.029411764705882353
206,1017,0.029411764705882353
206,1050,0.029411764705882353
206,1110,0.029411764705882353
206,1114,0.029411764705882353
206,1129,0.029411764705882353
206,1165,0.029411764705882353
206,1166,0.029411764705882353
208,1105,1.0
209,167,0.25
209,264,0.25
209,437,0.25
209,1128,0.25
211,60,0.125
211,123,0.125
211,247,0.125
211,266,0.125
211,313,0.125
211,444,0.125
211,803,0.125
211,1066,0.125
212,91,0.09090909090909091
212,114,0.09090909090909091
212,719,0.09090909090909091
212,756,0.09090909090909091
212,760,0.09090909090909091
212,804,0.09090909090909091
212,811,0.09090909090909091
212,882,0.09090909090909091
212,907,0.09090909090909091
212,1068,0.09090909090909091
212,1095,0.09090909090909091
213,56,1.0
214,337,1.0
216,393,0.25
216,518,0.25
216,800,0.25
216,1067,0.25
218,383,0.2
218,384,0.2
218,421,0.2
218,643,0.2
218,727,0.2
219,167,0.125
219,427,0.125
219,724,0.125
219,834,0.125
219,900,0.125
219,910,0.125
219,918,0.125
219,1090,0.125
222,83,0.25
222,565,0.25
222,1099,0.25
222,1108,0.25
224,4,0.015151515151515152
224,9,0.015151515151515152
224,10,0.015151515151515152
224,42,0.015151515151515152
224,62,0.015151515151515152
224,64,0.015151515151515152
224,77,0.015151515151515152
224,82,0.015151515151515152
224,96,0.015151515151515152
224,112,0.015151515151515152
224,124,0.015151515151515152
224,141,0.015151515151515152
224,152,0.015151515151515152
224,153,0.015151515151515152
224,171,0.015151515151515152
224,174,0.015151515151515152
224,176,0.015151515151515152
224,192,0.015151515151515152
224,206,0.015151515151515152
224,241,0.015151515151515152
224,252,0.015151515151515152
224,256,0.015151515151515152
224,261,0.015151515151515152
224,268,0.015151515151515152
224,297,0.015151515151515152
224,338,0.015151515151515152
224,344,0.015151515151515152
224,369,0.015151515151515152
224,422,0.015151515151515152
224,423,0.015151515151515152
224,432,0.015151515151515152
224,443,0.015151515151515152
224,455,0.015151515151515152
224,463,0.015151515151515152
224,504,0.015151515151515152
224,513,0.015151515151515152
224,535,0.015151515151515152
224,562,0.015151515151515152
224,567,0.015151515151515152
224,587,0.015151515151515152
224,622,0.015151515151515152
224,641,0.015151515151515152
224,646,0.015151515151515152
224,663,0.015151515151515152
224,698,0.015151515151515152
224,733,0.015151515151515152
224,768,0.015151515151515152
224,824,0.015151515151515152
224,826,0.015151515151515152
224,827,0.015151515151515152
224,846,0.015151515151515152
224,851,0.015151515151515152
224,853,0.015151515151515152
224,856,0.015151515151515152
224,873,0.015151515151515152
224,876,0.015151515151515152
224,887,0.015151515151515152
224,894,0.015151515151515152
224,923,0.015151515151515152
224,1017,0.015151515151515152
224,1050,0.015151515151515152
224,1051,0.015151515151515152
224,1102,0.015151515151515152
224,1110,0.015151515151515152
224,1165,0.015151515151515152
224,1166,0.015151515151515152
241,64,0.04
241,82,0.04
241,96,0.04
241,112,0.04
241,153,0.04
241,171,0.04
241,276,0.04
241,369,0.04
241,408,0.04
241,423,0.04
241,432,0.04
241,641,0.04
241,646,0.04
241,663,0.04
241,698,0.04
241,768,0.04
241,826,0.04
241,853,0.04
241,873,0.04
241,923,0.04
241,1017,0.04
241,1050,0.04
241,1110,0.04
241,1165,0.04
241,1166,0.04
242,33,1.0
244,4,0.024390243902439025
244,10,0.024390243902439025
244,64,0.024390243902439025
244,82,0.024390243902439025
244,96,0.024390243902439025
244,112,0.024390243902439025
244,153,0.024390243902439025
244,171,0.024390243902439025
244,176,0.024390243902439025
244,206,0.024390243902439025
244,224,0.024390243902439025
244,241,0.024390243902439025
244,256,0.024390243902439025
244,276,0.024390243902439025
244,369,0.024390243902439025
244,422,0.024390243902439025
244,423,0.024390243902439025
244,432,0.024390243902439025
244,455,0.024390243902439025
244,482,0.024390243902439025
244,567,0.024390243902439025
244,641,0.024390243902439025
244,646,0.024390243902439025
244,663,0.024390243902439025
244,698,0.024390243902439025
244,701,0.024390243902439025
244,768,0.024390243902439025
244,826,0.024390243902439025
244,827,0.024390243902439025
244,828,0.024390243902439025
244,851,0.024390243902439025
244,853,0.024390243902439025
244,873,0.024390243902439025
244,923,0.024390243902439025
244,954,0.024390243902439025
244,1014,0.024390243902439025
244,1017,0.024390243902439025
244,1050,0.024390243902439025
244,1110,0.024390243902439025
244,1165,0.024390243902439025
244,1166,0.024390243902439025
245,413,0.2
245,475,0.2
245,524,0.2
245,592,0.2
245,706,0.2
246,328,0.5
246,627,0.5
247,908,0.5
247,1095,0.5
248,730,1.0
252,23,0.038461538461538464
252,101,0.038461538461538464
252,287,0.038461538461538464
252,382,0.038461538461538464
252,443,0.038461538461538464
252,470,0.038461538461538464
252,504,0.038461538461538464
252,535,0.038461538461538464
252,587,0.038461538461538464
252,589,0.038461538461538464
252,636,0.038461538461538464
252,637,0.038461538461538464
252,770,0.038461538461538464
252,773,0.038461538461538464
252,798,0.038461538461538464
252,824,0.038461538461538464
252,846,0.038461538461538464
252,876,0.038461538461538464
252,941,0.038461538461538464
252,948,0.038461538461538464
252,981,0.038461538461538464
252,1051,0.038461538461538464
252,1055,0.038461538461538464
252,1102,0.038461538461538464
252,1106,0.038461538461538464
252,1155,0.038461538461538464
255,304,0.3333333333333333
255,365,0.3333333333333333
255,619,0.3333333333333333
256,10,0.029411764705882353
256,64,0.029411764705882353
256,82,0.029411764705882353
256,96,0.029411764705882353
256,112,0.029411764705882353
256,153,0.029411764705882353
256,171,0.029411764705882353
256,206,0.029411764705882353
256,241,0.029411764705882353
256,369,0.029411764705882353
256,396,0.029411764705882353
256,422,0.029411764705882353
256,423,0.029411764705882353
256,432,0.029411764705882353
256,455,0.029411764705882353
256,567,0.029411764705882353
256,641,0.029411764705882353
256,646,0.029411764705882353
256,663,0.029411764705882353
256,698,0.029411764705882353
256,768,0.029411764705882353
256,812,0.029411764705882353
256,824,0.029411764705882353
256,826,0.029411764705882353
256,827,0.029411764705882353
256,851,0.029411764705882353
256,853,0.029411764705882353
256,873,0.029411764705882353
256,923,0.029411764705882353
256,1017,0.029411764705882353
256,1050,0.029411764705882353
256,1110,0.029411764705882353
256,1165,0.029411764705882353
256,1166,0.029411764705882353
257,445,1.0
261,16,0.5
261,42,0.5
262,12,0.3333333333333333
262,1101,0.3333333333333333
262,1159,0.3333333333333333
263,20,0.1
263,229,0.1
263,332,0.1
263,468,0.1
263,610,0.1
263,618,0.1
263,682,0.1
263,779,0.1
263,942,0.1
263,1081,0.1
265,254,0.25
265,312,0.25
265,399,0.25
265,626,0.25
266,970,0.5
266,976,0.5
268,266,0.25
268,788,0.25
268,856,0.25
268,997,0.25
271,525,1.0
272,36,0.03225806451612903
272,59,0.03225806451612903
272,135,0.03225806451612903
272,143,0.03225806451612903
272,150,0.03225806451612903
272,172,0.03225806451612903
272,212,0.03225806451612903
272,350,0.03225806451612903
272,388,0.03225806451612903
272,459,0.03225806451612903
272,511,0.03225806451612903
272,544,0.03225806451612903
272,557,0.03225806451612903
272,574,0.03225806451612903
272,581,0.03225806451612903
272,629,0.03225806451612903
272,651,0.03225806451612903
272,684,0.03225806451612903
272,719,0.03225806451612903
272,760,0.03225806451612903
272,778,0.03225806451612903
272,808,0.03225806451612903
272,822,0.03225806451612903
272,824,0.03225806451612903
272,879,0.03225806451612903
272,1041,0.03225806451612903
272,1048,0.03225806451612903
272,1123,0.03225806451612903
272,1154,0.03225806451612903
272,1158,0.03225806451612903
272,1164,0.03225806451612903
273,56,0.08333333333333333
273,98,0.08333333333333333
273,370,0.08333333333333333
273,502,0.08333333333333333
273,518,0.08333333333333333
273,580,0.08333333333333333
273,604,0.08333333333333333
273,660,0.08333333333333333
273,737,0.08333333333333333
273,740,0.08333333333333333
273,1067,0.08333333333333333
273,1139,0.08333333333333333
275,135,0.16666666666666666
275,255,0.16666666666666666
275,304,0.16666666666666666
275,545,0.16666666666666666
275,910,0.16666666666666666
275,1038,0.16666666666666666
276,34,0.015873015873015872
276,36,0.015873015873015872
276,58,0.015873015873015872
276,135,0.015873015873015872
276,140,0.015873015873015872
276,143,0.015873015873015872
276,147,0.015873015873015872
276,171,0.015873015873015872
276,172,0.015873015873015872
276,194,0.015873015873015872
276,199,0.015873015873015872
276,212,0.015873015873015872
276,262,0.015873015873015872
276,339,0.015873015873015872
276,340,0.015873015873015872
276,350,0.015873015873015872
276,408,0.015873015873015872
276,433,0.015873015873015872
276,459,0.015873015873015872
276,476,0.015873015873015872
276,491,0.015873015873015872
276,497,0.015873015873015872
276,511,0.015873015873015872
276,519,0.015873015873015872
276,545,0.015873015873015872
276,555,0.015873015873015872
276,557,0.015873015873015872
276,563,0.015873015873015872
276,574,0.015873015873015872
276,588,0.015873015873015872
276,589,0.015873015873015872
276,593,0.015873015873015872
276,627,0.015873015873015872
276,629,0.015873015873015872
276,651,0.015873015873015872
276,672,0.015873015873015872
276,676,0.015873015873015872
276,684,0.015873015873015872
276,719,0.015873015873015872
276,760,0.015873015873015872
276,773,0.015873015873015872
276,777,0.015873015873015872
276,778,0.015873015873015872
276,806,0.015873015873015872
276,808,0.015873015873015872
276,816,0.015873015873015872
276,822,0.015873015873015872
276,831,0.015873015873015872
276,836,0.015873015873015872
276,869,0.015873015873015872
276,879,0.015873015873015872
276,983,0.015873015873015872
276,1034,0.015873015873015872
276,1038,0.015873015873015872
276,1048,0.015873015873015872
276,1084,0.015873015873015872
276,1123,0.015873015873015872
276,1133,0.015873015873015872
276,1145,0.015873015873015872
276,1154,0.015873015873015872
276,1164,0.015873015873015872
276,1167,0.015873015873015872
276,1169,0.015873015873015872
281,277,0.3333333333333333
281,626,0.3333333333333333
281,890,0.3333333333333333
284,48,0.08333333333333333
284,135,0.08333333333333333
284,308,0.08333333333333333
284,393,0.08333333333333333
284,453,0.08333333333333333
284,546,0.08333333333333333
284,601,0.08333333333333333
284,616,0.08333333333333333
284,662,0.08333333333333333
284,769,0.08333333333333333
284,1044,0.08333333333333333
284,1148,0.08333333333333333
286,194,0.07692307692307693
286,388,0.07692307692307693
286,454,0.07692307692307693
286,491,0.07692307692307693
286,544,0.07692307692307693
286,574,0.07692307692307693
286,586,0.07692307692307693
286,598,0.07692307692307693
286,632,0.07692307692307693
286,651,0.07692307692307693
286,661,0.07692307692307693
286,789,0.07692307692307693
286,824,0.07692307692307693
287,612,0.5
287,1084,0.5
290,204,0.5
290,660,0.5
292,4,0.03333333333333333
292,10,0.03333333333333333
292,24,0.03333333333333333
292,61,0.03333333333333333
292,171,0.03333333333333333
292,176,0.03333333333333333
292,206,0.03333333333333333
292,224,0.03333333333333333
292,241,0.03333333333333333
292,244,0.03333333333333333
292,256,0.03333333333333333
292,280,0.03333333333333333
292,348,0.03333333333333333
292,369,0.03333333333333333
292,422,0.03333333333333333
292,428,0.03333333333333333
292,455,0.03333333333333333
292,486,0.03333333333333333
292,567,0.03333333333333333
292,690,0.03333333333333333
292,692,0.03333333333333333
292,701,0.03333333333333333
292,722,0.03333333333333333
292,827,0.03333333333333333
292,851,0.03333333333333333
292,853,0.03333333333333333
292,897,0.03333333333333333
292,973,0.03333333333333333
292,987,0.03333333333333333
292,1109,0.03333333333333333
293,6,0.5
293,869,0.5
294,39,0.25
294,387,0.25
294,474,0.25
294,739,0.25
296,37,0.08333333333333333
296,57,0.08333333333333333
296,309,0.08333333333333333
296,551,0.08333333333333333
296,553,0.08333333333333333
296,562,0.08333333333333333
296,885,0.08333333333333333
296,898,0.08333333333333333
296,935,0.08333333333333333
296,987,0.08333333333333333
296,1083,0.08333333333333333
296,1173,0.08333333333333333
297,67,0.09090909090909091
297,102,0.09090909090909091
297,173,0.09090909090909091
297,626,0.09090909090909091
297,698,0.09090909090909091
297,822,0.09090909090909091
297,869,0.09090909090909091
297,916,0.09090909090909091
297,1110,0.09090909090909091
297,1165,0.09090909090909091
297,1171,0.09090909090909091
298,64,0.029411764705882353
298,82,0.029411764705882353
298,96,0.029411764705882353
298,112,0.029411764705882353
298,134,0.029411764705882353
298,153,0.029411764705882353
298,158,0.029411764705882353
298,179,0.029411764705882353
298,182,0.029411764705882353
298,187,0.029411764705882353
298,409,0.029411764705882353
298,423,0.029411764705882353
298,432,0.029411764705882353
298,483,0.029411764705882353
298,641,0.029411764705882353
298,646,0.029411764705882353
298,649,0.029411764705882353
298,663,0.029411764705882353
298,698,0.029411764705882353
298,707,0.029411764705882353
298,761,0.029411764705882353
298,768,0.029411764705882353
298,821,0.029411764705882353
298,826,0.029411764705882353
298,873,0.029411764705882353
298,883,0.029411764705882353
298,906,0.029411764705882353
298,923,0.029411764705882353
298,1017,0.029411764705882353
298,1050,0.029411764705882353
298,1110,0.029411764705882353
298,1129,0.029411764705882353
298,1165,0.029411764705882353
298,1166,0.029411764705882353
299,52,0.16666666666666666
299,331,0.16666666666666666
299,568,0.16666666666666666
299,610,0.16666666666666666
299,657,0.16666666666666666
299,734,0.16666666666666666
302,64,0.02702702702702703
302,67,0.02702702702702703
302,79,0.02702702702702703
302,82,0.02702702702702703
302,87,0.02702702702702703
302,96,0.02702702702702703
302,108,0.02702702702702703
302,112,0.02702702702702703
302,153,0.02702702702702703
302,171,0.02702702702702703
302,391,0.02702702702702703
302,423,0.02702702702702703
302,432,0.02702702702702703
302,533,0.02702702702702703
302,548,0.02702702702702703
302,588,0.02702702702702703
302,641,0.02702702702702703
302,646,0.02702702702702703
302,663,0.02702702702702703
302,674,0.02702702702702703
302,698,0.02702702702702703
302,768,0.02702702702702703
302,822,0.02702702702702703
302,826,0.02702702702702703
302,863,0.02702702702702703
302,873,0.02702702702702703
302,913,0.02702702702702703
302,923,0.02702702702702703
302,996,0.02702702702702703
302,1017,0.02702702702702703
302,1031,0.02702702702702703
302,1050,0.02702702702702703
302,1110,0.02702702702702703
302,1135,0.02702702702702703
302,1141,0.02702702702702703
302,1165,0.02702702702702703
302,1166,0.02702702702702703
304,274,0.16666666666666666
304,393,0.16666666666666666
304,430,0.16666666666666666
304,570,0.16666666666666666
304,779,0.16666666666666666
304,1001,0.16666666666666666
309,37,0.07142857142857142
309,360,0.07142857142857142
309,385,0.07142857142857142
309,467,0.07142857142857142
309,495,0.07142857142857142
309,553,0.07142857142857142
309,562,0.07142857142857142
309,588,0.07142857142857142
309,809,0.07142857142857142
309,847,0.07142857142857142
309,885,0.07142857142857142
309,932,0.07142857142857142
309,1083,0.07142857142857142
309,1173,0.07142857142857142
313,908,0.5
313,1095,0.5
314,23,0.038461538461538464
314,101,0.038461538461538464
314,287,0.038461538461538464
314,382,0.038461538461538464
314,443,0.038461538461538464
314,470,0.038461538461538464
314,504,0.038461538461538464
314,535,0.038461538461538464
314,587,0.038461538461538464
314,589,0.038461538461538464
314,636,0.038461538461538464
314,637,0.038461538461538464
314,770,0.038461538461538464
314,773,0.038461538461538464
314,798,0.038461538461538464
314,824,0.038461538461538464
314,846,0.038461538461538464
314,876,0.038461538461538464
314,941,0.038461538461538464
314,948,0.038461538461538464
314,981,0.038461538461538464
314,1051,0.038461538461538464
314,1055,0.038461538461538464
314,1102,0.038461538461538464
314,1106,0.038461538461538464
314,1155,0.038461538461538464
315,194,0.16666666666666666
315,286,0.16666666666666666
315,408,0.16666666666666666
315,447,0.16666666666666666
315,651,0.16666666666666666
315,824,0.16666666666666666
318,731,1.0
319,922,1.0
321,220,1.0
323,302,0.08333333333333333
323,372,0.08333333333333333
323,517,0.08333333333333333
323,598,0.08333333333333333
323,738,0.08333333333333333
323,916,0.08333333333333333
323,996,0.08333333333333333
323,1060,0.08333333333333333
323,1096,0.08333333333333333
323,1147,0.08333333333333333
323,1149,0.08333333333333333
323,1171,0.08333333333333333
328,64,0.02857142857142857
328,67,0.02857142857142857
328,79,0.02857142857142857
328,82,0.02857142857142857
328,87,0.02857142857142857
328,96,0.02857142857142857
328,108,0.02857142857142857
328,112,0.02857142857142857
328,153,0.02857142857142857
328,391,0.02857142857142857
328,423,0.02857142857142857
328,432,0.02857142857142857
328,533,0.02857142857142857
328,548,0.02857142857142857
328,588,0.02857142857142857
328,641,0.02857142857142857
328,646,0.02857142857142857
328,663,0.02857142857142857
328,674,0.02857142857142857
328,698,0.02857142857142857
328,768,0.02857142857142857
328,822,0.02857142857142857
328,826,0.02857142857142857
328,863,0.02857142857142857
328,873,0.02857142857142857
328,913,0.02857142857142857
328,923,0.02857142857142857
328,1017,0.02857142857142857
328,1031,0.02857142857142857
328,1050,0.02857142857142857
328,1110,0.02857142857142857
328,1135,0.02857142857142857
328,1141,0.02857142857142857
328,1165,0.02857142857142857
328,1166,0.02857142857142857
329,10,0.07692307692307693
329,83,0.07692307692307693
329,96,0.07692307692307693
329,120,0.07692307692307693
329,395,0.07692307692307693
329,402,0.07692307692307693
329,482,0.07692307692307693
329,588,0.07692307692307693
329,738,0.07692307692307693
329,755,0.07692307692307693
329,823,0.07692307692307693
329,1141,0.07692307692307693
329,1163,0.07692307692307693
335,443,0.5
335,552,0.5
336,245,0.125
336,413,0.125
336,475,0.125
336,506,0.125
336,524,0.125
336,592,0.125
336,735,0.125
336,1056,0.125
337,570,0.3333333333333333
337,614,0.3333333333333333
337,679,0.3333333333333333
338,16,0.3333333333333333
338,42,0.3333333333333333
338,261,0.3333333333333333
339,36,0.07692307692307693
339,143,0.07692307692307693
339,147,0.07692307692307693
339,262,0.07692307692307693
339,459,0.07692307692307693
339,563,0.07692307692307693
339,684,0.07692307692307693
339,778,0.07692307692307693
339,806,0.07692307692307693
339,808,0.07692307692307693
339,836,0.07692307692307693
339,1038,0.07692307692307693
339,1048,0.07692307692307693
340,58,0.045454545454545456
340,194,0.045454545454545456
340,212,0.045454545454545456
340,350,0.045454545454545456
340,497,0.045454545454545456
340,574,0.045454545454545456
340,578,0.045454545454545456
340,593,0.045454545454545456
340,595,0.045454545454545456
340,651,0.045454545454545456
340,670,0.045454545454545456
340,760,0.045454545454545456
340,807,0.045454545454545456
340,822,0.045454545454545456
340,828,0.045454545454545456
340,878,0.045454545454545456
340,879,0.045454545454545456
340,1048,0.045454545454545456
340,1123,0.045454545454545456
340,1133,0.045454545454545456
340,1154,0.045454545454545456
340,1164,0.045454545454545456
342,617,1.0
344,9,0.0625
344,42,0.0625
344,124,0.0625
344,174,0.0625
344,192,0.0625
344,261,0.0625
344,268,0.0625
344,338,0.0625
344,463,0.0625
344,733,0.0625
344,846,0.0625
344,856,0.0625
344,876,0.0625
344,887,0.0625
344,1051,0.0625
344,1102,0.0625
348,4,0.024390243902439025
348,10,0.024390243902439025
348,64,0.024390243902439025
348,82,0.024390243902439025
348,96,0.024390243902439025
348,112,0.024390243902439025
348,153,0.024390243902439025
348,171,0.024390243902439025
348,176,0.024390243902439025
348,206,0.024390243902439025
348,224,0.024390243902439025
348,241,0.024390243902439025
348,244,0.024390243902439025
348,256,0.024390243902439025
348,369,0.024390243902439025
348,422,0.024390243902439025
348,423,0.024390243902439025
348,432,0.024390243902439025
348,439,0.024390243902439025
348,455,0.024390243902439025
348,567,0.024390243902439025
348,641,0.024390243902439025
348,646,0.024390243902439025
348,647,0.024390243902439025
348,663,0.024390243902439025
348,698,0.024390243902439025
348,700,0.024390243902439025
348,701,0.024390243902439025
348,768,0.024390243902439025
348,826,0.024390243902439025
348,827,0.024390243902439025
348,851,0.024390243902439025
348,853,0.024390243902439025
348,873,0.024390243902439025
348,923,0.024390243902439025
348,1017,0.024390243902439025
348,1035,0.024390243902439025
348,1050,0.024390243902439025
348,1110,0.024390243902439025
348,1165,0.024390243902439025
348,1166,0.024390243902439025
349,249,0.125
349,393,0.125
349,497,0.125
349,603,0.125
349,721,0.125
349,808,0.125
349,957,0.125
349,1099,0.125
350,563,0.5
350,1065,0.5
358,685,1.0
359,20,0.1111111111111111
359,35,0.1111111111111111
359,80,0.1111111111111111
359,85,0.1111111111111111
359,147,0.1111111111111111
359,155,0.1111111111111111
359,233,0.1111111111111111
359,950,0.1111111111111111
359,1018,0.1111111111111111
360,157,0.1
360,173,0.1
360,181,0.1
360,385,0.1
360,618,0.1
360,635,0.1
360,757,0.1
360,809,0.1
360,980,0.1
360,998,0.1
369,64,0.03125
369,82,0.03125
369,96,0.03125
369,112,0.03125
369,153,0.03125
369,171,0.03125
369,214,0.03125
369,297,0.03125
369,371,0.03125
369,423,0.03125
369,432,0.03125
369,622,0.03125
369,641,0.03125
369,646,0.03125
369,663,0.03125
369,681,0.03125
369,698,0.03125
369,768,0.03125
369,787,0.03125
369,814,0.03125
369,826,0.03125
369,865,0.03125
369,873,0.03125
369,875,0.03125
369,923,0.03125
369,1017,0.03125
369,1021,0.03125
369,1028,0.03125
369,1050,0.03125
369,1110,0.03125
369,1165,0.03125
369,1166,0.03125
370,763,0.5
370,971,0.5
371,304,0.5
371,1062,0.5
372,83,0.14285714285714285
372,96,0.14285714285714285
372,315,0.14285714285714285
372,738,0.14285714285714285
372,758,0.14285714285714285
372,823,0.14285714285714285
372,1141,0.14285714285714285
373,219,1.0
377,27,1.0
378,487,0.5
378,534,0.5
381,10,0.038461538461538464
381,83,0.038461538461538464
381,96,0.038461538461538464
381,120,0.038461538461538464
381,252,0.038461538461538464
381,329,0.038461538461538464
381,335,0.038461538461538464
381,416,0.038461538461538464
381,443,0.038461538461538464
381,495,0.038461538461538464
381,500,0.038461538461538464
381,517,0.038461538461538464
381,552,0.038461538461538464
381,656,0.038461538461538464
381,701,0.038461538461538464
381,738,0.038461538461538464
381,774,0.038461538461538464
381,776,0.038461538461538464
381,785,0.038461538461538464
381,823,0.038461538461538464
381,1006,0.038461538461538464
381,1109,0.038461538461538464
381,1132,0.038461538461538464
381,1141,0.038461538461538464
381,1151,0.038461538461538464
381,1163,0.038461538461538464
382,3,0.07142857142857142
382,20,0.07142857142857142
382,23,0.07142857142857142
382,85,0.07142857142857142
382,101,0.07142857142857142
382,147,0.07142857142857142
382,287,0.07142857142857142
382,589,0.07142857142857142
382,636,0.07142857142857142
382,637,0.07142857142857142
382,770,0.07142857142857142
382,950,0.07142857142857142
382,1018,0.07142857142857142
382,1072,0.07142857142857142
383,44,0.125
383,148,0.125
383,322,0.125
383,389,0.125
383,556,0.125
383,667,0.125
383,1007,0.125
383,1008,0.125
385,355,0.14285714285714285
385,393,0.14285714285714285
385,716,0.14285714285714285
385,831,0.14285714285714285
385,881,0.14285714285714285
385,970,0.14285714285714285
385,1113,0.14285714285714285
387,167,0.3333333333333333
387,264,0.3333333333333333
387,437,0.3333333333333333
388,175,1.0
391,79,0.058823529411764705
391,147,0.058823529411764705
391,199,0.058823529411764705
391,319,0.058823529411764705
391,529,0.058823529411764705
391,588,0.058823529411764705
391,589,0.058823529411764705
391,620,0.058823529411764705
391,710,0.058823529411764705
391,773,0.058823529411764705
391,859,0.058823529411764705
391,863,0.058823529411764705
391,1004,0.058823529411764705
391,1012,0.058823529411764705
391,1120,0.058823529411764705
391,1130,0.058823529411764705
391,1145,0.058823529411764705
392,17,0.034482758620689655
392,56,0.034482758620689655
392,161,0.034482758620689655
392,185,0.034482758620689655
392,213,0.034482758620689655
392,289,0.034482758620689655
392,353,0.034482758620689655
392,356,0.034482758620689655
392,390,0.034482758620689655
392,400,0.034482758620689655
392,404,0.034482758620689655
392,560,0.034482758620689655
392,568,0.034482758620689655
392,590,0.034482758620689655
392,599,0.034482758620689655
392,628,0.034482758620689655
392,639,0.034482758620689655
392,644,0.034482758620689655
392,709,0.034482758620689655
392,807,0.034482758620689655
392,810,0.034482758620689655
392,819,0.034482758620689655
392,829,0.034482758620689655
392,896,0.034482758620689655
392,946,0.034482758620689655
392,1002,0.034482758620689655
392,1008,0.034482758620689655
392,1023,0.034482758620689655
392,1052,0.034482758620689655
395,13,0.2
395,263,0.2
395,468,0.2
395,980,0.2
395,1066,0.2
401,27,0.058823529411764705
401,46,0.058823529411764705
401,59,0.058823529411764705
401,354,0.058823529411764705
401,488,0.058823529411764705
401,490,0.058823529411764705
401,566,0.058823529411764705
401,607,0.058823529411764705
401,704,0.058823529411764705
401,708,0.058823529411764705
401,726,0.058823529411764705
401,788,0.058823529411764705
401,799,0.058823529411764705
401,961,0.058823529411764705
401,997,0.058823529411764705
401,1080,0.058823529411764705
401,1087,0.058823529411764705
404,86,0.1111111111111111
404,240,0.1111111111111111
404,448,0.1111111111111111
404,518,0.1111111111111111
404,742,0.1111111111111111
404,819,0.1111111111111111
404,946,0.1111111111111111
404,994,0.1111111111111111
404,1067,0.1111111111111111
407,109,0.05263157894736842
407,125,0.05263157894736842
407,130,0.05263157894736842
407,193,0.05263157894736842
407,202,0.05263157894736842
407,245,0.05263157894736842
407,271,0.05263157894736842
407,336,0.05263157894736842
407,413,0.05263157894736842
407,417,0.05263157894736842
407,475,0.05263157894736842
407,506,0.05263157894736842
407,524,0.05263157894736842
407,592,0.05263157894736842
407,706,0.05263157894736842
407,735,0.05263157894736842
407,924,0.05263157894736842
407,974,0.05263157894736842
407,1056,0.05263157894736842
408,36,0.02127659574468085
408,43,0.02127659574468085
408,58,0.02127659574468085
408,135,0.02127659574468085
408,143,0.02127659574468085
408,144,0.02127659574468085
408,159,0.02127659574468085
408,172,0.02127659574468085
408,194,0.02127659574468085
408,212,0.02127659574468085
408,340,0.02127659574468085
408,350,0.02127659574468085
408,434,0.02127659574468085
408,459,0.02127659574468085
408,491,0.02127659574468085
408,511,0.02127659574468085
408,534,0.02127659574468085
408,545,0.02127659574468085
408,557,0.02127659574468085
408,574,0.02127659574468085
408,582,0.02127659574468085
408,593,0.02127659574468085
408,622,0.02127659574468085
408,629,0.02127659574468085
408,639,0.02127659574468085
408,651,0.02127659574468085
408,676,0.02127659574468085
408,684,0.02127659574468085
408,719,0.02127659574468085
408,728,0.02127659574468085
408,760,0.02127659574468085
408,778,0.02127659574468085
408,808,0.02127659574468085
408,822,0.02127659574468085
408,824,0.02127659574468085
408,831,0.02127659574468085
408,832,0.02127659574468085
408,865,0.02127659574468085
408,879,0.02127659574468085
408,1017,0.02127659574468085
408,1019,0.02127659574468085
408,1047,0.02127659574468085
408,1048,0.02127659574468085
408,1123,0.02127659574468085
408,1133,0.02127659574468085
408,1154,0.02127659574468085
408,1164,0.02127659574468085
409,179,0.2
409,483,0.2
409,883,0.2
409,888,0.2
409,979,0.2
411,167,0.3333333333333333
411,264,0.3333333333333333
411,437,0.3333333333333333
412,720,0.5
412,749,0.5
413,493,0.3333333333333333
413,592,0.3333333333333333
413,713,0.3333333333333333
416,489,0.3333333333333333
416,774,0.3333333333333333
416,998,0.3333333333333333
420,105,0.1
420,147,0.1
420,269,0.1
420,484,0.1
420,610,0.1
420,686,0.1
420,871,0.1
420,1066,0.1
420,1096,0.1
420,1145,0.1
422,423,0.25
422,545,0.25
422,698,0.25
422,1165,0.25
423,64,0.1
423,112,0.1
423,432,0.1
423,641,0.1
423,663,0.1
423,698,0.1
423,720,0.1
423,1050,0.1
423,1110,0.1
423,1165,0.1
424,263,0.5
424,534,0.5
428,4,0.03333333333333333
428,10,0.03333333333333333
428,24,0.03333333333333333
428,61,0.03333333333333333
428,171,0.03333333333333333
428,176,0.03333333333333333
428,206,0.03333333333333333
428,224,0.03333333333333333
428,241,0.03333333333333333
428,244,0.03333333333333333
428,256,0.03333333333333333
428,348,0.03333333333333333
428,369,0.03333333333333333
428,422,0.03333333333333333
428,455,0.03333333333333333
428,458,0.03333333333333333
428,486,0.03333333333333333
428,557,0.03333333333333333
428,567,0.03333333333333333
428,622,0.03333333333333333
428,690,0.03333333333333333
428,692,0.03333333333333333
428,701,0.03333333333333333
428,722,0.03333333333333333
428,787,0.03333333333333333
428,827,0.03333333333333333
428,851,0.03333333333333333
428,853,0.03333333333333333
428,897,0.03333333333333333
428,1109,0.03333333333333333
429,377,0.2
429,447,0.2
429,499,0.2
429,626,0.2
429,630,0.2
430,274,0.3333333333333333
430,330,0.3333333333333333
430,779,0.3333333333333333
432,64,0.5
432,663,0.5
434,150,0.25
434,581,0.25
434,1041,0.25
434,1158,0.25
436,50,0.16666666666666666
436,162,0.16666666666666666
436,282,0.16666666666666666
436,604,0.16666666666666666
436,838,0.16666666666666666
436,1104,0.16666666666666666
438,105,0.14285714285714285
438,147,0.14285714285714285
438,269,0.14285714285714285
438,610,0.14285714285714285
438,871,0.14285714285714285
438,1066,0.14285714285714285
438,1145,0.14285714285714285
439,647,0.5
439,1035,0.5
441,67,0.0625
441,102,0.0625
441,173,0.0625
441,450,0.0625
441,626,0.0625
441,627,0.0625
441,698,0.0625
441,822,0.0625
441,865,0.0625
441,869,0.0625
441,875,0.0625
441,916,0.0625
441,933,0.0625
441,1110,0.0625
441,1165,0.0625
441,1171,0.0625
442,34,0.06666666666666667
442,45,0.06666666666666667
442,79,0.06666666666666667
442,108,0.06666666666666667
442,204,0.06666666666666667
442,273,0.06666666666666667
442,290,0.06666666666666667
442,370,0.06666666666666667
442,386,0.06666666666666667
442,468,0.06666666666666667
442,660,0.06666666666666667
442,826,0.06666666666666667
442,955,0.06666666666666667
442,985,0.06666666666666667
442,1014,0.06666666666666667
443,268,0.125
443,362,0.125
443,463,0.125
443,589,0.125
443,856,0.125
443,887,0.125
443,1057,0.125
443,1102,0.125
447,85,0.25
447,325,0.25
447,377,0.25
447,1045,0.25
450,67,0.06666666666666667
450,102,0.06666666666666667
450,173,0.06666666666666667
450,626,0.06666666666666667
450,627,0.06666666666666667
450,698,0.06666666666666667
450,822,0.06666666666666667
450,865,0.06666666666666667
450,869,0.06666666666666667
450,875,0.06666666666666667
450,916,0.06666666666666667
450,933,0.06666666666666667
450,1110,0.06666666666666667
450,1165,0.06666666666666667
450,1171,0.06666666666666667
454,59,0.045454545454545456
454,104,0.045454545454545456
454,160,0.045454545454545456
454,211,0.045454545454545456
454,304,0.045454545454545456
454,388,0.045454545454545456
454,430,0.045454545454545456
454,491,0.045454545454545456
454,523,0.045454545454545456
454,544,0.045454545454545456
454,570,0.045454545454545456
454,574,0.045454545454545456
454,586,0.045454545454545456
454,598,0.045454545454545456
454,632,0.045454545454545456
454,648,0.045454545454545456
454,651,0.045454545454545456
454,661,0.045454545454545456
454,742,0.045454545454545456
454,824,0.045454545454545456
454,909,0.045454545454545456
454,919,0.045454545454545456
455,10,0.03333333333333333
455,64,0.03333333333333333
455,82,0.03333333333333333
455,96,0.03333333333333333
455,112,0.03333333333333333
455,153,0.03333333333333333
455,171,0.03333333333333333
455,206,0.03333333333333333
455,241,0.03333333333333333
455,276,0.03333333333333333
455,369,0.03333333333333333
455,412,0.03333333333333333
455,423,0.03333333333333333
455,432,0.03333333333333333
455,641,0.03333333333333333
455,646,0.03333333333333333
455,663,0.03333333333333333
455,698,0.03333333333333333
455,768,0.03333333333333333
455,786,0.03333333333333333
455,826,0.03333333333333333
455,851,0.03333333333333333
455,853,0.03333333333333333
455,873,0.03333333333333333
455,923,0.03333333333333333
455,1017,0.03333333333333333
455,1050,0.03333333333333333
455,1110,0.03333333333333333
455,1165,0.03333333333333333
455,1166,0.03333333333333333
458,34,0.02857142857142857
458,62,0.02857142857142857
458,67,0.02857142857142857
458,71,0.02857142857142857
458,77,0.02857142857142857
458,79,0.02857142857142857
458,94,0.02857142857142857
458,99,0.02857142857142857
458,121,0.02857142857142857
458,141,0.02857142857142857
458,152,0.02857142857142857
458,190,0.02857142857142857
458,211,0.02857142857142857
458,213,0.02857142857142857
458,273,0.02857142857142857
458,383,0.02857142857142857
458,404,0.02857142857142857
458,442,0.02857142857142857
458,477,0.02857142857142857
458,513,0.02857142857142857
458,559,0.02857142857142857
458,560,0.02857142857142857
458,646,0.02857142857142857
458,694,0.02857142857142857
458,822,0.02857142857142857
458,894,0.02857142857142857
458,925,0.02857142857142857
458,950,0.02857142857142857
458,1017,0.02857142857142857
458,1066,0.02857142857142857
458,1074,0.02857142857142857
458,1125,0.02857142857142857
458,1156,0.02857142857142857
458,1165,0.02857142857142857
458,1168,0.02857142857142857
459,36,0.16666666666666666
459,143,0.16666666666666666
459,684,0.16666666666666666
459,778,0.16666666666666666
459,808,0.16666666666666666
459,1048,0.16666666666666666
463,887,0.5
463,1102,0.5
464,28,0.034482758620689655
464,57,0.034482758620689655
464,61,0.034482758620689655
464,95,0.034482758620689655
464,127,0.034482758620689655
464,188,0.034482758620689655
464,191,0.034482758620689655
464,221,0.034482758620689655
464,246,0.034482758620689655
464,270,0.034482758620689655
464,280,0.034482758620689655
464,292,0.034482758620689655
464,296,0.034482758620689655
464,428,0.034482758620689655
464,512,0.034482758620689655
464,539,0.034482758620689655
464,543,0.034482758620689655
464,609,0.034482758620689655
464,655,0.034482758620689655
464,690,0.034482758620689655
464,858,0.034482758620689655
464,886,0.034482758620689655
464,902,0.034482758620689655
464,966,0.034482758620689655
464,973,0.034482758620689655
464,987,0.034482758620689655
464,993,0.034482758620689655
464,995,0.034482758620689655
464,1119,0.034482758620689655
468,56,0.1111111111111111
468,98,0.1111111111111111
468,149,0.1111111111111111
468,363,0.1111111111111111
468,448,0.1111111111111111
468,452,0.1111111111111111
468,618,0.1111111111111111
468,917,0.1111111111111111
468,1067,0.1111111111111111
470,52,0.125
470,331,0.125
470,568,0.125
470,610,0.125
470,657,0.125
470,734,0.125
470,905,0.125
470,950,0.125
475,198,0.2
475,413,0.2
475,524,0.2
475,592,0.2
475,607,0.2
476,617,1.0
478,76,0.2
478,189,0.2
478,832,0.2
478,855,0.2
478,1016,0.2
479,959,1.0
482,227,0.1
482,235,0.1
482,284,0.1
482,308,0.1
482,497,0.1
482,703,0.1
482,893,0.1
482,903,0.1
482,947,0.1
482,1077,0.1
483,173,0.3333333333333333
483,257,0.3333333333333333
483,438,0.3333333333333333
484,3,0.16666666666666666
484,164,0.16666666666666666
484,199,0.16666666666666666
484,269,0.16666666666666666
484,811,0.16666666666666666
484,1145,0.16666666666666666
485,529,0.5
485,896,0.5
486,891,1.0
491,0,0.08333333333333333
491,66,0.08333333333333333
491,88,0.08333333333333333
491,199,0.08333333333333333
491,534,0.08333333333333333
491,588,0.08333333333333333
491,595,0.08333333333333333
491,661,0.08333333333333333
491,686,0.08333333333333333
491,746,0.08333333333333333
491,766,0.08333333333333333
491,1072,0.08333333333333333
494,654,0.5
494,738,0.5
495,335,0.16666666666666666
495,416,0.16666666666666666
495,443,0.16666666666666666
495,552,0.16666666666666666
495,774,0.16666666666666666
495,1132,0.16666666666666666
497,103,0.07692307692307693
497,115,0.07692307692307693
497,210,0.07692307692307693
497,253,0.07692307692307693
497,570,0.07692307692307693
497,582,0.07692307692307693
497,667,0.07692307692307693
497,754,0.07692307692307693
497,953,0.07692307692307693
497,965,0.07692307692307693
497,1012,0.07692307692307693
497,1048,0.07692307692307693
497,1140,0.07692307692307693
501,48,0.09090909090909091
501,308,0.09090909090909091
501,393,0.09090909090909091
501,453,0.09090909090909091
501,546,0.09090909090909091
501,601,0.09090909090909091
501,616,0.09090909090909091
501,662,0.09090909090909091
501,769,0.09090909090909091
501,1044,0.09090909090909091
501,1148,0.09090909090909091
504,299,0.16666666666666666
504,535,0.16666666666666666
504,846,0.16666666666666666
504,876,0.16666666666666666
504,1051,0.16666666666666666
504,1102,0.16666666666666666
506,245,0.1
506,413,0.1
506,475,0.1
506,524,0.1
506,578,0.1
506,592,0.1
506,706,0.1
506,718,0.1
506,1056,0.1
506,1106,0.1
507,9,0.03225806451612903
507,64,0.03225806451612903
507,82,0.03225806451612903
507,96,0.03225806451612903
507,112,0.03225806451612903
507,113,0.03225806451612903
507,153,0.03225806451612903
507,171,0.03225806451612903
507,173,0.03225806451612903
507,257,0.03225806451612903
507,298,0.03225806451612903
507,423,0.03225806451612903
507,432,0.03225806451612903
507,438,0.03225806451612903
507,632,0.03225806451612903
507,641,0.03225806451612903
507,646,0.03225806451612903
507,663,0.03225806451612903
507,698,0.03225806451612903
507,768,0.03225806451612903
507,822,0.03225806451612903
507,826,0.03225806451612903
507,856,0.03225806451612903
507,873,0.03225806451612903
507,923,0.03225806451612903
507,1017,0.03225806451612903
507,1050,0.03225806451612903
507,1098,0.03225806451612903
507,1110,0.03225806451612903
507,1165,0.03225806451612903
507,1166,0.03225806451612903
511,8,0.058823529411764705
511,34,0.058823529411764705
511,36,0.058823529411764705
511,88,0.058823529411764705
511,135,0.058823529411764705
511,143,0.058823529411764705
511,172,0.058823529411764705
511,459,0.058823529411764705
511,557,0.058823529411764705
511,629,0.058823529411764705
511,651,0.058823529411764705
511,684,0.058823529411764705
511,719,0.058823529411764705
511,778,0.058823529411764705
511,808,0.058823529411764705
511,879,0.058823529411764705
511,1048,0.058823529411764705
512,4,0.045454545454545456
512,57,0.045454545454545456
512,61,0.045454545454545456
512,270,0.045454545454545456
512,276,0.045454545454545456
512,280,0.045454545454545456
512,292,0.045454545454545456
512,539,0.045454545454545456
512,543,0.045454545454545456
512,609,0.045454545454545456
512,655,0.045454545454545456
512,690,0.045454545454545456
512,805,0.045454545454545456
512,827,0.045454545454545456
512,867,0.045454545454545456
512,886,0.045454545454545456
512,973,0.045454545454545456
512,987,0.045454545454545456
512,988,0.045454545454545456
512,995,0.045454545454545456
512,1098,0.045454545454545456
512,1119,0.045454545454545456
513,62,0.0625
513,112,0.0625
513,121,0.0625
513,141,0.0625
513,152,0.0625
513,383,0.0625
513,386,0.0625
513,560,0.0625
513,646,0.0625
513,943,0.0625
513,950,0.0625
513,951,0.0625
513,990,0.0625
513,994,0.0625
513,1007,0.0625
513,1165,0.0625
517,231,0.06666666666666667
517,318,0.06666666666666667
517,335,0.06666666666666667
517,416,0.06666666666666667
517,443,0.06666666666666667
517,495,0.06666666666666667
517,552,0.06666666666666667
517,656,0.06666666666666667
517,774,0.06666666666666667
517,785,0.06666666666666667
517,842,0.06666666666666667
517,864,0.06666666666666667
517,894,0.06666666666666667
517,996,0.06666666666666667
517,1132,0.06666666666666667
519,58,0.03571428571428571
519,140,0.03571428571428571
519,142,0.03571428571428571
519,171,0.03571428571428571
519,194,0.03571428571428571
519,196,0.03571428571428571
519,212,0.03571428571428571
519,340,0.03571428571428571
519,342,0.03571428571428571
519,350,0.03571428571428571
519,408,0.03571428571428571
519,476,0.03571428571428571
519,482,0.03571428571428571
519,574,0.03571428571428571
519,593,0.03571428571428571
519,651,0.03571428571428571
519,719,0.03571428571428571
519,760,0.03571428571428571
519,816,0.03571428571428571
519,822,0.03571428571428571
519,879,0.03571428571428571
519,1034,0.03571428571428571
519,1048,0.03571428571428571
519,1123,0.03571428571428571
519,1133,0.03571428571428571
519,1154,0.03571428571428571
519,1155,0.03571428571428571
519,1164,0.03571428571428571
523,30,0.125
523,304,0.125
523,352,0.125
523,394,0.125
523,430,0.125
523,492,0.125
523,570,0.125
523,919,0.125
524,413,0.25
524,426,0.25
524,592,0.25
524,753,0.25
528,76,0.14285714285714285
528,189,0.14285714285714285
528,478,0.14285714285714285
528,736,0.14285714285714285
528,855,0.14285714285714285
528,857,0.14285714285714285
528,1016,0.14285714285714285
532,1025,1.0
533,122,0.14285714285714285
533,165,0.14285714285714285
533,326,0.14285714285714285
533,643,0.14285714285714285
533,717,0.14285714285714285
533,969,0.14285714285714285
533,1127,0.14285714285714285
534,59,1.0
535,14,0.1111111111111111
535,268,0.1111111111111111
535,293,0.1111111111111111
535,710,0.1111111111111111
535,846,0.1111111111111111
535,876,0.1111111111111111
535,989,0.1111111111111111
535,1051,0.1111111111111111
535,1102,0.1111111111111111
537,378,0.25
537,487,0.25
537,534,0.25
537,781,0.25
539,4,0.034482758620689655
539,57,0.034482758620689655
539,58,0.034482758620689655
539,61,0.034482758620689655
539,140,0.034482758620689655
539,171,0.034482758620689655
539,194,0.034482758620689655
539,276,0.034482758620689655
539,280,0.034482758620689655
539,286,0.034482758620689655
539,292,0.034482758620689655
539,340,0.034482758620689655
539,408,0.034482758620689655
539,454,0.034482758620689655
539,491,0.034482758620689655
539,519,0.034482758620689655
539,543,0.034482758620689655
539,586,0.034482758620689655
539,593,0.034482758620689655
539,632,0.034482758620689655
539,661,0.034482758620689655
539,672,0.034482758620689655
539,690,0.034482758620689655
539,789,0.034482758620689655
539,816,0.034482758620689655
539,973,0.034482758620689655
539,987,0.034482758620689655
539,1034,0.034482758620689655
539,1133,0.034482758620689655
542,960,0.5
542,1154,0.5
543,61,0.09090909090909091
543,224,0.09090909090909091
543,280,0.09090909090909091
543,292,0.09090909090909091
543,690,0.09090909090909091
543,818,0.09090909090909091
543,867,0.09090909090909091
543,973,0.09090909090909091
543,987,0.09090909090909091
543,1098,0.09090909090909091
543,1114,0.09090909090909091
544,388,0.2
544,574,0.2
544,651,0.2
544,719,0.2
544,831,0.2
545,135,0.25
545,719,0.25
545,871,0.25
545,879,0.25
547,58,0.047619047619047616
547,67,0.047619047619047616
547,194,0.047619047619047616
547,212,0.047619047619047616
547,242,0.047619047619047616
547,286,0.047619047619047616
547,350,0.047619047619047616
547,574,0.047619047619047616
547,593,0.047619047619047616
547,651,0.047619047619047616
547,658,0.047619047619047616
547,760,0.047619047619047616
547,822,0.047619047619047616
547,824,0.047619047619047616
547,879,0.047619047619047616
547,1017,0.047619047619047616
547,1048,0.047619047619047616
547,1123,0.047619047619047616
547,1133,0.047619047619047616
547,1154,0.047619047619047616
547,1164,0.047619047619047616
548,924,1.0
551,326,0.16666666666666666
551,577,0.16666666666666666
551,899,0.16666666666666666
551,923,0.16666666666666666
551,926,0.16666666666666666
551,1155,0.16666666666666666
553,126,0.1
553,151,0.1
553,349,0.1
553,588,0.1
553,595,0.1
553,686,0.1
553,738,0.1
553,784,0.1
553,884,0.1
553,1155,0.1
557,36,0.05
557,135,0.05
557,143,0.05
557,153,0.05
557,172,0.05
557,248,0.05
557,459,0.05
557,629,0.05
557,651,0.05
557,684,0.05
557,719,0.05
557,730,0.05
557,778,0.05
557,808,0.05
557,822,0.05
557,879,0.05
557,934,0.05
557,953,0.05
557,1017,0.05
557,1048,0.05
559,62,0.058823529411764705
559,77,0.058823529411764705
559,121,0.058823529411764705
559,141,0.058823529411764705
559,152,0.058823529411764705
559,190,0.058823529411764705
559,213,0.058823529411764705
559,216,0.058823529411764705
559,383,0.058823529411764705
559,513,0.058823529411764705
559,560,0.058823529411764705
559,645,0.058823529411764705
559,646,0.058823529411764705
559,759,0.058823529411764705
559,822,0.058823529411764705
559,950,0.058823529411764705
559,990,0.058823529411764705
560,121,0.2
560,383,0.2
560,709,0.2
560,1067,0.2
560,1156,0.2
561,167,0.25
561,264,0.25
561,437,0.25
561,1128,0.25
562,268,0.1
562,587,0.1
562,666,0.1
562,676,0.1
562,824,0.1
562,856,0.1
562,1075,0.1
562,1102,0.1
562,1126,0.1
562,1175,0.1
563,1090,1.0
565,1099,1.0
567,297,0.25
567,589,0.25
567,824,0.25
567,913,0.25
570,210,0.3333333333333333
570,754,0.3333333333333333
570,1140,0.3333333333333333
574,59,0.1
574,212,0.1
574,324,0.1
574,350,0.1
574,760,0.1
574,879,0.1
574,1048,0.1
574,1123,0.1
574,1154,0.1
574,1164,0.1
577,399,0.3333333333333333
577,610,0.3333333333333333
577,1070,0.3333333333333333
582,1054,0.5
582,1134,0.5
586,36,0.030303030303030304
586,59,0.030303030303030304
586,135,0.030303030303030304
586,143,0.030303030303030304
586,150,0.030303030303030304
586,172,0.030303030303030304
586,212,0.030303030303030304
586,350,0.030303030303030304
586,388,0.030303030303030304
586,459,0.030303030303030304
586,491,0.030303030303030304
586,511,0.030303030303030304
586,544,0.030303030303030304
586,557,0.030303030303030304
586,574,0.030303030303030304
586,581,0.030303030303030304
586,629,0.030303030303030304
586,651,0.030303030303030304
586,661,0.030303030303030304
586,684,0.030303030303030304
586,719,0.030303030303030304
586,760,0.030303030303030304
586,778,0.030303030303030304
586,808,0.030303030303030304
586,822,0.030303030303030304
586,824,0.030303030303030304
586,879,0.030303030303030304
586,1041,0.030303030303030304
586,1048,0.030303030303030304
586,1123,0.030303030303030304
586,1154,0.030303030303030304
586,1158,0.030303030303030304
586,1164,0.030303030303030304
587,268,0.08333333333333333
587,351,0.08333333333333333
587,443,0.08333333333333333
587,463,0.08333333333333333
587,504,0.08333333333333333
587,535,0.08333333333333333
587,846,0.08333333333333333
587,856,0.08333333333333333
587,876,0.08333333333333333
587,887,0.08333333333333333
587,1051,0.08333333333333333
587,1102,0.08333333333333333
588,0,0.047619047619047616
588,20,0.047619047619047616
588,147,0.047619047619047616
588,199,0.047619047619047616
588,229,0.047619047619047616
588,332,0.047619047619047616
588,468,0.047619047619047616
588,589,0.047619047619047616
588,595,0.047619047619047616
588,610,0.047619047619047616
588,618,0.047619047619047616
588,682,0.047619047619047616
588,686,0.047619047619047616
588,746,0.047619047619047616
588,766,0.047619047619047616
588,773,0.047619047619047616
588,779,0.047619047619047616
588,942,0.047619047619047616
588,1072,0.047619047619047616
588,1081,0.047619047619047616
588,1145,0.047619047619047616
589,20,0.05
589,147,0.05
589,199,0.05
589,236,0.05
589,319,0.05
589,362,0.05
589,415,0.05
589,430,0.05
589,446,0.05
589,584,0.05
589,598,0.05
589,620,0.05
589,623,0.05
589,750,0.05
589,765,0.05
589,941,0.05
589,1120,0.05
589,1130,0.05
589,1145,0.05
589,1160,0.05
592,22,0.14285714285714285
592,357,0.14285714285714285
592,435,0.14285714285714285
592,583,0.14285714285714285
592,585,0.14285714285714285
592,600,0.14285714285714285
592,1042,0.14285714285714285
593,36,0.02564102564102564
593,59,0.02564102564102564
593,135,0.02564102564102564
593,143,0.02564102564102564
593,150,0.02564102564102564
593,172,0.02564102564102564
593,194,0.02564102564102564
593,212,0.02564102564102564
593,350,0.02564102564102564
593,388,0.02564102564102564
593,454,0.02564102564102564
593,459,0.02564102564102564
593,491,0.02564102564102564
593,511,0.02564102564102564
593,544,0.02564102564102564
593,557,0.02564102564102564
593,574,0.02564102564102564
593,581,0.02564102564102564
593,586,0.02564102564102564
593,629,0.02564102564102564
593,632,0.02564102564102564
593,651,0.02564102564102564
593,661,0.02564102564102564
593,684,0.02564102564102564
593,719,0.02564102564102564
593,760,0.02564102564102564
593,778,0.02564102564102564
593,789,0.02564102564102564
593,808,0.02564102564102564
593,822,0.02564102564102564
593,824,0.02564102564102564
593,879,0.02564102564102564
593,1041,0.02564102564102564
593,1048,0.02564102564102564
593,1123,0.02564102564102564
593,1133,0.02564102564102564
593,1154,0.02564102564102564
593,1158,0.02564102564102564
593,1164,0.02564102564102564
594,9,0.03333333333333333
594,64,0.03333333333333333
594,82,0.03333333333333333
594,96,0.03333333333333333
594,112,0.03333333333333333
594,113,0.03333333333333333
594,153,0.03333333333333333
594,171,0.03333333333333333
594,173,0.03333333333333333
594,257,0.03333333333333333
594,298,0.03333333333333333
594,423,0.03333333333333333
594,432,0.03333333333333333
594,438,0.03333333333333333
594,632,0.03333333333333333
594,641,0.03333333333333333
594,646,0.03333333333333333
594,663,0.03333333333333333
594,698,0.03333333333333333
594,768,0.03333333333333333
594,822,0.03333333333333333
594,826,0.03333333333333333
594,856,0.03333333333333333
594,873,0.03333333333333333
594,923,0.03333333333333333
594,1017,0.03333333333333333
594,1050,0.03333333333333333
594,1110,0.03333333333333333
594,1165,0.03333333333333333
594,1166,0.03333333333333333
595,0,0.14285714285714285
595,199,0.14285714285714285
595,686,0.14285714285714285
595,743,0.14285714285714285
595,746,0.14285714285714285
595,766,0.14285714285714285
595,881,0.14285714285714285
598,20,0.047619047619047616
598,27,0.047619047619047616
598,49,0.047619047619047616
598,91,0.047619047619047616
598,138,0.047619047619047616
598,180,0.047619047619047616
598,225,0.047619047619047616
598,279,0.047619047619047616
598,304,0.047619047619047616
598,393,0.047619047619047616
598,430,0.047619047619047616
598,447,0.047619047619047616
598,502,0.047619047619047616
598,523,0.047619047619047616
598,570,0.047619047619047616
598,638,0.047619047619047616
598,808,0.047619047619047616
598,910,0.047619047619047616
598,919,0.047619047619047616
598,1134,0.047619047619047616
598,1150,0.047619047619047616
608,305,0.16666666666666666
608,317,0.16666666666666666
608,393,0.16666666666666666
608,718,0.16666666666666666
608,1046,0.16666666666666666
608,1137,0.16666666666666666
609,57,0.047619047619047616
609,58,0.047619047619047616
609,140,0.047619047619047616
609,171,0.047619047619047616
609,194,0.047619047619047616
609,280,0.047619047619047616
609,286,0.047619047619047616
609,340,0.047619047619047616
609,345,0.047619047619047616
609,408,0.047619047619047616
609,441,0.047619047619047616
609,519,0.047619047619047616
609,539,0.047619047619047616
609,547,0.047619047619047616
609,593,0.047619047619047616
609,658,0.047619047619047616
609,672,0.047619047619047616
609,816,0.047619047619047616
609,1034,0.047619047619047616
609,1098,0.047619047619047616
609,1133,0.047619047619047616
619,304,0.5
619,910,0.5
622,62,0.05555555555555555
622,77,0.05555555555555555
622,94,0.05555555555555555
622,99,0.05555555555555555
622,121,0.05555555555555555
622,141,0.05555555555555555
622,152,0.05555555555555555
622,190,0.05555555555555555
622,383,0.05555555555555555
622,513,0.05555555555555555
622,559,0.05555555555555555
622,560,0.05555555555555555
622,646,0.05555555555555555
622,691,0.05555555555555555
622,694,0.05555555555555555
622,894,0.05555555555555555
622,950,0.05555555555555555
622,1165,0.05555555555555555
625,83,0.1
625,96,0.1
625,395,0.1
625,402,0.1
625,482,0.1
625,588,0.1
625,738,0.1
625,755,0.1
625,823,0.1
625,1141,0.1
626,168,0.25
626,451,0.25
626,499,0.25
626,872,0.25
627,79,0.045454545454545456
627,108,0.045454545454545456
627,147,0.045454545454545456
627,200,0.045454545454545456
627,204,0.045454545454545456
627,281,0.045454545454545456
627,290,0.045454545454545456
627,343,0.045454545454545456
627,391,0.045454545454545456
627,442,0.045454545454545456
627,485,0.045454545454545456
627,497,0.045454545454545456
627,588,0.045454545454545456
627,660,0.045454545454545456
627,676,0.045454545454545456
627,710,0.045454545454545456
627,863,0.045454545454545456
627,871,0.045454545454545456
627,985,0.045454545454545456
627,1012,0.045454545454545456
627,1134,0.045454545454545456
627,1145,0.045454545454545456
629,36,0.09090909090909091
629,135,0.09090909090909091
629,143,0.09090909090909091
629,172,0.09090909090909091
629,262,0.09090909090909091
629,459,0.09090909090909091
629,684,0.09090909090909091
629,778,0.09090909090909091
629,808,0.09090909090909091
629,836,0.09090909090909091
629,1048,0.09090909090909091
632,87,0.05555555555555555
632,211,0.05555555555555555
632,304,0.05555555555555555
632,388,0.05555555555555555
632,430,0.05555555555555555
632,491,0.05555555555555555
632,523,0.05555555555555555
632,544,0.05555555555555555
632,570,0.05555555555555555
632,574,0.05555555555555555
632,586,0.05555555555555555
632,598,0.05555555555555555
632,651,0.05555555555555555
632,661,0.05555555555555555
632,824,0.05555555555555555
632,826,0.05555555555555555
632,887,0.05555555555555555
632,919,0.05555555555555555
636,47,0.1111111111111111
636,126,0.1111111111111111
636,266,0.1111111111111111
636,287,0.1111111111111111
636,354,0.1111111111111111
636,612,0.1111111111111111
636,637,0.1111111111111111
636,669,0.1111111111111111
636,1018,0.1111111111111111
637,287,1.0
641,64,0.08333333333333333
641,112,0.08333333333333333
641,432,0.08333333333333333
641,465,0.08333333333333333
641,501,0.08333333333333333
641,663,0.08333333333333333
641,698,0.08333333333333333
641,791,0.08333333333333333
641,824,0.08333333333333333
641,1050,0.08333333333333333
641,1110,0.08333333333333333
641,1165,0.08333333333333333
642,608,0.5
642,1029,0.5
645,324,0.16666666666666666
645,393,0.16666666666666666
645,509,0.16666666666666666
645,1001,0.16666666666666666
645,1007,0.16666666666666666
645,1085,0.16666666666666666
646,62,0.03125
646,64,0.03125
646,82,0.03125
646,96,0.03125
646,112,0.03125
646,121,0.03125
646,141,0.03125
646,152,0.03125
646,153,0.03125
646,383,0.03125
646,423,0.03125
646,425,0.03125
646,432,0.03125
646,501,0.03125
646,560,0.03125
646,582,0.03125
646,641,0.03125
646,662,0.03125
646,663,0.03125
646,698,0.03125
646,768,0.03125
646,826,0.03125
646,839,0.03125
646,873,0.03125
646,878,0.03125
646,923,0.03125
646,950,0.03125
646,1017,0.03125
646,1050,0.03125
646,1110,0.03125
646,1165,0.03125
646,1166,0.03125
647,1,0.3333333333333333
647,488,0.3333333333333333
647,788,0.3333333333333333
648,177,1.0
649,179,0.16666666666666666
649,409,0.16666666666666666
649,483,0.16666666666666666
649,633,0.16666666666666666
649,792,0.16666666666666666
649,883,0.16666666666666666
651,0,0.037037037037037035
651,15,0.037037037037037035
651,25,0.037037037037037035
651,36,0.037037037037037035
651,88,0.037037037037037035
651,135,0.037037037037037035
651,143,0.037037037037037035
651,160,0.037037037037037035
651,172,0.037037037037037035
651,212,0.037037037037037035
651,350,0.037037037037037035
651,378,0.037037037037037035
651,388,0.037037037037037035
651,459,0.037037037037037035
651,534,0.037037037037037035
651,574,0.037037037037037035
651,629,0.037037037037037035
651,684,0.037037037037037035
651,719,0.037037037037037035
651,760,0.037037037037037035
651,778,0.037037037037037035
651,808,0.037037037037037035
651,879,0.037037037037037035
651,1048,0.037037037037037035
651,1123,0.037037037037037035
651,1154,0.037037037037037035
651,1164,0.037037037037037035
654,219,1.0
655,57,0.06666666666666667
655,61,0.06666666666666667
655,276,0.06666666666666667
655,280,0.06666666666666667
655,292,0.06666666666666667
655,428,0.06666666666666667
655,539,0.06666666666666667
655,543,0.06666666666666667
655,594,0.06666666666666667
655,690,0.06666666666666667
655,886,0.06666666666666667
655,973,0.06666666666666667
655,987,0.06666666666666667
655,995,0.06666666666666667
655,1122,0.06666666666666667
656,335,0.09090909090909091
656,416,0.09090909090909091
656,443,0.09090909090909091
656,495,0.09090909090909091
656,552,0.09090909090909091
656,774,0.09090909090909091
656,785,0.09090909090909091
656,854,0.09090909090909091
656,869,0.09090909090909091
656,1058,0.09090909090909091
656,1132,0.09090909090909091
658,36,0.022727272727272728
658,43,0.022727272727272728
658,135,0.022727272727272728
658,143,0.022727272727272728
658,144,0.022727272727272728
658,159,0.022727272727272728
658,172,0.022727272727272728
658,194,0.022727272727272728
658,212,0.022727272727272728
658,350,0.022727272727272728
658,434,0.022727272727272728
658,459,0.022727272727272728
658,491,0.022727272727272728
658,511,0.022727272727272728
658,534,0.022727272727272728
658,545,0.022727272727272728
658,557,0.022727272727272728
658,574,0.022727272727272728
658,582,0.022727272727272728
658,622,0.022727272727272728
658,629,0.022727272727272728
658,639,0.022727272727272728
658,651,0.022727272727272728
658,676,0.022727272727272728
658,684,0.022727272727272728
658,719,0.022727272727272728
658,728,0.022727272727272728
658,760,0.022727272727272728
658,778,0.022727272727272728
658,808,0.022727272727272728
658,822,0.022727272727272728
658,824,0.022727272727272728
658,831,0.022727272727272728
658,832,0.022727272727272728
658,865,0.022727272727272728
658,879,0.022727272727272728
658,1017,0.022727272727272728
658,1019,0.022727272727272728
658,1047,0.022727272727272728
658,1048,0.022727272727272728
658,1123,0.022727272727272728
658,1133,0.022727272727272728
658,1154,0.022727272727272728
658,1164,0.022727272727272728
659,6,0.3333333333333333
659,293,0.3333333333333333
659,869,0.3333333333333333
660,737,0.5
660,1053,0.5
661,15,0.045454545454545456
661,54,0.045454545454545456
661,319,0.045454545454545456
661,373,0.045454545454545456
661,388,0.045454545454545456
661,396,0.045454545454545456
661,459,0.045454545454545456
661,544,0.045454545454545456
661,574,0.045454545454545456
661,651,0.045454545454545456
661,824,0.045454545454545456
661,840,0.045454545454545456
661,874,0.045454545454545456
661,919,0.045454545454545456
661,925,0.045454545454545456
661,927,0.045454545454545456
661,992,0.045454545454545456
661,1059,0.045454545454545456
661,1064,0.045454545454545456
661,1080,0.045454545454545456
661,1142,0.045454545454545456
661,1156,0.045454545454545456
663,9,0.16666666666666666
663,173,0.16666666666666666
663,607,0.16666666666666666
663,822,0.16666666666666666
663,824,0.16666666666666666
663,856,0.16666666666666666
666,1064,1.0
670,255,0.16666666666666666
670,304,0.16666666666666666
670,619,0.16666666666666666
670,687,0.16666666666666666
670,688,0.16666666666666666
670,1039,0.16666666666666666
671,73,0.06666666666666667
671,97,0.06666666666666667
671,375,0.06666666666666667
671,376,0.06666666666666667
671,410,0.06666666666666667
671,418,0.06666666666666667
671,431,0.06666666666666667
671,527,0.06666666666666667
671,605,0.06666666666666667
671,618,0.06666666666666667
671,757,0.06666666666666667
671,841,0.06666666666666667
671,980,0.06666666666666667
671,1066,0.06666666666666667
671,1137,0.06666666666666667
672,58,0.041666666666666664
672,140,0.041666666666666664
672,171,0.041666666666666664
672,194,0.041666666666666664
672,212,0.041666666666666664
672,214,0.041666666666666664
672,340,0.041666666666666664
672,350,0.041666666666666664
672,408,0.041666666666666664
672,519,0.041666666666666664
672,574,0.041666666666666664
672,593,0.041666666666666664
672,651,0.041666666666666664
672,760,0.041666666666666664
672,816,0.041666666666666664
672,822,0.041666666666666664
672,879,0.041666666666666664
672,1034,0.041666666666666664
672,1048,0.041666666666666664
672,1123,0.041666666666666664
672,1133,0.041666666666666664
672,1154,0.041666666666666664
672,1164,0.041666666666666664
672,1175,0.041666666666666664
674,803,1.0
675,91,0.14285714285714285
675,168,0.14285714285714285
675,253,0.14285714285714285
675,308,0.14285714285714285
675,393,0.14285714285714285
675,881,0.14285714285714285
675,905,0.14285714285714285
676,147,0.3333333333333333
676,497,0.3333333333333333
676,1019,0.3333333333333333
677,239,1.0
684,143,0.3333333333333333
684,921,0.3333333333333333
684,1048,0.3333333333333333
685,410,0.1
685,588,0.1
685,784,0.1
685,803,0.1
685,823,0.1
685,846,0.1
685,938,0.1
685,980,0.1
685,984,0.1
685,1096,0.1
686,199,0.25
686,269,0.25
686,610,0.25
686,930,0.25
690,224,0.125
690,252,0.125
690,280,0.125
690,422,0.125
690,504,0.125
690,535,0.125
690,562,0.125
690,587,0.125
691,225,0.5
691,1002,0.5
692,4,0.021739130434782608
692,10,0.021739130434782608
692,14,0.021739130434782608
692,38,0.021739130434782608
692,64,0.021739130434782608
692,82,0.021739130434782608
692,96,0.021739130434782608
692,112,0.021739130434782608
692,153,0.021739130434782608
692,171,0.021739130434782608
692,176,0.021739130434782608
692,206,0.021739130434782608
692,224,0.021739130434782608
692,241,0.021739130434782608
692,244,0.021739130434782608
692,256,0.021739130434782608
692,276,0.021739130434782608
692,293,0.021739130434782608
692,348,0.021739130434782608
692,369,0.021739130434782608
692,422,0.021739130434782608
692,423,0.021739130434782608
692,432,0.021739130434782608
692,455,0.021739130434782608
692,514,0.021739130434782608
692,567,0.021739130434782608
692,588,0.021739130434782608
692,641,0.021739130434782608
692,646,0.021739130434782608
692,663,0.021739130434782608
692,698,0.021739130434782608
692,701,0.021739130434782608
692,738,0.021739130434782608
692,768,0.021739130434782608
692,826,0.021739130434782608
692,827,0.021739130434782608
692,851,0.021739130434782608
692,853,0.021739130434782608
692,873,0.021739130434782608
692,923,0.021739130434782608
692,1017,0.021739130434782608
692,1050,0.021739130434782608
692,1110,0.021739130434782608
692,1141,0.021739130434782608
692,1165,0.021739130434782608
692,1166,0.021739130434782608
694,62,0.07142857142857142
694,77,0.07142857142857142
694,121,0.07142857142857142
694,141,0.07142857142857142
694,152,0.07142857142857142
694,190,0.07142857142857142
694,383,0.07142857142857142
694,513,0.07142857142857142
694,559,0.07142857142857142
694,560,0.07142857142857142
694,646,0.07142857142857142
694,894,0.07142857142857142
694,950,0.07142857142857142
694,1165,0.07142857142857142
695,226,0.16666666666666666
695,461,0.16666666666666666
695,469,0.16666666666666666
695,845,0.16666666666666666
695,962,0.16666666666666666
695,1138,0.16666666666666666
698,18,0.05
698,29,0.05
698,54,0.05
698,64,0.05
698,100,0.05
698,112,0.05
698,143,0.05
698,154,0.05
698,432,0.05
698,482,0.05
698,596,0.05
698,624,0.05
698,663,0.05
698,665,0.05
698,877,0.05
698,997,0.05
698,1022,0.05
698,1110,0.05
698,1165,0.05
698,1171,0.05
700,75,0.058823529411764705
700,393,0.058823529411764705
700,449,0.058823529411764705
700,480,0.058823529411764705
700,575,0.058823529411764705
700,626,0.058823529411764705
700,640,0.058823529411764705
700,734,0.058823529411764705
700,808,0.058823529411764705
700,849,0.058823529411764705
700,881,0.058823529411764705
700,905,0.058823529411764705
700,1089,0.058823529411764705
700,1134,0.058823529411764705
700,1143,0.058823529411764705
700,1155,0.058823529411764705
700,1170,0.058823529411764705
701,1,0.020833333333333332
701,4,0.020833333333333332
701,10,0.020833333333333332
701,62,0.020833333333333332
701,64,0.020833333333333332
701,77,0.020833333333333332
701,82,0.020833333333333332
701,96,0.020833333333333332
701,112,0.020833333333333332
701,141,0.020833333333333332
701,152,0.020833333333333332
701,153,0.020833333333333332
701,171,0.020833333333333332
701,176,0.020833333333333332
701,206,0.020833333333333332
701,218,0.020833333333333332
701,224,0.020833333333333332
701,241,0.020833333333333332
701,256,0.020833333333333332
701,369,0.020833333333333332
701,422,0.020833333333333332
701,423,0.020833333333333332
701,432,0.020833333333333332
701,455,0.020833333333333332
701,458,0.020833333333333332
701,513,0.020833333333333332
701,567,0.020833333333333332
701,622,0.020833333333333332
701,641,0.020833333333333332
701,646,0.020833333333333332
701,663,0.020833333333333332
701,698,0.020833333333333332
701,768,0.020833333333333332
701,826,0.020833333333333332
701,827,0.020833333333333332
701,851,0.020833333333333332
701,853,0.020833333333333332
701,873,0.020833333333333332
701,894,0.020833333333333332
701,923,0.020833333333333332
701,945,0.020833333333333332
701,986,0.020833333333333332
701,1017,0.020833333333333332
701,1050,0.020833333333333332
701,1103,0.020833333333333332
701,1110,0.020833333333333332
701,1165,0.020833333333333332
701,1166,0.020833333333333332
706,22,0.07692307692307693
706,105,0.07692307692307693
706,307,0.07692307692307693
706,357,0.07692307692307693
706,435,0.07692307692307693
706,460,0.07692307692307693
706,583,0.07692307692307693
706,585,0.07692307692307693
706,600,0.07692307692307693
706,634,0.07692307692307693
706,705,0.07692307692307693
706,757,0.07692307692307693
706,1042,0.07692307692307693
707,134,0.5
707,906,0.5
710,251,0.5
710,745,0.5
719,36,0.045454545454545456
719,135,0.045454545454545456
719,143,0.045454545454545456
719,172,0.045454545454545456
719,230,0.045454545454545456
719,346,0.045454545454545456
719,405,0.045454545454545456
719,415,0.045454545454545456
719,459,0.045454545454545456
719,591,0.045454545454545456
719,615,0.045454545454545456
719,629,0.045454545454545456
719,630,0.045454545454545456
719,684,0.045454545454545456
719,778,0.045454545454545456
719,808,0.045454545454545456
719,848,0.045454545454545456
719,879,0.045454545454545456
719,905,0.045454545454545456
719,914,0.045454545454545456
719,1015,0.045454545454545456
719,1048,0.045454545454545456
722,738,0.2
722,824,0.2
722,891,0.2
722,1055,0.2
722,1078,0.2
728,1069,1.0
730,301,0.5
730,414,0.5
733,16,0.25
733,42,0.25
733,192,0.25
733,261,0.25
735,245,0.1
735,413,0.1
735,475,0.1
735,506,0.1
735,524,0.1
735,592,0.1
735,706,0.1
735,835,0.1
735,1056,0.1
735,1155,0.1
738,14,0.05263157894736842
738,20,0.05263157894736842
738,35,0.05263157894736842
738,80,0.05263157894736842
738,85,0.05263157894736842
738,147,0.05263157894736842
738,155,0.05263157894736842
738,233,0.05263157894736842
738,359,0.05263157894736842
738,382,0.05263157894736842
738,482,0.05263157894736842
738,514,0.05263157894736842
738,588,0.05263157894736842
738,589,0.05263157894736842
738,823,0.05263157894736842
738,846,0.05263157894736842
738,950,0.05263157894736842
738,1018,0.05263157894736842
738,1141,0.05263157894736842
743,746,0.5
743,766,0.5
746,56,0.1
746,98,0.1
746,149,0.1
746,263,0.1
746,363,0.1
746,448,0.1
746,452,0.1
746,618,0.1
746,917,0.1
746,1067,0.1
747,588,0.5
747,791,0.5
748,69,0.2
748,166,0.2
748,558,0.2
748,739,0.2
748,870,0.2
755,395,0.5
755,402,0.5
758,392,1.0
759,1008,1.0
760,31,0.1
760,342,0.1
760,350,0.1
760,427,0.1
760,778,0.1
760,879,0.1
760,1048,0.1
760,1123,0.1
760,1153,0.1
760,1164,0.1
761,536,1.0
766,489,0.3333333333333333
766,746,0.3333333333333333
766,1121,0.3333333333333333
768,64,0.058823529411764705
768,82,0.058823529411764705
768,96,0.058823529411764705
768,112,0.058823529411764705
768,153,0.058823529411764705
768,161,0.058823529411764705
768,423,0.058823529411764705
768,432,0.058823529411764705
768,641,0.058823529411764705
768,663,0.058823529411764705
768,698,0.058823529411764705
768,826,0.058823529411764705
768,873,0.058823529411764705
768,923,0.058823529411764705
768,1050,0.058823529411764705
768,1110,0.058823529411764705
768,1165,0.058823529411764705
770,23,0.14285714285714285
770,90,0.14285714285714285
770,101,0.14285714285714285
770,287,0.14285714285714285
770,636,0.14285714285714285
770,637,0.14285714285714285
770,1096,0.14285714285714285
773,23,0.07692307692307693
773,101,0.07692307692307693
773,111,0.07692307692307693
773,147,0.07692307692307693
773,199,0.07692307692307693
773,287,0.07692307692307693
773,382,0.07692307692307693
773,589,0.07692307692307693
773,595,0.07692307692307693
773,636,0.07692307692307693
773,637,0.07692307692307693
773,770,0.07692307692307693
773,1145,0.07692307692307693
774,443,0.5
774,552,0.5
776,0,0.06666666666666667
776,2,0.06666666666666667
776,199,0.06666666666666667
776,383,0.06666666666666667
776,398,0.06666666666666667
776,546,0.06666666666666667
776,588,0.06666666666666667
776,595,0.06666666666666667
776,686,0.06666666666666667
776,746,0.06666666666666667
776,766,0.06666666666666667
776,878,0.06666666666666667
776,881,0.06666666666666667
776,1072,0.06666666666666667
776,1155,0.06666666666666667
778,7,0.16666666666666666
778,36,0.16666666666666666
778,143,0.16666666666666666
778,684,0.16666666666666666
778,808,0.16666666666666666
778,1048,0.16666666666666666
779,2,0.3333333333333333
779,398,0.3333333333333333
779,546,0.3333333333333333
784,51,0.125
784,378,0.125
784,487,0.125
784,534,0.125
784,537,0.125
784,595,0.125
784,781,0.125
784,1036,0.125
785,416,0.2
785,495,0.2
785,738,0.2
785,774,0.2
785,1132,0.2
786,173,1.0
787,209,0.09090909090909091
787,214,0.09090909090909091
787,411,0.09090909090909091
787,748,0.09090909090909091
787,814,0.09090909090909091
787,919,0.09090909090909091
787,934,0.09090909090909091
787,1009,0.09090909090909091
787,1017,0.09090909090909091
787,1110,0.09090909090909091
787,1162,0.09090909090909091
789,59,0.08333333333333333
789,388,0.08333333333333333
789,454,0.08333333333333333
789,491,0.08333333333333333
789,544,0.08333333333333333
789,574,0.08333333333333333
789,586,0.08333333333333333
789,632,0.08333333333333333
789,651,0.08333333333333333
789,661,0.08333333333333333
789,824,0.08333333333333333
789,1092,0.08333333333333333
791,27,0.058823529411764705
791,46,0.058823529411764705
791,59,0.058823529411764705
791,354,0.058823529411764705
791,488,0.058823529411764705
791,490,0.058823529411764705
791,566,0.058823529411764705
791,607,0.058823529411764705
791,704,0.058823529411764705
791,708,0.058823529411764705
791,726,0.058823529411764705
791,788,0.058823529411764705
791,799,0.058823529411764705
791,961,0.058823529411764705
791,997,0.058823529411764705
791,1080,0.058823529411764705
791,1087,0.058823529411764705
793,48,0.08333333333333333
793,135,0.08333333333333333
793,308,0.08333333333333333
793,393,0.08333333333333333
793,453,0.08333333333333333
793,546,0.08333333333333333
793,601,0.08333333333333333
793,616,0.08333333333333333
793,662,0.08333333333333333
793,769,0.08333333333333333
793,1044,0.08333333333333333
793,1148,0.08333333333333333
797,1086,0.5
797,1143,0.5
798,948,0.3333333333333333
798,981,0.3333333333333333
798,1106,0.3333333333333333
805,1155,1.0
806,88,0.16666666666666666
806,119,0.16666666666666666
806,499,0.16666666666666666
806,515,0.16666666666666666
806,563,0.16666666666666666
806,1038,0.16666666666666666
807,225,0.5
807,1002,0.5
808,36,0.09090909090909091
808,143,0.09090909090909091
808,393,0.09090909090909091
808,575,0.09090909090909091
808,684,0.09090909090909091
808,734,0.09090909090909091
808,849,0.09090909090909091
808,905,0.09090909090909091
808,1044,0.09090909090909091
808,1048,0.09090909090909091
808,1134,0.09090909090909091
809,385,0.5
809,1010,0.5
812,465,0.3333333333333333
812,501,0.3333333333333333
812,791,0.3333333333333333
813,741,1.0
814,214,0.3333333333333333
814,301,0.3333333333333333
814,414,0.3333333333333333
816,79,0.16666666666666666
816,479,0.16666666666666666
816,822,0.16666666666666666
816,913,0.16666666666666666
816,959,0.16666666666666666
816,1133,0.16666666666666666
821,285,0.5
821,888,0.5
822,9,0.05555555555555555
822,72,0.05555555555555555
822,79,0.05555555555555555
822,138,0.05555555555555555
822,146,0.05555555555555555
822,173,0.05555555555555555
822,180,0.05555555555555555
822,225,0.05555555555555555
822,279,0.05555555555555555
822,492,0.05555555555555555
822,523,0.05555555555555555
822,598,0.05555555555555555
822,856,0.05555555555555555
822,910,0.05555555555555555
822,913,0.05555555555555555
822,916,0.05555555555555555
822,959,0.05555555555555555
822,1164,0.05555555555555555
823,360,0.125
823,419,0.125
823,468,0.125
823,618,0.125
823,780,0.125
823,941,0.125
823,1060,0.125
823,1155,0.125
824,0,0.02564102564102564
824,18,0.02564102564102564
824,23,0.02564102564102564
824,27,0.02564102564102564
824,46,0.02564102564102564
824,59,0.02564102564102564
824,101,0.02564102564102564
824,287,0.02564102564102564
824,354,0.02564102564102564
824,382,0.02564102564102564
824,388,0.02564102564102564
824,488,0.02564102564102564
824,490,0.02564102564102564
824,532,0.02564102564102564
824,534,0.02564102564102564
824,544,0.02564102564102564
824,566,0.02564102564102564
824,574,0.02564102564102564
824,607,0.02564102564102564
824,636,0.02564102564102564
824,637,0.02564102564102564
824,649,0.02564102564102564
824,651,0.02564102564102564
824,704,0.02564102564102564
824,708,0.02564102564102564
824,726,0.02564102564102564
824,770,0.02564102564102564
824,773,0.02564102564102564
824,788,0.02564102564102564
824,799,0.02564102564102564
824,812,0.02564102564102564
824,856,0.02564102564102564
824,961,0.02564102564102564
824,997,0.02564102564102564
824,1055,0.02564102564102564
824,1080,0.02564102564102564
824,1087,0.02564102564102564
824,1102,0.02564102564102564
824,1142,0.02564102564102564
826,23,0.029411764705882353
826,64,0.029411764705882353
826,82,0.029411764705882353
826,89,0.029411764705882353
826,101,0.029411764705882353
826,112,0.029411764705882353
826,152,0.029411764705882353
826,153,0.029411764705882353
826,287,0.029411764705882353
826,300,0.029411764705882353
826,324,0.029411764705882353
826,382,0.029411764705882353
826,423,0.029411764705882353
826,432,0.029411764705882353
826,465,0.029411764705882353
826,488,0.029411764705882353
826,636,0.029411764705882353
826,641,0.029411764705882353
826,663,0.029411764705882353
826,698,0.029411764705882353
826,770,0.029411764705882353
826,773,0.029411764705882353
826,788,0.029411764705882353
826,812,0.029411764705882353
826,815,0.029411764705882353
826,822,0.029411764705882353
826,824,0.029411764705882353
826,856,0.029411764705882353
826,923,0.029411764705882353
826,937,0.029411764705882353
826,986,0.029411764705882353
826,1050,0.029411764705882353
826,1110,0.029411764705882353
826,1165,0.029411764705882353
827,10,0.03125
827,64,0.03125
827,82,0.03125
827,96,0.03125
827,112,0.03125
827,153,0.03125
827,171,0.03125
827,206,0.03125
827,241,0.03125
827,369,0.03125
827,408,0.03125
827,420,0.03125
827,423,0.03125
827,432,0.03125
827,455,0.03125
827,593,0.03125
827,641,0.03125
827,646,0.03125
827,663,0.03125
827,698,0.03125
827,768,0.03125
827,826,0.03125
827,851,0.03125
827,853,0.03125
827,873,0.03125
827,923,0.03125
827,1017,0.03125
827,1050,0.03125
827,1110,0.03125
827,1131,0.03125
827,1165,0.03125
827,1166,0.03125
828,118,0.08333333333333333
828,219,0.08333333333333333
828,227,0.08333333333333333
828,308,0.08333333333333333
828,346,0.08333333333333333
828,467,0.08333333333333333
828,482,0.08333333333333333
828,699,0.08333333333333333
828,702,0.08333333333333333
828,775,0.08333333333333333
828,880,0.08333333333333333
828,991,0.08333333333333333
830,10,0.16666666666666666
830,120,0.16666666666666666
830,329,0.16666666666666666
830,860,0.16666666666666666
830,1063,0.16666666666666666
830,1163,0.16666666666666666
831,106,0.14285714285714285
831,129,0.14285714285714285
831,156,0.14285714285714285
831,355,0.14285714285714285
831,393,0.14285714285714285
831,481,0.14285714285714285
831,716,0.14285714285714285
832,20,0.14285714285714285
832,35,0.14285714285714285
832,80,0.14285714285714285
832,85,0.14285714285714285
832,155,0.14285714285714285
832,233,0.14285714285714285
832,1018,0.14285714285714285
833,64,0.025
833,83,0.025
833,117,0.025
833,137,0.025
833,208,0.025
833,212,0.025
833,222,0.025
833,263,0.025
833,272,0.025
833,350,0.025
833,360,0.025
833,385,0.025
833,388,0.025
833,495,0.025
833,511,0.025
833,544,0.025
833,574,0.025
833,651,0.025
833,747,0.025
833,760,0.025
833,764,0.025
833,791,0.025
833,809,0.025
833,822,0.025
833,824,0.025
833,826,0.025
833,852,0.025
833,879,0.025
833,932,0.025
833,967,0.025
833,972,0.025
833,1048,0.025
833,1079,0.025
833,1099,0.025
833,1108,0.025
833,1111,0.025
833,1123,0.025
833,1142,0.025
833,1154,0.025
833,1164,0.025
836,18,0.5
836,160,0.5
839,237,1.0
840,874,1.0
846,295,0.16666666666666666
846,367,0.16666666666666666
846,980,0.16666666666666666
846,1051,0.16666666666666666
846,1096,0.16666666666666666
846,1144,0.16666666666666666
847,40,0.16666666666666666
847,147,0.16666666666666666
847,199,0.16666666666666666
847,467,0.16666666666666666
847,678,0.16666666666666666
847,1012,0.16666666666666666
851,62,0.02564102564102564
851,64,0.02564102564102564
851,77,0.02564102564102564
851,82,0.02564102564102564
851,96,0.02564102564102564
851,112,0.02564102564102564
851,141,0.02564102564102564
851,152,0.02564102564102564
851,153,0.02564102564102564
851,171,0.02564102564102564
851,206,0.02564102564102564
851,241,0.02564102564102564
851,369,0.02564102564102564
851,412,0.02564102564102564
851,423,0.02564102564102564
851,432,0.02564102564102564
851,513,0.02564102564102564
851,622,0.02564102564102564
851,641,0.02564102564102564
851,646,0.02564102564102564
851,663,0.02564102564102564
851,698,0.02564102564102564
851,768,0.02564102564102564
851,826,0.02564102564102564
851,853,0.02564102564102564
851,868,0.02564102564102564
851,873,0.02564102564102564
851,892,0.02564102564102564
851,894,0.02564102564102564
851,923,0.02564102564102564
851,977,0.02564102564102564
851,1017,0.02564102564102564
851,1050,0.02564102564102564
851,1058,0.02564102564102564
851,1071,0.02564102564102564
851,1110,0.02564102564102564
851,1112,0.02564102564102564
851,1165,0.02564102564102564
851,1166,0.02564102564102564
852,62,0.05555555555555555
852,67,0.05555555555555555
852,94,0.05555555555555555
852,99,0.05555555555555555
852,121,0.05555555555555555
852,141,0.05555555555555555
852,152,0.05555555555555555
852,190,0.05555555555555555
852,383,0.05555555555555555
852,513,0.05555555555555555
852,559,0.05555555555555555
852,560,0.05555555555555555
852,622,0.05555555555555555
852,646,0.05555555555555555
852,694,0.05555555555555555
852,698,0.05555555555555555
852,950,0.05555555555555555
852,1110,0.05555555555555555
853,64,0.03333333333333333
853,82,0.03333333333333333
853,96,0.03333333333333333
853,112,0.03333333333333333
853,153,0.03333333333333333
853,171,0.03333333333333333
853,284,0.03333333333333333
853,369,0.03333333333333333
853,423,0.03333333333333333
853,432,0.03333333333333333
853,482,0.03333333333333333
853,641,0.03333333333333333
853,646,0.03333333333333333
853,663,0.03333333333333333
853,698,0.03333333333333333
853,768,0.03333333333333333
853,793,0.03333333333333333
853,814,0.03333333333333333
853,826,0.03333333333333333
853,839,0.03333333333333333
853,852,0.03333333333333333
853,873,0.03333333333333333
853,923,0.03333333333333333
853,947,0.03333333333333333
853,986,0.03333333333333333
853,1017,0.03333333333333333
853,1050,0.03333333333333333
853,1110,0.03333333333333333
853,1165,0.03333333333333333
853,1166,0.03333333333333333
855,76,0.3333333333333333
855,368,0.3333333333333333
855,650,0.3333333333333333
856,9,0.5
856,173,0.5
857,76,0.2
857,189,0.2
857,478,0.2
857,855,0.2
857,1016,0.2
858,422,1.0
860,10,0.1111111111111111
860,120,0.1111111111111111
860,329,0.1111111111111111
860,358,0.1111111111111111
860,625,0.1111111111111111
860,685,0.1111111111111111
860,895,0.1111111111111111
860,1109,0.1111111111111111
860,1163,0.1111111111111111
863,311,0.3333333333333333
863,941,0.3333333333333333
863,1096,0.3333333333333333
864,55,0.25
864,265,0.25
864,673,0.25
864,677,0.25
865,34,0.02631578947368421
865,62,0.02631578947368421
865,67,0.02631578947368421
865,71,0.02631578947368421
865,77,0.02631578947368421
865,79,0.02631578947368421
865,94,0.02631578947368421
865,99,0.02631578947368421
865,121,0.02631578947368421
865,141,0.02631578947368421
865,152,0.02631578947368421
865,190,0.02631578947368421
865,211,0.02631578947368421
865,213,0.02631578947368421
865,273,0.02631578947368421
865,297,0.02631578947368421
865,383,0.02631578947368421
865,404,0.02631578947368421
865,442,0.02631578947368421
865,477,0.02631578947368421
865,513,0.02631578947368421
865,559,0.02631578947368421
865,560,0.02631578947368421
865,622,0.02631578947368421
865,646,0.02631578947368421
865,694,0.02631578947368421
865,822,0.02631578947368421
865,852,0.02631578947368421
865,894,0.02631578947368421
865,925,0.02631578947368421
865,950,0.02631578947368421
865,1017,0.02631578947368421
865,1066,0.02631578947368421
865,1074,0.02631578947368421
865,1125,0.02631578947368421
865,1156,0.02631578947368421
865,1165,0.02631578947368421
865,1168,0.02631578947368421
866,64,0.09090909090909091
866,112,0.09090909090909091
866,284,0.09090909090909091
866,432,0.09090909090909091
866,482,0.09090909090909091
866,663,0.09090909090909091
866,793,0.09090909090909091
866,814,0.09090909090909091
866,839,0.09090909090909091
866,947,0.09090909090909091
866,986,0.09090909090909091
867,18,0.25
867,113,0.25
867,252,0.25
867,950,0.25
868,892,0.2
868,977,0.2
868,1058,0.2
868,1071,0.2
868,1112,0.2
869,607,1.0
871,3,0.25
871,164,0.25
871,269,0.25
871,811,0.25
873,64,0.058823529411764705
873,82,0.058823529411764705
873,91,0.058823529411764705
873,96,0.058823529411764705
873,112,0.058823529411764705
873,153,0.058823529411764705
873,423,0.058823529411764705
873,432,0.058823529411764705
873,641,0.058823529411764705
873,663,0.058823529411764705
873,698,0.058823529411764705
873,826,0.058823529411764705
873,913,0.058823529411764705
873,923,0.058823529411764705
873,1050,0.058823529411764705
873,1110,0.058823529411764705
873,1165,0.058823529411764705
874,393,1.0
875,923,1.0
876,377,0.1111111111111111
876,429,0.1111111111111111
876,447,0.1111111111111111
876,510,0.1111111111111111
876,711,0.1111111111111111
876,846,0.1111111111111111
876,893,0.1111111111111111
876,1051,0.1111111111111111
876,1102,0.1111111111111111
878,147,0.06666666666666667
878,200,0.06666666666666667
878,204,0.06666666666666667
878,290,0.06666666666666667
878,343,0.06666666666666667
878,485,0.06666666666666667
878,497,0.06666666666666667
878,660,0.06666666666666667
878,676,0.06666666666666667
878,710,0.06666666666666667
878,871,0.06666666666666667
878,985,0.06666666666666667
878,1012,0.06666666666666667
878,1134,0.06666666666666667
878,1145,0.06666666666666667
879,36,0.07692307692307693
879,91,0.07692307692307693
879,135,0.07692307692307693
879,143,0.07692307692307693
879,172,0.07692307692307693
879,342,0.07692307692307693
879,459,0.07692307692307693
879,629,0.07692307692307693
879,684,0.07692307692307693
879,778,0.07692307692307693
879,808,0.07692307692307693
879,844,0.07692307692307693
879,1048,0.07692307692307693
881,52,0.045454545454545456
881,163,0.045454545454545456
881,266,0.045454545454545456
881,380,0.045454545454545456
881,393,0.045454545454545456
881,522,0.045454545454545456
881,530,0.045454545454545456
881,575,0.045454545454545456
881,597,0.045454545454545456
881,657,0.045454545454545456
881,683,0.045454545454545456
881,714,0.045454545454545456
881,734,0.045454545454545456
881,769,0.045454545454545456
881,808,0.045454545454545456
881,817,0.045454545454545456
881,831,0.045454545454545456
881,837,0.045454545454545456
881,849,0.045454545454545456
881,905,0.045454545454545456
881,1134,0.045454545454545456
881,1143,0.045454545454545456
883,179,0.2
883,285,0.2
883,483,0.2
883,888,0.2
883,1155,0.2
885,341,0.06666666666666667
885,359,0.06666666666666667
885,360,0.06666666666666667
885,385,0.06666666666666667
885,420,0.06666666666666667
885,495,0.06666666666666667
885,553,0.06666666666666667
885,562,0.06666666666666667
885,675,0.06666666666666667
885,809,0.06666666666666667
885,932,0.06666666666666667
885,941,0.06666666666666667
885,1083,0.06666666666666667
885,1096,0.06666666666666667
885,1173,0.06666666666666667
886,171,0.08333333333333333
886,224,0.08333333333333333
886,450,0.08333333333333333
886,567,0.08333333333333333
886,627,0.08333333333333333
886,701,0.08333333333333333
886,865,0.08333333333333333
886,875,0.08333333333333333
886,933,0.08333333333333333
886,973,0.08333333333333333
886,987,0.08333333333333333
886,995,0.08333333333333333
887,1102,1.0
891,223,0.3333333333333333
891,516,0.3333333333333333
891,1136,0.3333333333333333
894,55,0.3333333333333333
894,219,0.3333333333333333
894,864,0.3333333333333333
895,410,0.1
895,588,0.1
895,784,0.1
895,803,0.1
895,823,0.1
895,846,0.1
895,938,0.1
895,980,0.1
895,984,0.1
895,1096,0.1
897,4,0.023809523809523808
897,10,0.023809523809523808
897,64,0.023809523809523808
897,82,0.023809523809523808
897,96,0.023809523809523808
897,112,0.023809523809523808
897,153,0.023809523809523808
897,171,0.023809523809523808
897,176,0.023809523809523808
897,206,0.023809523809523808
897,224,0.023809523809523808
897,241,0.023809523809523808
897,244,0.023809523809523808
897,256,0.023809523809523808
897,348,0.023809523809523808
897,369,0.023809523809523808
897,422,0.023809523809523808
897,423,0.023809523809523808
897,432,0.023809523809523808
897,455,0.023809523809523808
897,567,0.023809523809523808
897,641,0.023809523809523808
897,646,0.023809523809523808
897,663,0.023809523809523808
897,692,0.023809523809523808
897,698,0.023809523809523808
897,701,0.023809523809523808
897,722,0.023809523809523808
897,768,0.023809523809523808
897,826,0.023809523809523808
897,827,0.023809523809523808
897,851,0.023809523809523808
897,853,0.023809523809523808
897,873,0.023809523809523808
897,923,0.023809523809523808
897,1017,0.023809523809523808
897,1050,0.023809523809523808
897,1109,0.023809523809523808
897,1110,0.023809523809523808
897,1163,0.023809523809523808
897,1165,0.023809523809523808
897,1166,0.023809523809523808
898,194,0.3333333333333333
898,341,0.3333333333333333
898,809,0.3333333333333333
899,610,0.5
899,952,0.5
902,4,0.02631578947368421
902,10,0.02631578947368421
902,24,0.02631578947368421
902,61,0.02631578947368421
902,120,0.02631578947368421
902,171,0.02631578947368421
902,176,0.02631578947368421
902,188,0.02631578947368421
902,191,0.02631578947368421
902,206,0.02631578947368421
902,221,0.02631578947368421
902,224,0.02631578947368421
902,241,0.02631578947368421
902,244,0.02631578947368421
902,256,0.02631578947368421
902,292,0.02631578947368421
902,329,0.02631578947368421
902,348,0.02631578947368421
902,369,0.02631578947368421
902,381,0.02631578947368421
902,422,0.02631578947368421
902,428,0.02631578947368421
902,455,0.02631578947368421
902,486,0.02631578947368421
902,567,0.02631578947368421
902,690,0.02631578947368421
902,692,0.02631578947368421
902,701,0.02631578947368421
902,722,0.02631578947368421
902,827,0.02631578947368421
902,830,0.02631578947368421
902,851,0.02631578947368421
902,853,0.02631578947368421
902,860,0.02631578947368421
902,886,0.02631578947368421
902,897,0.02631578947368421
902,1109,0.02631578947368421
902,1163,0.02631578947368421
904,526,0.3333333333333333
904,715,0.3333333333333333
904,982,0.3333333333333333
905,52,0.1
905,331,0.1
905,393,0.1
905,575,0.1
905,591,0.1
905,630,0.1
905,657,0.1
905,680,0.1
905,734,0.1
905,849,0.1
906,56,0.14285714285714285
906,508,0.14285714285714285
906,571,0.14285714285714285
906,825,0.14285714285714285
906,931,0.14285714285714285
906,1117,0.14285714285714285
906,1118,0.14285714285714285
913,264,0.16666666666666666
913,569,0.16666666666666666
913,919,0.16666666666666666
913,999,0.16666666666666666
913,1060,0.16666666666666666
913,1156,0.16666666666666666
916,72,0.07692307692307693
916,138,0.07692307692307693
916,146,0.07692307692307693
916,173,0.07692307692307693
916,180,0.07692307692307693
916,225,0.07692307692307693
916,279,0.07692307692307693
916,492,0.07692307692307693
916,523,0.07692307692307693
916,598,0.07692307692307693
916,910,0.07692307692307693
916,959,0.07692307692307693
916,1164,0.07692307692307693
919,32,0.08333333333333333
919,39,0.08333333333333333
919,233,0.08333333333333333
919,264,0.08333333333333333
919,304,0.08333333333333333
919,406,0.08333333333333333
919,430,0.08333333333333333
919,570,0.08333333333333333
919,653,0.08333333333333333
919,664,0.08333333333333333
919,771,0.08333333333333333
919,1005,0.08333333333333333
923,12,0.047619047619047616
923,64,0.047619047619047616
923,112,0.047619047619047616
923,153,0.047619047619047616
923,326,0.047619047619047616
923,388,0.047619047619047616
923,423,0.047619047619047616
923,432,0.047619047619047616
923,544,0.047619047619047616
923,574,0.047619047619047616
923,641,0.047619047619047616
923,651,0.047619047619047616
923,663,0.047619047619047616
923,698,0.047619047619047616
923,824,0.047619047619047616
923,1050,0.047619047619047616
923,1101,0.047619047619047616
923,1110,0.047619047619047616
923,1155,0.047619047619047616
923,1159,0.047619047619047616
923,1165,0.047619047619047616
924,125,0.14285714285714285
924,202,0.14285714285714285
924,413,0.14285714285714285
924,475,0.14285714285714285
924,524,0.14285714285714285
924,592,0.14285714285714285
924,706,0.14285714285714285
925,195,0.2
925,228,0.2
925,229,0.2
925,1049,0.2
925,1156,0.2
926,347,0.25
926,751,0.25
926,912,0.25
926,1169,0.25
932,360,0.2
932,385,0.2
932,538,0.2
932,809,0.2
932,970,0.2
933,34,0.0196078431372549
933,36,0.0196078431372549
933,135,0.0196078431372549
933,143,0.0196078431372549
933,147,0.0196078431372549
933,172,0.0196078431372549
933,199,0.0196078431372549
933,212,0.0196078431372549
933,262,0.0196078431372549
933,339,0.0196078431372549
933,350,0.0196078431372549
933,433,0.0196078431372549
933,459,0.0196078431372549
933,476,0.0196078431372549
933,491,0.0196078431372549
933,497,0.0196078431372549
933,511,0.0196078431372549
933,545,0.0196078431372549
933,555,0.0196078431372549
933,557,0.0196078431372549
933,563,0.0196078431372549
933,574,0.0196078431372549
933,588,0.0196078431372549
933,589,0.0196078431372549
933,627,0.0196078431372549
933,629,0.0196078431372549
933,651,0.0196078431372549
933,676,0.0196078431372549
933,684,0.0196078431372549
933,719,0.0196078431372549
933,760,0.0196078431372549
933,773,0.0196078431372549
933,777,0.0196078431372549
933,778,0.0196078431372549
933,806,0.0196078431372549
933,808,0.0196078431372549
933,822,0.0196078431372549
933,831,0.0196078431372549
933,836,0.0196078431372549
933,869,0.0196078431372549
933,879,0.0196078431372549
933,983,0.0196078431372549
933,1038,0.0196078431372549
933,1048,0.0196078431372549
933,1084,0.0196078431372549
933,1123,0.0196078431372549
933,1145,0.0196078431372549
933,1154,0.0196078431372549
933,1164,0.0196078431372549
933,1167,0.0196078431372549
933,1169,0.0196078431372549
934,250,1.0
935,37,0.0625
935,281,0.0625
935,309,0.0625
935,360,0.0625
935,385,0.0625
935,484,0.0625
935,495,0.0625
935,553,0.0625
935,562,0.0625
935,809,0.0625
935,885,0.0625
935,898,0.0625
935,932,0.0625
935,1072,0.0625
935,1083,0.0625
935,1173,0.0625
940,238,0.25
940,266,0.25
940,752,0.25
940,850,0.25
941,73,0.06666666666666667
941,97,0.06666666666666667
941,375,0.06666666666666667
941,376,0.06666666666666667
941,410,0.06666666666666667
941,418,0.06666666666666667
941,431,0.06666666666666667
941,527,0.06666666666666667
941,605,0.06666666666666667
941,618,0.06666666666666667
941,757,0.06666666666666667
941,841,0.06666666666666667
941,980,0.06666666666666667
941,1066,0.06666666666666667
941,1137,0.06666666666666667
944,107,0.25
944,582,0.25
944,908,0.25
944,980,0.25
945,17,0.03225806451612903
945,56,0.03225806451612903
945,161,0.03225806451612903
945,185,0.03225806451612903
945,213,0.03225806451612903
945,281,0.03225806451612903
945,289,0.03225806451612903
945,353,0.03225806451612903
945,356,0.03225806451612903
945,390,0.03225806451612903
945,392,0.03225806451612903
945,400,0.03225806451612903
945,404,0.03225806451612903
945,560,0.03225806451612903
945,568,0.03225806451612903
945,590,0.03225806451612903
945,599,0.03225806451612903
945,628,0.03225806451612903
945,639,0.03225806451612903
945,644,0.03225806451612903
945,709,0.03225806451612903
945,807,0.03225806451612903
945,810,0.03225806451612903
945,819,0.03225806451612903
945,829,0.03225806451612903
945,896,0.03225806451612903
945,946,0.03225806451612903
945,1002,0.03225806451612903
945,1008,0.03225806451612903
945,1023,0.03225806451612903
945,1052,0.03225806451612903
947,121,0.1
947,383,0.1
947,425,0.1
947,501,0.1
947,560,0.1
947,582,0.1
947,662,0.1
947,839,0.1
947,878,0.1
947,950,0.1
948,47,1.0
950,121,0.16666666666666666
950,383,0.16666666666666666
950,560,0.16666666666666666
950,579,0.16666666666666666
950,1018,0.16666666666666666
950,1130,0.16666666666666666
953,30,0.5
953,732,0.5
956,83,0.125
956,96,0.125
956,625,0.125
956,685,0.125
956,738,0.125
956,823,0.125
956,895,0.125
956,1141,0.125
959,139,0.05
959,146,0.05
959,161,0.05
959,219,0.05
959,267,0.05
959,364,0.05
959,379,0.05
959,397,0.05
959,462,0.05
959,466,0.05
959,496,0.05
959,550,0.05
959,578,0.05
959,668,0.05
959,689,0.05
959,696,0.05
959,911,0.05
959,958,0.05
959,971,0.05
959,1115,0.05
960,36,0.034482758620689655
960,43,0.034482758620689655
960,135,0.034482758620689655
960,143,0.034482758620689655
960,144,0.034482758620689655
960,159,0.034482758620689655
960,172,0.034482758620689655
960,212,0.034482758620689655
960,350,0.034482758620689655
960,434,0.034482758620689655
960,459,0.034482758620689655
960,534,0.034482758620689655
960,582,0.034482758620689655
960,629,0.034482758620689655
960,639,0.034482758620689655
960,684,0.034482758620689655
960,719,0.034482758620689655
960,728,0.034482758620689655
960,760,0.034482758620689655
960,778,0.034482758620689655
960,808,0.034482758620689655
960,831,0.034482758620689655
960,832,0.034482758620689655
960,879,0.034482758620689655
960,1019,0.034482758620689655
960,1047,0.034482758620689655
960,1048,0.034482758620689655
960,1123,0.034482758620689655
960,1164,0.034482758620689655
966,428,0.3333333333333333
966,813,0.3333333333333333
966,816,0.3333333333333333
967,0,0.09090909090909091
967,66,0.09090909090909091
967,88,0.09090909090909091
967,199,0.09090909090909091
967,534,0.09090909090909091
967,588,0.09090909090909091
967,595,0.09090909090909091
967,686,0.09090909090909091
967,746,0.09090909090909091
967,766,0.09090909090909091
967,1072,0.09090909090909091
968,132,0.25
968,837,0.25
968,931,0.25
968,1088,0.25
972,203,0.1
972,360,0.1
972,385,0.1
972,495,0.1
972,797,0.1
972,809,0.1
972,905,0.1
972,932,0.1
972,941,0.1
972,1081,0.1
973,280,0.2
973,314,0.2
973,593,0.2
973,690,0.2
973,1029,0.2
974,429,0.25
974,430,0.25
974,626,0.25
974,652,0.25
978,209,0.09090909090909091
978,214,0.09090909090909091
978,411,0.09090909090909091
978,748,0.09090909090909091
978,814,0.09090909090909091
978,919,0.09090909090909091
978,934,0.09090909090909091
978,1009,0.09090909090909091
978,1017,0.09090909090909091
978,1110,0.09090909090909091
978,1162,0.09090909090909091
980,97,0.16666666666666666
980,320,0.16666666666666666
980,431,0.16666666666666666
980,605,0.16666666666666666
980,618,0.16666666666666666
980,1100,0.16666666666666666
981,56,0.16666666666666666
981,362,0.16666666666666666
981,772,0.16666666666666666
981,893,0.16666666666666666
981,1027,0.16666666666666666
981,1157,0.16666666666666666
983,76,0.1
983,132,0.1
983,189,0.1
983,478,0.1
983,528,0.1
983,725,0.1
983,855,0.1
983,857,0.1
983,1016,0.1
983,1084,0.1
985,200,0.125
985,204,0.125
985,253,0.125
985,290,0.125
985,660,0.125
985,905,0.125
985,915,0.125
985,922,0.125
986,214,0.16666666666666666
986,371,0.16666666666666666
986,681,0.16666666666666666
986,814,0.16666666666666666
986,1021,0.16666666666666666
986,1028,0.16666666666666666
987,34,0.043478260869565216
987,77,0.043478260869565216
987,94,0.043478260869565216
987,99,0.043478260869565216
987,171,0.043478260869565216
987,190,0.043478260869565216
987,211,0.043478260869565216
987,224,0.043478260869565216
987,280,0.043478260869565216
987,297,0.043478260869565216
987,369,0.043478260869565216
987,442,0.043478260869565216
987,477,0.043478260869565216
987,513,0.043478260869565216
987,559,0.043478260869565216
987,622,0.043478260869565216
987,694,0.043478260869565216
987,701,0.043478260869565216
987,816,0.043478260869565216
987,852,0.043478260869565216
987,894,0.043478260869565216
987,1074,0.043478260869565216
987,1168,0.043478260869565216
988,135,0.2
988,588,0.2
988,719,0.2
988,871,0.2
988,879,0.2
989,745,1.0
990,207,0.2
990,333,0.2
990,951,0.2
990,994,0.2
990,1007,0.2
992,939,1.0
993,188,0.2
993,358,0.2
993,860,0.2
993,956,0.2
993,1163,0.2
995,57,0.07142857142857142
995,61,0.07142857142857142
995,280,0.07142857142857142
995,292,0.07142857142857142
995,297,0.07142857142857142
995,539,0.07142857142857142
995,543,0.07142857142857142
995,642,0.07142857142857142
995,690,0.07142857142857142
995,816,0.07142857142857142
995,973,0.07142857142857142
995,987,0.07142857142857142
995,1020,0.07142857142857142
995,1029,0.07142857142857142
996,335,0.07142857142857142
996,366,0.07142857142857142
996,377,0.07142857142857142
996,429,0.07142857142857142
996,443,0.07142857142857142
996,447,0.07142857142857142
996,495,0.07142857142857142
996,552,0.07142857142857142
996,656,0.07142857142857142
996,738,0.07142857142857142
996,863,0.07142857142857142
996,876,0.07142857142857142
996,940,0.07142857142857142
996,1132,0.07142857142857142
1000,123,0.5
1000,1082,0.5
1006,335,0.16666666666666666
1006,443,0.16666666666666666
1006,495,0.16666666666666666
1006,552,0.16666666666666666
1006,920,0.16666666666666666
1006,1132,0.16666666666666666
1009,209,0.1
1009,214,0.1
1009,411,0.1
1009,748,0.1
1009,814,0.1
1009,919,0.1
1009,934,0.1
1009,1017,0.1
1009,1110,0.1
1009,1162,0.1
1012,40,0.5
1012,678,0.5
1013,209,0.2
1013,737,0.2
1013,919,0.2
1013,1106,0.2
1013,1128,0.2
1014,27,0.03125
1014,65,0.03125
1014,70,0.03125
1014,136,0.03125
1014,139,0.03125
1014,267,0.03125
1014,278,0.03125
1014,281,0.03125
1014,289,0.03125
1014,386,0.03125
1014,392,0.03125
1014,457,0.03125
1014,462,0.03125
1014,466,0.03125
1014,472,0.03125
1014,568,0.03125
1014,573,0.03125
1014,696,0.03125
1014,697,0.03125
1014,795,0.03125
1014,807,0.03125
1014,871,0.03125
1014,924,0.03125
1014,929,0.03125
1014,949,0.03125
1014,959,0.03125
1014,963,0.03125
1014,986,0.03125
1014,1002,0.03125
1014,1067,0.03125
1014,1094,0.03125
1014,1172,0.03125
1016,76,0.3333333333333333
1016,259,0.3333333333333333
1016,855,0.3333333333333333
1017,64,0.047619047619047616
1017,82,0.047619047619047616
1017,96,0.047619047619047616
1017,112,0.047619047619047616
1017,153,0.047619047619047616
1017,214,0.047619047619047616
1017,301,0.047619047619047616
1017,414,0.047619047619047616
1017,423,0.047619047619047616
1017,432,0.047619047619047616
1017,641,0.047619047619047616
1017,663,0.047619047619047616
1017,698,0.047619047619047616
1017,768,0.047619047619047616
1017,826,0.047619047619047616
1017,873,0.047619047619047616
1017,923,0.047619047619047616
1017,1050,0.047619047619047616
1017,1110,0.047619047619047616
1017,1165,0.047619047619047616
1017,1166,0.047619047619047616
1019,237,0.5
1019,1156,0.5
1020,608,0.5
1020,1029,0.5
1021,871,1.0
1029,154,0.3333333333333333
1029,501,0.3333333333333333
1029,698,0.3333333333333333
1031,9,0.05555555555555555
1031,72,0.05555555555555555
1031,79,0.05555555555555555
1031,138,0.05555555555555555
1031,146,0.05555555555555555
1031,173,0.05555555555555555
1031,180,0.05555555555555555
1031,225,0.05555555555555555
1031,279,0.05555555555555555
1031,492,0.05555555555555555
1031,523,0.05555555555555555
1031,598,0.05555555555555555
1031,856,0.05555555555555555
1031,910,0.05555555555555555
1031,913,0.05555555555555555
1031,916,0.05555555555555555
1031,959,0.05555555555555555
1031,1164,0.05555555555555555
1034,76,0.07142857142857142
1034,89,0.07142857142857142
1034,189,0.07142857142857142
1034,194,0.07142857142857142
1034,242,0.07142857142857142
1034,408,0.07142857142857142
1034,478,0.07142857142857142
1034,528,0.07142857142857142
1034,557,0.07142857142857142
1034,855,0.07142857142857142
1034,857,0.07142857142857142
1034,983,0.07142857142857142
1034,1016,0.07142857142857142
1034,1084,0.07142857142857142
1036,51,0.16666666666666666
1036,378,0.16666666666666666
1036,487,0.16666666666666666
1036,534,0.16666666666666666
1036,537,0.16666666666666666
1036,781,0.16666666666666666
1039,304,0.25
1039,619,0.25
1039,687,0.25
1039,688,0.25
1041,21,0.3333333333333333
1041,907,0.3333333333333333
1041,1095,0.3333333333333333
1047,75,0.07692307692307693
1047,393,0.07692307692307693
1047,449,0.07692307692307693
1047,480,0.07692307692307693
1047,575,0.07692307692307693
1047,640,0.07692307692307693
1047,734,0.07692307692307693
1047,849,0.07692307692307693
1047,905,0.07692307692307693
1047,1089,0.07692307692307693
1047,1134,0.07692307692307693
1047,1143,0.07692307692307693
1047,1170,0.07692307692307693
1048,143,1.0
1050,64,0.14285714285714285
1050,67,0.14285714285714285
1050,432,0.14285714285714285
1050,663,0.14285714285714285
1050,698,0.14285714285714285
1050,1110,0.14285714285714285
1050,1165,0.14285714285714285
1051,23,0.125
1051,101,0.125
1051,287,0.125
1051,382,0.125
1051,636,0.125
1051,770,0.125
1051,773,0.125
1051,1155,0.125
1055,23,0.08333333333333333
1055,93,0.08333333333333333
1055,101,0.08333333333333333
1055,287,0.08333333333333333
1055,382,0.08333333333333333
1055,589,0.08333333333333333
1055,636,0.08333333333333333
1055,637,0.08333333333333333
1055,744,0.08333333333333333
1055,770,0.08333333333333333
1055,773,0.08333333333333333
1055,1161,0.08333333333333333
1056,63,0.1111111111111111
1056,85,0.1111111111111111
1056,245,0.1111111111111111
1056,413,0.1111111111111111
1056,475,0.1111111111111111
1056,524,0.1111111111111111
1056,592,0.1111111111111111
1056,706,0.1111111111111111
1056,1134,0.1111111111111111
1057,133,0.25
1057,169,0.25
1057,612,0.25
1057,790,0.25
1058,854,1.0
1060,56,0.125
1060,78,0.125
1060,92,0.125
1060,518,0.125
1060,540,0.125
1060,767,0.125
1060,838,0.125
1060,1139,0.125
1063,64,0.1111111111111111
1063,65,0.1111111111111111
1063,397,0.1111111111111111
1063,697,0.1111111111111111
1063,782,0.1111111111111111
1063,929,0.1111111111111111
1063,959,0.1111111111111111
1063,963,0.1111111111111111
1063,1014,0.1111111111111111
1064,451,0.5
1064,591,0.5
1066,97,0.16666666666666666
1066,334,0.16666666666666666
1066,431,0.16666666666666666
1066,605,0.16666666666666666
1066,618,0.16666666666666666
1066,980,0.16666666666666666
1072,0,0.05263157894736842
1072,97,0.05263157894736842
1072,147,0.05263157894736842
1072,199,0.05263157894736842
1072,243,0.05263157894736842
1072,320,0.05263157894736842
1072,431,0.05263157894736842
1072,595,0.05263157894736842
1072,605,0.05263157894736842
1072,618,0.05263157894736842
1072,686,0.05263157894736842
1072,746,0.05263157894736842
1072,766,0.05263157894736842
1072,941,0.05263157894736842
1072,980,0.05263157894736842
1072,1066,0.05263157894736842
1072,1096,0.05263157894736842
1072,1100,0.05263157894736842
1072,1145,0.05263157894736842
1073,470,1.0
1074,1125,1.0
1075,49,0.3333333333333333
1075,53,0.3333333333333333
1075,1126,0.3333333333333333
1079,20,0.14285714285714285
1079,35,0.14285714285714285
1079,80,0.14285714285714285
1079,85,0.14285714285714285
1079,155,0.14285714285714285
1079,233,0.14285714285714285
1079,1018,0.14285714285714285
1080,183,0.3333333333333333
1080,205,0.3333333333333333
1080,1076,0.3333333333333333
1081,97,0.14285714285714285
1081,320,0.14285714285714285
1081,431,0.14285714285714285
1081,605,0.14285714285714285
1081,618,0.14285714285714285
1081,980,0.14285714285714285
1081,1100,0.14285714285714285
1083,67,0.08333333333333333
1083,360,0.08333333333333333
1083,385,0.08333333333333333
1083,495,0.08333333333333333
1083,553,0.08333333333333333
1083,562,0.08333333333333333
1083,588,0.08333333333333333
1083,671,0.08333333333333333
1083,695,0.08333333333333333
1083,809,0.08333333333333333
1083,932,0.08333333333333333
1083,1173,0.08333333333333333
1084,76,0.07142857142857142
1084,189,0.07142857142857142
1084,317,0.07142857142857142
1084,393,0.07142857142857142
1084,478,0.07142857142857142
1084,528,0.07142857142857142
1084,608,0.07142857142857142
1084,855,0.07142857142857142
1084,857,0.07142857142857142
1084,982,0.07142857142857142
1084,1016,0.07142857142857142
1084,1046,0.07142857142857142
1084,1137,0.07142857142857142
1084,1156,0.07142857142857142
1091,0,0.1
1091,199,0.1
1091,588,0.1
1091,686,0.1
1091,743,0.1
1091,746,0.1
1091,766,0.1
1091,776,0.1
1091,881,0.1
1091,1072,0.1
1093,422,1.0
1096,97,0.1
1096,320,0.1
1096,431,0.1
1096,605,0.1
1096,618,0.1
1096,941,0.1
1096,980,0.1
1096,1066,0.1
1096,1081,0.1
1096,1100,0.1
1098,669,0.16666666666666666
1098,677,0.16666666666666666
1098,826,0.16666666666666666
1098,875,0.16666666666666666
1098,934,0.16666666666666666
1098,1017,0.16666666666666666
1099,229,0.3333333333333333
1099,473,0.3333333333333333
1099,1040,0.3333333333333333
1102,131,0.125
1102,268,0.125
1102,362,0.125
1102,607,0.125
1102,745,0.125
1102,846,0.125
1102,856,0.125
1102,1051,0.125
1103,214,0.16666666666666666
1103,371,0.16666666666666666
1103,681,0.16666666666666666
1103,814,0.16666666666666666
1103,1021,0.16666666666666666
1103,1028,0.16666666666666666
1106,20,0.14285714285714285
1106,229,0.14285714285714285
1106,332,0.14285714285714285
1106,610,0.14285714285714285
1106,618,0.14285714285714285
1106,682,0.14285714285714285
1106,942,0.14285714285714285
1108,385,0.5
1108,1099,0.5
1109,4,0.017857142857142856
1109,10,0.017857142857142856
1109,64,0.017857142857142856
1109,67,0.017857142857142856
1109,79,0.017857142857142856
1109,82,0.017857142857142856
1109,87,0.017857142857142856
1109,96,0.017857142857142856
1109,108,0.017857142857142856
1109,112,0.017857142857142856
1109,153,0.017857142857142856
1109,171,0.017857142857142856
1109,176,0.017857142857142856
1109,206,0.017857142857142856
1109,224,0.017857142857142856
1109,241,0.017857142857142856
1109,244,0.017857142857142856
1109,256,0.017857142857142856
1109,348,0.017857142857142856
1109,369,0.017857142857142856
1109,391,0.017857142857142856
1109,422,0.017857142857142856
1109,423,0.017857142857142856
1109,432,0.017857142857142856
1109,455,0.017857142857142856
1109,533,0.017857142857142856
1109,548,0.017857142857142856
1109,567,0.017857142857142856
1109,588,0.017857142857142856
1109,641,0.017857142857142856
1109,646,0.017857142857142856
1109,663,0.017857142857142856
1109,674,0.017857142857142856
1109,692,0.017857142857142856
1109,698,0.017857142857142856
1109,701,0.017857142857142856
1109,768,0.017857142857142856
1109,822,0.017857142857142856
1109,826,0.017857142857142856
1109,827,0.017857142857142856
1109,851,0.017857142857142856
1109,853,0.017857142857142856
1109,863,0.017857142857142856
1109,873,0.017857142857142856
1109,913,0.017857142857142856
1109,923,0.017857142857142856
1109,996,0.017857142857142856
1109,1017,0.017857142857142856
1109,1031,0.017857142857142856
1109,1050,0.017857142857142856
1109,1110,0.017857142857142856
1109,1135,0.017857142857142856
1109,1141,0.017857142857142856
1109,1163,0.017857142857142856
1109,1165,0.017857142857142856
1109,1166,0.017857142857142856
1110,64,0.125
1110,112,0.125
1110,432,0.125
1110,663,0.125
1110,796,0.125
1110,1021,0.125
1110,1037,0.125
1110,1165,0.125
1111,34,0.020833333333333332
1111,36,0.020833333333333332
1111,135,0.020833333333333332
1111,143,0.020833333333333332
1111,147,0.020833333333333332
1111,172,0.020833333333333332
1111,199,0.020833333333333332
1111,212,0.020833333333333332
1111,262,0.020833333333333332
1111,339,0.020833333333333332
1111,350,0.020833333333333332
1111,433,0.020833333333333332
1111,459,0.020833333333333332
1111,476,0.020833333333333332
1111,497,0.020833333333333332
1111,545,0.020833333333333332
1111,555,0.020833333333333332
1111,557,0.020833333333333332
1111,563,0.020833333333333332
1111,574,0.020833333333333332
1111,588,0.020833333333333332
1111,589,0.020833333333333332
1111,629,0.020833333333333332
1111,651,0.020833333333333332
1111,676,0.020833333333333332
1111,684,0.020833333333333332
1111,719,0.020833333333333332
1111,760,0.020833333333333332
1111,773,0.020833333333333332
1111,777,0.020833333333333332
1111,778,0.020833333333333332
1111,806,0.020833333333333332
1111,808,0.020833333333333332
1111,822,0.020833333333333332
1111,831,0.020833333333333332
1111,836,0.020833333333333332
1111,869,0.020833333333333332
1111,879,0.020833333333333332
1111,983,0.020833333333333332
1111,1038,0.020833333333333332
1111,1048,0.020833333333333332
1111,1084,0.020833333333333332
1111,1123,0.020833333333333332
1111,1145,0.020833333333333332
1111,1154,0.020833333333333332
1111,1164,0.020833333333333332
1111,1167,0.020833333333333332
1111,1169,0.020833333333333332
1112,892,0.3333333333333333
1112,977,0.3333333333333333
1112,1071,0.3333333333333333
1114,151,0.125
1114,265,0.125
1114,532,0.125
1114,595,0.125
1114,626,0.125
1114,636,0.125
1114,637,0.125
1114,1116,0.125
1119,4,0.0625
1119,57,0.0625
1119,61,0.0625
1119,110,0.0625
1119,270,0.0625
1119,280,0.0625
1119,292,0.0625
1119,539,0.0625
1119,543,0.0625
1119,655,0.0625
1119,690,0.0625
1119,867,0.0625
1119,886,0.0625
1119,973,0.0625
1119,987,0.0625
1119,995,0.0625
1122,58,0.016666666666666666
1122,64,0.016666666666666666
1122,83,0.016666666666666666
1122,117,0.016666666666666666
1122,137,0.016666666666666666
1122,140,0.016666666666666666
1122,171,0.016666666666666666
1122,194,0.016666666666666666
1122,208,0.016666666666666666
1122,212,0.016666666666666666
1122,222,0.016666666666666666
1122,263,0.016666666666666666
1122,272,0.016666666666666666
1122,286,0.016666666666666666
1122,340,0.016666666666666666
1122,350,0.016666666666666666
1122,360,0.016666666666666666
1122,385,0.016666666666666666
1122,388,0.016666666666666666
1122,408,0.016666666666666666
1122,454,0.016666666666666666
1122,491,0.016666666666666666
1122,495,0.016666666666666666
1122,511,0.016666666666666666
1122,519,0.016666666666666666
1122,544,0.016666666666666666
1122,574,0.016666666666666666
1122,586,0.016666666666666666
1122,593,0.016666666666666666
1122,632,0.016666666666666666
1122,651,0.016666666666666666
1122,661,0.016666666666666666
1122,672,0.016666666666666666
1122,747,0.016666666666666666
1122,760,0.016666666666666666
1122,764,0.016666666666666666
1122,789,0.016666666666666666
1122,791,0.016666666666666666
1122,809,0.016666666666666666
1122,816,0.016666666666666666
1122,822,0.016666666666666666
1122,824,0.016666666666666666
1122,826,0.016666666666666666
1122,833,0.016666666666666666
1122,852,0.016666666666666666
1122,879,0.016666666666666666
1122,932,0.016666666666666666
1122,967,0.016666666666666666
1122,972,0.016666666666666666
1122,1034,0.016666666666666666
1122,1048,0.016666666666666666
1122,1079,0.016666666666666666
1122,1099,0.016666666666666666
1122,1108,0.016666666666666666
1122,1111,0.016666666666666666
1122,1123,0.016666666666666666
1122,1133,0.016666666666666666
1122,1142,0.016666666666666666
1122,1154,0.016666666666666666
1122,1164,0.016666666666666666
1123,3,0.2
1123,164,0.2
1123,269,0.2
1123,811,0.2
1123,1145,0.2
1125,679,0.5
1125,693,0.5
1129,179,0.14285714285714285
1129,182,0.14285714285714285
1129,409,0.14285714285714285
1129,483,0.14285714285714285
1129,649,0.14285714285714285
1129,761,0.14285714285714285
1129,883,0.14285714285714285
1131,117,0.05263157894736842
1131,212,0.05263157894736842
1131,263,0.05263157894736842
1131,350,0.05263157894736842
1131,360,0.05263157894736842
1131,385,0.05263157894736842
1131,760,0.05263157894736842
1131,764,0.05263157894736842
1131,791,0.05263157894736842
1131,809,0.05263157894736842
1131,879,0.05263157894736842
1131,932,0.05263157894736842
1131,1048,0.05263157894736842
1131,1079,0.05263157894736842
1131,1099,0.05263157894736842
1131,1123,0.05263157894736842
1131,1142,0.05263157894736842
1131,1154,0.05263157894736842
1131,1164,0.05263157894736842
1132,303,0.1111111111111111
1132,306,0.1111111111111111
1132,335,0.1111111111111111
1132,416,0.1111111111111111
1132,443,0.1111111111111111
1132,520,0.1111111111111111
1132,552,0.1111111111111111
1132,611,0.1111111111111111
1132,774,0.1111111111111111
1133,492,0.16666666666666666
1133,501,0.16666666666666666
1133,523,0.16666666666666666
1133,822,0.16666666666666666
1133,959,0.16666666666666666
1133,1164,0.16666666666666666
1134,322,0.5
1134,862,0.5
1135,109,0.045454545454545456
1135,125,0.045454545454545456
1135,130,0.045454545454545456
1135,186,0.045454545454545456
1135,193,0.045454545454545456
1135,202,0.045454545454545456
1135,245,0.045454545454545456
1135,271,0.045454545454545456
1135,336,0.045454545454545456
1135,407,0.045454545454545456
1135,413,0.045454545454545456
1135,417,0.045454545454545456
1135,475,0.045454545454545456
1135,506,0.045454545454545456
1135,524,0.045454545454545456
1135,588,0.045454545454545456
1135,592,0.045454545454545456
1135,706,0.045454545454545456
1135,735,0.045454545454545456
1135,924,0.045454545454545456
1135,974,0.045454545454545456
1135,1056,0.045454545454545456
1141,13,0.1111111111111111
1141,14,0.1111111111111111
1141,263,0.1111111111111111
1141,395,0.1111111111111111
1141,468,0.1111111111111111
1141,514,0.1111111111111111
1141,823,0.1111111111111111
1141,980,0.1111111111111111
1141,1066,0.1111111111111111
1142,764,0.5
1142,791,0.5
1145,147,0.5
1145,1026,0.5
1147,263,0.5
1147,549,0.5
1149,201,1.0
1151,83,0.2
1151,568,0.2
1151,738,0.2
1151,823,0.2
1151,1141,0.2
1154,212,0.14285714285714285
1154,350,0.14285714285714285
1154,760,0.14285714285714285
1154,879,0.14285714285714285
1154,1048,0.14285714285714285
1154,1123,0.14285714285714285
1154,1164,0.14285714285714285
1155,393,0.08333333333333333
1155,456,0.08333333333333333
1155,575,0.08333333333333333
1155,602,0.08333333333333333
1155,686,0.08333333333333333
1155,734,0.08333333333333333
1155,871,0.08333333333333333
1155,881,0.08333333333333333
1155,964,0.08333333333333333
1155,1003,0.08333333333333333
1155,1134,0.08333333333333333
1155,1143,0.08333333333333333
1156,393,1.0
1158,503,0.5
1158,1095,0.5
1163,10,0.034482758620689655
1163,83,0.034482758620689655
1163,96,0.034482758620689655
1163,109,0.034482758620689655
1163,120,0.034482758620689655
1163,125,0.034482758620689655
1163,130,0.034482758620689655
1163,186,0.034482758620689655
1163,193,0.034482758620689655
1163,202,0.034482758620689655
1163,245,0.034482758620689655
1163,271,0.034482758620689655
1163,336,0.034482758620689655
1163,407,0.034482758620689655
1163,413,0.034482758620689655
1163,417,0.034482758620689655
1163,475,0.034482758620689655
1163,506,0.034482758620689655
1163,524,0.034482758620689655
1163,588,0.034482758620689655
1163,592,0.034482758620689655
1163,706,0.034482758620689655
1163,735,0.034482758620689655
1163,738,0.034482758620689655
1163,823,0.034482758620689655
1163,924,0.034482758620689655
1163,974,0.034482758620689655
1163,1056,0.034482758620689655
1163,1141,0.034482758620689655
1164,492,0.1111111111111111
1164,523,0.1111111111111111
1164,840,0.1111111111111111
1164,862,0.1111111111111111
1164,879,0.1111111111111111
1164,959,0.1111111111111111
1164,971,0.1111111111111111
1164,975,0.1111111111111111
1164,1048,0.1111111111111111
1165,64,0.16666666666666666
1165,112,0.16666666666666666
1165,432,0.16666666666666666
1165,445,0.16666666666666666
1165,663,0.16666666666666666
1165,814,0.16666666666666666
1166,64,0.058823529411764705
1166,82,0.058823529411764705
1166,96,0.058823529411764705
1166,112,0.058823529411764705
1166,153,0.058823529411764705
1166,423,0.058823529411764705
1166,432,0.058823529411764705
1166,641,0.058823529411764705
1166,663,0.058823529411764705
1166,698,0.058823529411764705
1166,768,0.058823529411764705
1166,826,0.058823529411764705
1166,873,0.058823529411764705
1166,923,0.058823529411764705
1166,1050,0.058823529411764705
1166,1110,0.058823529411764705
1166,1165,0.058823529411764705
1167,5,0.05263157894736842
1167,36,0.05263157894736842
1167,59,0.05263157894736842
1167,143,0.05263157894736842
1167,167,0.05263157894736842
1167,219,0.05263157894736842
1167,342,0.05263157894736842
1167,459,0.05263157894736842
1167,684,0.05263157894736842
1167,724,0.05263157894736842
1167,778,0.05263157894736842
1167,791,0.05263157894736842
1167,808,0.05263157894736842
1167,834,0.05263157894736842
1167,900,0.05263157894736842
1167,910,0.05263157894736842
1167,918,0.05263157894736842
1167,1048,0.05263157894736842
1167,1097,0.05263157894736842
1168,34,0.03571428571428571
1168,62,0.03571428571428571
1168,67,0.03571428571428571
1168,71,0.03571428571428571
1168,77,0.03571428571428571
1168,79,0.03571428571428571
1168,121,0.03571428571428571
1168,141,0.03571428571428571
1168,152,0.03571428571428571
1168,190,0.03571428571428571
1168,211,0.03571428571428571
1168,213,0.03571428571428571
1168,273,0.03571428571428571
1168,383,0.03571428571428571
1168,404,0.03571428571428571
1168,477,0.03571428571428571
1168,513,0.03571428571428571
1168,560,0.03571428571428571
1168,646,0.03571428571428571
1168,822,0.03571428571428571
1168,894,0.03571428571428571
1168,925,0.03571428571428571
1168,950,0.03571428571428571
1168,1017,0.03571428571428571
1168,1066,0.03571428571428571
1168,1125,0.03571428571428571
1168,1156,0.03571428571428571
1168,1165,0.03571428571428571
1169,258,0.3333333333333333
1169,347,0.3333333333333333
1169,936,0.3333333333333333
1171,41,0.08333333333333333
1171,135,0.08333333333333333
1171,167,0.08333333333333333
1171,219,0.08333333333333333
1171,316,0.08333333333333333
1171,324,0.08333333333333333
1171,563,0.08333333333333333
1171,724,0.08333333333333333
1171,834,0.08333333333333333
1171,843,0.08333333333333333
1171,900,0.08333333333333333
1171,918,0.08333333333333333
1173,360,0.1
1173,385,0.1
1173,495,0.1
1173,553,0.1
1173,562,0.1
1173,809,0.1
1173,878,0.1
1173,932,0.1
1173,1031,0.1
1173,1096,0.1
1175,723,0.5
1175,1146,0.5
